machine_id,machine_type,cycle,cycle_time,defect,maintenance_event,maintenance_action,downtime_event,active_batch_id
M1,tool_wear_machine,1,10.082484354667763,0,0,,,
M2,calibration_drift_machine,1,10.199465584480253,0,0,,,
M3,healthy_control_machine,1,9.81004270591206,0,0,,,
M4,bearing_degradation_machine,1,10.016396102906116,0,0,,0.0,
M5,material_batch_machine,1,9.973641990530222,0,0,,,B100
M1,tool_wear_machine,2,10.134464781597265,0,0,,,
M2,calibration_drift_machine,2,9.727870247631998,0,0,,,
M3,healthy_control_machine,2,9.739030955791169,0,0,,,
M4,bearing_degradation_machine,2,10.03984621543531,0,0,,0.0,
M5,material_batch_machine,2,9.997106146066763,1,0,,,B100
M1,tool_wear_machine,3,10.22902400572199,0,0,,,
M2,calibration_drift_machine,3,9.887026645653647,0,0,,,
M3,healthy_control_machine,3,9.810912673315316,0,0,,,
M4,bearing_degradation_machine,3,10.060248340609087,0,0,,0.0,
M5,material_batch_machine,3,9.727136373346323,0,0,,,B100
M1,tool_wear_machine,4,10.29234464310336,0,0,,,
M2,calibration_drift_machine,4,9.914051996016154,0,0,,,
M3,healthy_control_machine,4,9.784554534984858,0,0,,,
M4,bearing_degradation_machine,4,10.069441150907963,0,0,,0.0,
M5,material_batch_machine,4,10.137404300824592,0,0,,,B100
M1,tool_wear_machine,5,10.336787322207405,0,0,,,
M2,calibration_drift_machine,5,10.217862055525357,0,0,,,
M3,healthy_control_machine,5,9.738135010171614,0,0,,,
M4,bearing_degradation_machine,5,10.08264408406039,0,0,,0.0,
M5,material_batch_machine,5,10.156471029170138,0,0,,,B100
M1,tool_wear_machine,6,10.42304535300468,0,0,,,
M2,calibration_drift_machine,6,9.95652461101513,0,0,,,
M3,healthy_control_machine,6,9.71885751141204,0,0,,,
M4,bearing_degradation_machine,6,10.095673779757613,0,0,,0.0,
M5,material_batch_machine,6,9.746187945897276,0,0,,,B100
M1,tool_wear_machine,7,10.47271863023992,0,0,,,
M2,calibration_drift_machine,7,10.080042253906255,0,0,,,
M3,healthy_control_machine,7,9.811942035331622,0,0,,,
M4,bearing_degradation_machine,7,10.112303255628262,0,0,,0.0,
M5,material_batch_machine,7,10.190808859553496,0,0,,,B100
M1,tool_wear_machine,8,10.51313575807179,0,0,,,
M2,calibration_drift_machine,8,9.833264686282439,0,0,,,
M3,healthy_control_machine,8,10.265745822347512,0,0,,,
M4,bearing_degradation_machine,8,10.128603905576156,0,0,,0.0,
M5,material_batch_machine,8,9.880526985890063,0,0,,,B100
M1,tool_wear_machine,9,10.555348974913063,0,0,,,
M2,calibration_drift_machine,9,9.730887250749994,0,0,,,
M3,healthy_control_machine,9,9.843737134400184,0,0,,,
M4,bearing_degradation_machine,9,10.144435149740598,0,0,,0.0,
M5,material_batch_machine,9,9.920669879631552,0,0,,,B100
M1,tool_wear_machine,10,10.633360757558716,0,0,,,
M2,calibration_drift_machine,10,10.201181497353543,0,0,,,
M3,healthy_control_machine,10,9.724465084932858,0,0,,,
M4,bearing_degradation_machine,10,10.163276179530074,0,0,,0.0,
M5,material_batch_machine,10,9.932041207780323,0,0,,,B100
M1,tool_wear_machine,11,10.681612014207476,0,0,,,
M2,calibration_drift_machine,11,10.254816170967137,0,0,,,
M3,healthy_control_machine,11,10.095990427620507,0,0,,,
M4,bearing_degradation_machine,11,10.180159392515666,0,0,,0.0,
M5,material_batch_machine,11,9.90341787462922,0,0,,,B100
M1,tool_wear_machine,12,10.76516935493969,0,0,,,
M2,calibration_drift_machine,12,10.167925327514574,0,0,,,
M3,healthy_control_machine,12,9.796977228456768,0,0,,,
M4,bearing_degradation_machine,12,10.197862257470218,0,0,,0.0,
M5,material_batch_machine,12,10.115137118615616,0,0,,,B100
M1,tool_wear_machine,13,10.818625513507325,0,0,,,
M2,calibration_drift_machine,13,9.895239818895561,0,0,,,
M3,healthy_control_machine,13,10.209534046296508,0,0,,,
M4,bearing_degradation_machine,13,10.214955195123586,0,0,,0.0,
M5,material_batch_machine,13,10.235227933106268,0,0,,,B100
M1,tool_wear_machine,14,10.906314191719822,0,0,,,
M2,calibration_drift_machine,14,9.995510616291318,0,0,,,
M3,healthy_control_machine,14,9.868463417464513,0,0,,,
M4,bearing_degradation_machine,14,10.2332827518581,0,0,,0.0,
M5,material_batch_machine,14,10.256991137552635,0,0,,,B100
M1,tool_wear_machine,15,11.004313480862443,0,0,,,
M2,calibration_drift_machine,15,9.876669335241752,0,0,,,
M3,healthy_control_machine,15,9.890153203093767,0,0,,,
M4,bearing_degradation_machine,15,10.250191572057435,0,0,,0.0,
M5,material_batch_machine,15,9.784050409141914,0,0,,,B100
M1,tool_wear_machine,16,11.09695586517812,0,0,,,
M2,calibration_drift_machine,16,10.121490450392265,0,0,,,
M3,healthy_control_machine,16,10.185616693287109,0,0,,,
M4,bearing_degradation_machine,16,10.272064729154716,0,0,,0.0,
M5,material_batch_machine,16,10.17747560166166,0,0,,,B100
M1,tool_wear_machine,17,11.157235574589214,0,0,,,
M2,calibration_drift_machine,17,10.046968084597705,0,0,,,
M3,healthy_control_machine,17,10.025586780824545,0,0,,,
M4,bearing_degradation_machine,17,10.28951806132382,0,0,,0.0,
M5,material_batch_machine,17,10.161996131859166,0,0,,,B100
M1,tool_wear_machine,18,11.234609003138353,0,0,,,
M2,calibration_drift_machine,18,10.01881277894089,0,0,,,
M3,healthy_control_machine,18,10.135654800233597,0,0,,,
M4,bearing_degradation_machine,18,10.30577886689664,0,0,,0.0,
M5,material_batch_machine,18,10.277589048806755,0,0,,,B100
M1,tool_wear_machine,19,11.316367455503975,0,0,,,
M2,calibration_drift_machine,19,9.793862225602652,0,0,,,
M3,healthy_control_machine,19,10.128757553620037,0,0,,,
M4,bearing_degradation_machine,19,10.318257809247775,0,0,,0.0,
M5,material_batch_machine,19,9.913583607190757,0,0,,,B100
M1,tool_wear_machine,20,11.357231064821761,0,0,,,
M2,calibration_drift_machine,20,9.724437281391381,0,0,,,
M3,healthy_control_machine,20,9.984504297452395,0,0,,,
M4,bearing_degradation_machine,20,10.334123663249644,0,0,,0.0,
M5,material_batch_machine,20,9.727182405863227,0,0,,,B100
M1,tool_wear_machine,21,11.434782659764615,0,0,,,
M2,calibration_drift_machine,21,10.095216178971366,0,0,,,
M3,healthy_control_machine,21,10.085451566923789,0,0,,,
M4,bearing_degradation_machine,21,10.35149607255002,0,0,,0.0,
M5,material_batch_machine,21,10.264878885265915,0,0,,,B100
M1,tool_wear_machine,22,11.53245409359405,0,0,,,
M2,calibration_drift_machine,22,9.7416167805251,0,0,,,
M3,healthy_control_machine,22,9.756665776453557,0,0,,,
M4,bearing_degradation_machine,22,10.360635090925383,0,0,,0.0,
M5,material_batch_machine,22,10.11804229921849,0,0,,,B100
M1,tool_wear_machine,23,11.625102414405672,0,0,,,
M2,calibration_drift_machine,23,9.869220743542783,0,0,,,
M3,healthy_control_machine,23,10.184100843560358,0,0,,,
M4,bearing_degradation_machine,23,10.375236973755966,0,0,,0.0,
M5,material_batch_machine,23,10.150522640674899,0,0,,,B100
M1,tool_wear_machine,24,11.671289846535828,0,0,,,
M2,calibration_drift_machine,24,10.195874479664646,0,0,,,
M3,healthy_control_machine,24,9.933521007240499,1,0,,,
M4,bearing_degradation_machine,24,10.397723085378674,0,0,,0.0,
M5,material_batch_machine,24,9.969067313186992,0,0,,,B100
M1,tool_wear_machine,25,11.731009719258024,0,0,,,
M2,calibration_drift_machine,25,10.174947426235509,0,0,,,
M3,healthy_control_machine,25,9.996652182821549,0,0,,,
M4,bearing_degradation_machine,25,10.414515547495855,0,0,,0.0,
M5,material_batch_machine,25,10.070930837989756,0,0,,,B100
M1,tool_wear_machine,26,11.776056127624923,0,0,,,
M2,calibration_drift_machine,26,10.193116035574214,0,0,,,
M3,healthy_control_machine,26,9.750902628451115,0,0,,,
M4,bearing_degradation_machine,26,10.428503880227952,0,0,,0.0,
M5,material_batch_machine,26,9.7501004300192,0,0,,,B100
M1,tool_wear_machine,27,11.849560382609072,0,0,,,
M2,calibration_drift_machine,27,9.76671848938369,0,0,,,
M3,healthy_control_machine,27,9.981196385196476,0,0,,,
M4,bearing_degradation_machine,27,10.43840496688824,0,0,,0.0,
M5,material_batch_machine,27,9.871427251769116,0,0,,,B100
M1,tool_wear_machine,28,11.902976132920239,0,0,,,
M2,calibration_drift_machine,28,10.281927296024584,0,0,,,
M3,healthy_control_machine,28,10.01662066545178,0,0,,,
M4,bearing_degradation_machine,28,10.447585711924008,0,0,,0.0,
M5,material_batch_machine,28,10.076534848050438,0,0,,,B100
M1,tool_wear_machine,29,11.997045613549698,0,0,,,
M2,calibration_drift_machine,29,10.270246890445936,0,0,,,
M3,healthy_control_machine,29,10.072079558680922,0,0,,,
M4,bearing_degradation_machine,29,10.458595650479587,0,0,,0.0,
M5,material_batch_machine,29,10.118897028411848,0,0,,,B100
M1,tool_wear_machine,30,12.055617270526877,0,0,,,
M2,calibration_drift_machine,30,9.797570163606935,0,0,,,
M3,healthy_control_machine,30,10.269879947975154,0,0,,,
M4,bearing_degradation_machine,30,10.47641029361456,0,0,,0.0,
M5,material_batch_machine,30,10.1863319984691,0,0,,,B100
M1,tool_wear_machine,31,12.104642283993089,0,0,,,
M2,calibration_drift_machine,31,10.281948638688762,0,0,,,
M3,healthy_control_machine,31,9.981215895876982,0,0,,,
M4,bearing_degradation_machine,31,10.488784806765452,0,0,,0.0,
M5,material_batch_machine,31,10.161392449108305,0,0,,,B100
M1,tool_wear_machine,32,12.195621127433734,0,0,,,
M2,calibration_drift_machine,32,9.777495649090897,0,0,,,
M3,healthy_control_machine,32,9.837185683302078,0,0,,,
M4,bearing_degradation_machine,32,10.506674858612778,0,0,,0.0,
M5,material_batch_machine,32,10.211308900191124,0,0,,,B100
M1,tool_wear_machine,33,12.269277405725857,0,0,,,
M2,calibration_drift_machine,33,9.780409137070384,0,0,,,
M3,healthy_control_machine,33,10.072185730812079,0,0,,,
M4,bearing_degradation_machine,33,10.51808228519692,0,0,,0.0,
M5,material_batch_machine,33,10.242495216696248,0,0,,,B100
M1,tool_wear_machine,34,12.340116775075446,0,0,,,
M2,calibration_drift_machine,34,10.073252020136724,0,0,,,
M3,healthy_control_machine,34,9.788244088557423,0,0,,,
M4,bearing_degradation_machine,34,10.533956145886194,0,0,,0.0,
M5,material_batch_machine,34,9.844087371266916,1,0,,,B100
M1,tool_wear_machine,35,12.387849558390084,0,0,,,
M2,calibration_drift_machine,35,9.783296303589646,0,0,,,
M3,healthy_control_machine,35,9.907400369994319,0,0,,,
M4,bearing_degradation_machine,35,10.5495395321304,0,0,,0.0,
M5,material_batch_machine,35,9.806206290566049,0,0,,,B100
M1,tool_wear_machine,36,12.43508771065612,0,0,,,
M2,calibration_drift_machine,36,9.918561916628846,0,0,,,
M3,healthy_control_machine,36,9.72358728390466,0,0,,,
M4,bearing_degradation_machine,36,10.567585938362253,0,0,,0.0,
M5,material_batch_machine,36,10.148955814230195,0,0,,,B100
M1,tool_wear_machine,37,12.487648670056323,0,0,,,
M2,calibration_drift_machine,37,10.070952862918178,0,0,,,
M3,healthy_control_machine,37,10.148482562880254,0,0,,,
M4,bearing_degradation_machine,37,10.579624929471757,0,0,,0.0,
M5,material_batch_machine,37,10.019570359873015,0,0,,,B100
M1,tool_wear_machine,38,12.543803263913286,0,0,,,
M2,calibration_drift_machine,38,9.893247499349908,0,0,,,
M3,healthy_control_machine,38,9.77185727909155,0,0,,,
M4,bearing_degradation_machine,38,10.597122408728623,0,0,,0.0,
M5,material_batch_machine,38,10.147263684510598,0,0,,,B100
M1,tool_wear_machine,39,12.591458082081019,0,0,,,
M2,calibration_drift_machine,39,10.087550344798961,0,0,,,
M3,healthy_control_machine,39,10.291909149275789,0,0,,,
M4,bearing_degradation_machine,39,10.608918037396398,0,0,,0.0,
M5,material_batch_machine,39,9.804024157176853,0,0,,,B100
M1,tool_wear_machine,40,12.636272106820718,0,0,,,
M2,calibration_drift_machine,40,10.289427170145164,0,0,,,
M3,healthy_control_machine,40,10.281682259965221,0,0,,,
M4,bearing_degradation_machine,40,10.629991190531587,0,0,,0.0,
M5,material_batch_machine,40,9.86798745619617,0,0,,,B100
M1,tool_wear_machine,41,12.68749473173417,0,0,,,
M2,calibration_drift_machine,41,10.004566227210674,0,0,,,
M3,healthy_control_machine,41,10.066372025464979,0,0,,,
M4,bearing_degradation_machine,41,10.647291002074349,0,0,,0.0,
M5,material_batch_machine,41,9.73802498228366,0,0,,,B100
M1,tool_wear_machine,42,12.746835962432652,0,0,,,
M2,calibration_drift_machine,42,10.108901633334357,0,0,,,
M3,healthy_control_machine,42,9.982945713130094,0,0,,,
M4,bearing_degradation_machine,42,10.660872894339036,0,0,,0.0,
M5,material_batch_machine,42,9.808739839699395,1,0,,,B100
M1,tool_wear_machine,43,12.831303201390057,0,0,,,
M2,calibration_drift_machine,43,9.783863425975774,0,0,,,
M3,healthy_control_machine,43,9.798193565719423,0,0,,,
M4,bearing_degradation_machine,43,10.68190608986274,0,0,,0.0,
M5,material_batch_machine,43,9.96348094514213,0,0,,,B100
M1,tool_wear_machine,44,12.899063988530234,0,0,,,
M2,calibration_drift_machine,44,10.001632234055487,0,0,,,
M3,healthy_control_machine,44,9.930334732823926,0,0,,,
M4,bearing_degradation_machine,44,10.704409643638172,0,0,,0.0,
M5,material_batch_machine,44,10.176415113562177,0,0,,,B100
M1,tool_wear_machine,45,12.971071654048812,0,0,,,
M2,calibration_drift_machine,45,9.791004927839651,0,0,,,
M3,healthy_control_machine,45,10.146367775543606,0,0,,,
M4,bearing_degradation_machine,45,10.721527878596113,0,0,,0.0,
M5,material_batch_machine,45,9.776493197399189,0,0,,,B100
M1,tool_wear_machine,46,13.058909375995585,0,0,,,
M2,calibration_drift_machine,46,10.13335154103584,0,0,,,
M3,healthy_control_machine,46,10.11636906668026,0,0,,,
M4,bearing_degradation_machine,46,10.733556663538623,0,0,,0.0,
M5,material_batch_machine,46,10.268370003767089,0,0,,,B100
M1,tool_wear_machine,47,13.134083165916593,0,0,,,
M2,calibration_drift_machine,47,9.710866110292505,0,0,,,
M3,healthy_control_machine,47,10.039079910153525,0,0,,,
M4,bearing_degradation_machine,47,10.75631665363746,0,0,,0.0,
M5,material_batch_machine,47,10.26062020886141,0,0,,,B100
M1,tool_wear_machine,48,13.201133528200842,0,0,,,
M2,calibration_drift_machine,48,10.20333885186756,0,0,,,
M3,healthy_control_machine,48,10.221937817237277,0,0,,,
M4,bearing_degradation_machine,48,10.77377706060938,1,0,,0.0,
M5,material_batch_machine,48,9.938901216154566,0,0,,,B100
M1,tool_wear_machine,49,13.296324865185607,0,0,,,
M2,calibration_drift_machine,49,10.14250074886585,0,0,,,
M3,healthy_control_machine,49,9.971463709679616,0,0,,,
M4,bearing_degradation_machine,49,10.784599252393479,0,0,,0.0,
M5,material_batch_machine,49,9.707856673953,0,0,,,B100
M1,tool_wear_machine,50,13.347007023197792,0,0,,,
M2,calibration_drift_machine,50,9.948774474236215,0,0,,,
M3,healthy_control_machine,50,10.001317006198745,0,0,,,
M4,bearing_degradation_machine,50,10.793672476031695,0,0,,0.0,
M5,material_batch_machine,50,9.983240167065999,0,0,,,B100
M1,tool_wear_machine,51,13.390949541563494,0,0,,,
M2,calibration_drift_machine,51,10.014634161596549,0,0,,,
M3,healthy_control_machine,51,10.035784198784931,0,0,,,
M4,bearing_degradation_machine,51,10.804583326119618,0,0,,0.0,
M5,material_batch_machine,51,9.715231813396207,0,0,,,B100
M1,tool_wear_machine,52,13.473907875294337,0,0,,,
M2,calibration_drift_machine,52,9.833183297159769,0,0,,,
M3,healthy_control_machine,52,9.711826322652618,0,0,,,
M4,bearing_degradation_machine,52,10.82538198348559,0,0,,0.0,
M5,material_batch_machine,52,10.213417880863771,0,0,,,B100
M1,tool_wear_machine,53,13.537738887071445,0,0,,,
M2,calibration_drift_machine,53,9.875888638156608,0,0,,,
M3,healthy_control_machine,53,9.751305118512681,0,0,,,
M4,bearing_degradation_machine,53,10.83380649874757,0,0,,0.0,
M5,material_batch_machine,53,9.855654060058775,0,0,,,B100
M1,tool_wear_machine,54,13.613156583622333,0,0,,,
M2,calibration_drift_machine,54,9.945646991314744,0,0,,,
M3,healthy_control_machine,54,9.876679455725151,0,0,,,
M4,bearing_degradation_machine,54,10.854024191454126,0,0,,0.0,
M5,material_batch_machine,54,9.71348158499207,0,0,,,B100
M1,tool_wear_machine,55,13.685654636501985,0,0,,,
M2,calibration_drift_machine,55,9.783613644443694,0,0,,,
M3,healthy_control_machine,55,10.015414109381611,0,0,,,
M4,bearing_degradation_machine,55,10.866381108678436,0,0,,0.0,
M5,material_batch_machine,55,10.090852233011118,0,0,,,B100
M1,tool_wear_machine,56,13.73803991280762,1,0,,,
M2,calibration_drift_machine,56,10.240011185108862,0,0,,,
M3,healthy_control_machine,56,10.060310116260192,0,0,,,
M4,bearing_degradation_machine,56,10.877187049136412,0,0,,0.0,
M5,material_batch_machine,56,10.142820169855822,0,0,,,B100
M1,tool_wear_machine,57,13.814229039375604,0,0,,,
M2,calibration_drift_machine,57,9.87321624206242,0,0,,,
M3,healthy_control_machine,57,9.878273029373904,0,0,,,
M4,bearing_degradation_machine,57,10.892803855571596,0,0,,0.0,
M5,material_batch_machine,57,10.057046758420153,1,0,,,B100
M1,tool_wear_machine,58,13.884011014207678,0,0,,,
M2,calibration_drift_machine,58,10.162547322247493,0,0,,,
M3,healthy_control_machine,58,10.136913253722161,0,0,,,
M4,bearing_degradation_machine,58,10.911818293914441,0,0,,0.0,
M5,material_batch_machine,58,10.054138400121452,0,0,,,B100
M1,tool_wear_machine,59,13.929505938607276,0,0,,,
M2,calibration_drift_machine,59,10.270142412292481,0,0,,,
M3,healthy_control_machine,59,10.025140568427014,0,0,,,
M4,bearing_degradation_machine,59,10.931533892096994,0,0,,0.0,
M5,material_batch_machine,59,9.832725665091761,0,0,,,B100
M1,tool_wear_machine,60,14.026149498988474,1,0,,,
M2,calibration_drift_machine,60,10.255148990449399,0,0,,,
M3,healthy_control_machine,60,10.249292978552825,0,0,,,
M4,bearing_degradation_machine,60,10.950692616372944,0,0,,0.0,
M5,material_batch_machine,60,10.206729639121042,0,0,,,B100
M1,tool_wear_machine,61,14.115884427437514,1,0,,,
M2,calibration_drift_machine,61,9.838005302372622,0,0,,,
M3,healthy_control_machine,61,10.117773265526884,0,0,,,
M4,bearing_degradation_machine,61,10.970288884717403,0,0,,0.0,
M5,material_batch_machine,61,10.231586648941713,0,0,,,B100
M1,tool_wear_machine,62,14.16986199592273,1,0,,,
M2,calibration_drift_machine,62,9.712761646510232,0,0,,,
M3,healthy_control_machine,62,10.263440619107739,0,0,,,
M4,bearing_degradation_machine,62,10.994255830485937,0,0,,0.0,
M5,material_batch_machine,62,10.290450081519577,0,0,,,B100
M1,tool_wear_machine,63,14.234928002852772,0,0,,,
M2,calibration_drift_machine,63,9.843266287460981,0,0,,,
M3,healthy_control_machine,63,9.872343394992448,0,0,,,
M4,bearing_degradation_machine,63,11.005993554502735,0,0,,0.0,
M5,material_batch_machine,63,9.830952332719038,0,0,,,B100
M1,tool_wear_machine,64,14.322108703717705,0,0,,,
M2,calibration_drift_machine,64,10.227470984537298,0,0,,,
M3,healthy_control_machine,64,10.068046833526424,0,0,,,
M4,bearing_degradation_machine,64,11.029852252520927,0,0,,0.0,
M5,material_batch_machine,64,9.805916819203304,0,0,,,B100
M1,tool_wear_machine,65,14.37329499944636,0,0,,,
M2,calibration_drift_machine,65,9.734705605938037,0,0,,,
M3,healthy_control_machine,65,10.256651369917128,0,0,,,
M4,bearing_degradation_machine,65,11.04063457650844,0,0,,0.0,
M5,material_batch_machine,65,9.834290568893573,0,0,,,B100
M1,tool_wear_machine,66,14.448871395536862,0,0,,,
M2,calibration_drift_machine,66,10.226476517578229,0,0,,,
M3,healthy_control_machine,66,10.233248847921386,0,0,,,
M4,bearing_degradation_machine,66,11.062428618384686,0,0,,0.0,
M5,material_batch_machine,66,9.855852270256197,0,0,,,B100
M1,tool_wear_machine,67,14.51862393964159,0,0,,,
M2,calibration_drift_machine,67,10.109955258195757,0,0,,,
M3,healthy_control_machine,67,9.997087916208384,0,0,,,
M4,bearing_degradation_machine,67,11.07990714293924,0,0,,0.0,
M5,material_batch_machine,67,10.178455612964157,0,0,,,B100
M1,tool_wear_machine,68,14.609658843387244,0,0,,,
M2,calibration_drift_machine,68,10.202207997018203,0,0,,,
M3,healthy_control_machine,68,10.07116682692911,0,0,,,
M4,bearing_degradation_machine,68,11.090444824623928,0,0,,0.0,
M5,material_batch_machine,68,10.146104953774964,0,0,,,B100
M1,tool_wear_machine,69,14.698736864834387,0,0,,,
M2,calibration_drift_machine,69,9.7038315230301,0,0,,,
M3,healthy_control_machine,69,10.288711706816454,0,0,,,
M4,bearing_degradation_machine,69,11.102601681920955,0,0,,0.0,
M5,material_batch_machine,69,10.277795202315398,0,0,,,B100
M1,tool_wear_machine,70,14.776694178422424,0,0,,,
M2,calibration_drift_machine,70,10.262337092341872,0,0,,,
M3,healthy_control_machine,70,9.88057814016809,0,0,,,
M4,bearing_degradation_machine,70,11.111679291544455,0,0,,0.0,
M5,material_batch_machine,70,10.281326713171415,0,0,,,B100
M1,tool_wear_machine,71,14.824499352830262,0,0,,,
M2,calibration_drift_machine,71,9.713274130917398,0,0,,,
M3,healthy_control_machine,71,10.162244450684677,0,0,,,
M4,bearing_degradation_machine,71,11.126813734846483,0,0,,0.0,
M5,material_batch_machine,71,10.116209335468893,0,0,,,B100
M1,tool_wear_machine,72,14.869442215567211,0,0,,,
M2,calibration_drift_machine,72,9.863955716198925,0,0,,,
M3,healthy_control_machine,72,9.95940088062556,0,0,,,
M4,bearing_degradation_machine,72,11.1415293719173,0,0,,0.0,
M5,material_batch_machine,72,9.837972763534651,0,0,,,B100
M1,tool_wear_machine,73,14.911310260540283,0,0,,,
M2,calibration_drift_machine,73,10.218614949903783,0,0,,,
M3,healthy_control_machine,73,9.811315309421873,0,0,,,
M4,bearing_degradation_machine,73,11.161954921561968,0,0,,0.0,
M5,material_batch_machine,73,10.252508708689412,0,0,,,B100
M1,tool_wear_machine,74,14.999102497998852,0,0,,,
M2,calibration_drift_machine,74,9.77511147532153,0,0,,,
M3,healthy_control_machine,74,9.820314836020202,0,0,,,
M4,bearing_degradation_machine,74,11.170982264555171,0,0,,0.0,
M5,material_batch_machine,74,9.743468132676735,0,0,,,B100
M1,tool_wear_machine,75,15.06789882808188,0,0,,,
M2,calibration_drift_machine,75,10.116989131675926,0,0,,,
M3,healthy_control_machine,75,9.723771295209014,0,0,,,
M4,bearing_degradation_machine,75,11.180661147409861,0,0,,0.0,
M5,material_batch_machine,75,10.03578921009215,1,0,,,B100
M1,tool_wear_machine,76,15.12748650657652,0,0,,,
M2,calibration_drift_machine,76,9.910376158725509,1,0,,,
M3,healthy_control_machine,76,9.938153965720957,0,0,,,
M4,bearing_degradation_machine,76,11.197741800982048,0,0,,0.0,
M5,material_batch_machine,76,10.123885435892142,1,0,,,B100
M1,tool_wear_machine,77,15.223659241351141,0,0,,,
M2,calibration_drift_machine,77,10.12543631167055,0,0,,,
M3,healthy_control_machine,77,10.181036849841876,0,0,,,
M4,bearing_degradation_machine,77,11.218779002801991,0,0,,0.0,
M5,material_batch_machine,77,10.015841596561668,0,0,,,B100
M1,tool_wear_machine,78,15.268557040272977,0,0,,,
M2,calibration_drift_machine,78,9.795726808067913,0,0,,,
M3,healthy_control_machine,78,10.285519153491478,0,0,,,
M4,bearing_degradation_machine,78,11.229692889453009,0,0,,0.0,
M5,material_batch_machine,78,10.297800349634045,0,0,,,B100
M1,tool_wear_machine,79,15.347576581453794,0,0,,,
M2,calibration_drift_machine,79,9.743319045387505,1,0,,,
M3,healthy_control_machine,79,9.97757377404359,0,0,,,
M4,bearing_degradation_machine,79,11.249327594569271,0,0,,0.0,
M5,material_batch_machine,79,10.220218897673469,0,0,,,B100
M1,tool_wear_machine,80,15.413893506605168,0,0,,,
M2,calibration_drift_machine,80,10.224053942848997,0,0,,,
M3,healthy_control_machine,80,9.86609667834103,0,0,,,
M4,bearing_degradation_machine,80,11.271925408099138,0,0,,0.0,
M5,material_batch_machine,80,10.245419512399385,0,0,,,B100
M1,tool_wear_machine,81,15.468146106100601,0,0,,,
M2,calibration_drift_machine,81,10.212631056021747,0,0,,,
M3,healthy_control_machine,81,10.222449940763507,0,0,,,
M4,bearing_degradation_machine,81,11.288162485762014,0,0,,0.0,
M5,material_batch_machine,81,10.094041998724775,0,0,,,B100
M1,tool_wear_machine,82,15.554554493641797,0,0,,,
M2,calibration_drift_machine,82,9.972273724830183,0,0,,,
M3,healthy_control_machine,82,9.801854743052525,0,0,,,
M4,bearing_degradation_machine,82,11.301554536584913,0,0,,0.0,
M5,material_batch_machine,82,9.800571529772991,1,0,,,B100
M1,tool_wear_machine,83,15.638738614545735,0,0,,,
M2,calibration_drift_machine,83,10.206502269381518,0,0,,,
M3,healthy_control_machine,83,10.220962768307956,0,0,,,
M4,bearing_degradation_machine,83,11.311345250495277,0,0,,0.0,
M5,material_batch_machine,83,9.971319416970061,0,0,,,B100
M1,tool_wear_machine,84,15.69770798084434,0,0,,,
M2,calibration_drift_machine,84,9.789005920577253,0,0,,,
M3,healthy_control_machine,84,9.702963988560645,0,0,,,
M4,bearing_degradation_machine,84,11.329571169500326,0,0,,0.0,
M5,material_batch_machine,84,9.717984153923608,0,0,,,B100
M1,tool_wear_machine,85,15.77998882660854,0,0,,,
M2,calibration_drift_machine,85,10.281947227664363,0,0,,,
M3,healthy_control_machine,85,9.966250131582743,0,0,,,
M4,bearing_degradation_machine,85,11.340405566131484,0,0,,0.0,
M5,material_batch_machine,85,10.221342990687232,0,0,,,B100
M1,tool_wear_machine,86,15.82181205019035,0,0,,,
M2,calibration_drift_machine,86,10.105908031466347,0,0,,,
M3,healthy_control_machine,86,9.936318643392495,0,0,,,
M4,bearing_degradation_machine,86,11.350111054616411,0,0,,0.0,
M5,material_batch_machine,86,10.169431290434964,0,0,,,B100
M1,tool_wear_machine,87,15.90611900274543,0,0,,,
M2,calibration_drift_machine,87,9.896219896937943,0,0,,,
M3,healthy_control_machine,87,10.15737108086597,0,0,,,
M4,bearing_degradation_machine,87,11.365080387653418,0,0,,0.0,
M5,material_batch_machine,87,9.937703614965553,0,0,,,B100
M1,tool_wear_machine,88,15.96943248882165,0,0,,,
M2,calibration_drift_machine,88,9.923951074977603,0,0,,,
M3,healthy_control_machine,88,10.062069156028826,0,0,,,
M4,bearing_degradation_machine,88,11.382992233189572,0,0,,0.0,
M5,material_batch_machine,88,9.904748696575695,0,0,,,B100
M1,tool_wear_machine,89,16.033361855675466,0,0,,,
M2,calibration_drift_machine,89,10.064743055676066,0,0,,,
M3,healthy_control_machine,89,10.130873845735897,0,0,,,
M4,bearing_degradation_machine,89,11.391283954512394,0,0,,0.0,
M5,material_batch_machine,89,9.736160434173737,0,0,,,B100
M1,tool_wear_machine,90,16.09445921690984,0,0,,,
M2,calibration_drift_machine,90,9.854065940632305,0,0,,,
M3,healthy_control_machine,90,10.181815538699597,0,0,,,
M4,bearing_degradation_machine,90,11.404264877698889,0,0,,0.0,
M5,material_batch_machine,90,10.10867071237899,0,0,,,B100
M1,tool_wear_machine,91,16.165969019929864,0,0,,,
M2,calibration_drift_machine,91,10.040387331777342,0,0,,,
M3,healthy_control_machine,91,9.990127388031954,0,0,,,
M4,bearing_degradation_machine,91,11.42106850237339,0,0,,0.0,
M5,material_batch_machine,91,9.836847863169359,0,0,,,B100
M1,tool_wear_machine,92,16.242627879260926,0,0,,,
M2,calibration_drift_machine,92,10.240013874038807,0,0,,,
M3,healthy_control_machine,92,10.168315309146317,0,0,,,
M4,bearing_degradation_machine,92,11.44223033146961,0,0,,0.0,
M5,material_batch_machine,92,9.800808524646918,0,0,,,B100
M1,tool_wear_machine,93,16.33439570391352,0,0,,,
M2,calibration_drift_machine,93,9.714183151627802,0,0,,,
M3,healthy_control_machine,93,10.028018447628442,0,0,,,
M4,bearing_degradation_machine,93,11.456484827404097,0,0,,0.0,
M5,material_batch_machine,93,9.95691976895537,0,0,,,B100
M1,tool_wear_machine,94,16.41594187299298,0,0,,,
M2,calibration_drift_machine,94,9.7624657896305,0,0,,,
M3,healthy_control_machine,94,9.864496399935884,0,0,,,
M4,bearing_degradation_machine,94,11.46585535939764,0,0,,0.0,
M5,material_batch_machine,94,10.011435874544961,1,0,,,B100
M1,tool_wear_machine,95,16.503963263462325,0,0,,,
M2,calibration_drift_machine,95,10.228047452536876,0,0,,,
M3,healthy_control_machine,95,9.894600251869225,0,0,,,
M4,bearing_degradation_machine,95,11.48456715068081,0,0,,0.0,
M5,material_batch_machine,95,10.037378089526745,0,0,,,B100
M1,tool_wear_machine,96,16.554481440003784,0,0,,,
M2,calibration_drift_machine,96,10.02149661068385,0,0,,,
M3,healthy_control_machine,96,10.153697997337147,0,0,,,
M4,bearing_degradation_machine,96,11.503205738272607,0,0,,0.0,
M5,material_batch_machine,96,10.256200580754577,0,0,,,B100
M1,tool_wear_machine,97,16.645003437666368,0,0,,,
M2,calibration_drift_machine,97,9.75347465926961,0,0,,,
M3,healthy_control_machine,97,10.195640578151517,0,0,,,
M4,bearing_degradation_machine,97,11.522545653436495,0,0,,0.0,
M5,material_batch_machine,97,10.032281344427426,0,0,,,B100
M1,tool_wear_machine,98,16.708822328690825,0,0,,,
M2,calibration_drift_machine,98,10.009407656617899,0,0,,,
M3,healthy_control_machine,98,10.295294808893988,0,0,,,
M4,bearing_degradation_machine,98,11.533881821666212,0,0,,0.0,
M5,material_batch_machine,98,10.183555240070573,0,0,,,B100
M1,tool_wear_machine,99,16.767103077036708,0,0,,,
M2,calibration_drift_machine,99,9.804114708991905,0,0,,,
M3,healthy_control_machine,99,10.285366120515949,0,0,,,
M4,bearing_degradation_machine,99,11.555041510684362,0,0,,0.0,
M5,material_batch_machine,99,9.804903176356248,0,0,,,B100
M1,tool_wear_machine,100,10.0,0,1,tool_replacement,,
M2,calibration_drift_machine,100,9.740903385631297,0,1,recalibration,,
M3,healthy_control_machine,100,10.277869066953505,0,1,routine_check,,
M4,bearing_degradation_machine,100,11.578494665262813,0,0,,0.0,
M5,material_batch_machine,100,9.82962290950576,0,1,routine_check,,B100
M1,tool_wear_machine,101,10.079012065543889,0,0,,,
M2,calibration_drift_machine,101,10.168456951641064,0,0,,,
M3,healthy_control_machine,101,10.29691979030186,0,0,,,
M4,bearing_degradation_machine,101,11.59761522892455,0,0,,0.0,
M5,material_batch_machine,101,10.115296805016479,1,0,,,B101
M1,tool_wear_machine,102,10.149577393232876,0,0,,,
M2,calibration_drift_machine,102,10.069131662938606,0,0,,,
M3,healthy_control_machine,102,10.016224878346991,0,0,,,
M4,bearing_degradation_machine,102,11.607706594952393,0,0,,0.0,
M5,material_batch_machine,102,10.140168628336841,0,0,,,B101
M1,tool_wear_machine,103,10.190239269098596,0,0,,,
M2,calibration_drift_machine,103,9.711515366093835,0,0,,,
M3,healthy_control_machine,103,9.782265823437399,0,0,,,
M4,bearing_degradation_machine,103,11.61914982490467,0,0,,0.0,
M5,material_batch_machine,103,9.765841719206502,0,0,,,B101
M1,tool_wear_machine,104,10.257501909172193,0,0,,,
M2,calibration_drift_machine,104,9.992944682213066,0,0,,,
M3,healthy_control_machine,104,10.14241424643268,0,0,,,
M4,bearing_degradation_machine,104,11.633164037467001,0,0,,0.0,
M5,material_batch_machine,104,9.889244137448808,0,0,,,B101
M1,tool_wear_machine,105,10.323758096615517,0,0,,,
M2,calibration_drift_machine,105,9.723055809377396,0,0,,,
M3,healthy_control_machine,105,10.082320886084968,0,0,,,
M4,bearing_degradation_machine,105,11.655485921318306,0,0,,0.0,
M5,material_batch_machine,105,10.007333152487604,0,0,,,B101
M1,tool_wear_machine,106,10.36625847065166,0,0,,,
M2,calibration_drift_machine,106,9.743250601599204,0,0,,,
M3,healthy_control_machine,106,10.273900838979689,0,0,,,
M4,bearing_degradation_machine,106,11.669137943854338,0,0,,0.0,
M5,material_batch_machine,106,9.759037389828038,0,0,,,B101
M1,tool_wear_machine,107,10.452120830384963,0,0,,,
M2,calibration_drift_machine,107,9.749303000485856,0,0,,,
M3,healthy_control_machine,107,10.16153388870288,0,0,,,
M4,bearing_degradation_machine,107,11.683248978088786,0,0,,0.0,
M5,material_batch_machine,107,9.725170734058981,0,0,,,B101
M1,tool_wear_machine,108,10.540043681884239,0,0,,,
M2,calibration_drift_machine,108,10.061128953781793,0,0,,,
M3,healthy_control_machine,108,10.187061872854082,0,0,,,
M4,bearing_degradation_machine,108,11.693298510030644,0,0,,0.0,
M5,material_batch_machine,108,10.067763749496715,0,0,,,B101
M1,tool_wear_machine,109,10.594485244594189,0,0,,,
M2,calibration_drift_machine,109,10.232154940125561,0,0,,,
M3,healthy_control_machine,109,10.189568163381171,0,0,,,
M4,bearing_degradation_machine,109,11.71484273944969,0,0,,0.0,
M5,material_batch_machine,109,10.165868467899834,0,0,,,B101
M1,tool_wear_machine,110,10.64513097076237,0,0,,,
M2,calibration_drift_machine,110,10.26243283989827,0,0,,,
M3,healthy_control_machine,110,9.779037264072738,0,0,,,
M4,bearing_degradation_machine,110,11.7359273047274,0,0,,0.0,
M5,material_batch_machine,110,10.005016328149768,0,0,,,B101
M1,tool_wear_machine,111,10.719032290333912,0,0,,,
M2,calibration_drift_machine,111,10.081774812387549,0,0,,,
M3,healthy_control_machine,111,9.976934484651874,1,0,,,
M4,bearing_degradation_machine,111,11.747874166559747,0,0,,0.0,
M5,material_batch_machine,111,10.033050969581371,0,0,,,B101
M1,tool_wear_machine,112,10.795991417349523,0,0,,,
M2,calibration_drift_machine,112,10.170275070691238,0,0,,,
M3,healthy_control_machine,112,10.156594456016856,0,0,,,
M4,bearing_degradation_machine,112,11.767805907083446,0,0,,0.0,
M5,material_batch_machine,112,10.22599045709692,0,0,,,B101
M1,tool_wear_machine,113,10.858089989179934,0,0,,,
M2,calibration_drift_machine,113,10.231717468279045,0,0,,,
M3,healthy_control_machine,113,9.947573104509175,0,0,,,
M4,bearing_degradation_machine,113,11.775857399301113,0,0,,0.0,
M5,material_batch_machine,113,10.085395315543137,0,0,,,B101
M1,tool_wear_machine,114,10.932889016425621,0,0,,,
M2,calibration_drift_machine,114,10.062092599957873,0,0,,,
M3,healthy_control_machine,114,9.861892432076928,0,0,,,
M4,bearing_degradation_machine,114,11.79182949021733,0,0,,0.0,
M5,material_batch_machine,114,10.010361433864965,0,0,,,B101
M1,tool_wear_machine,115,10.981736168027998,0,0,,,
M2,calibration_drift_machine,115,9.753160257807771,0,0,,,
M3,healthy_control_machine,115,10.141397868543514,0,0,,,
M4,bearing_degradation_machine,115,11.814759303518827,0,0,,0.0,
M5,material_batch_machine,115,10.203881371381371,0,0,,,B101
M1,tool_wear_machine,116,11.05604850430163,0,0,,,
M2,calibration_drift_machine,116,9.917341264991373,0,0,,,
M3,healthy_control_machine,116,9.714515058334813,0,0,,,
M4,bearing_degradation_machine,116,11.827128436478391,0,0,,0.0,
M5,material_batch_machine,116,10.205160140075085,0,0,,,B101
M1,tool_wear_machine,117,11.144207102889371,0,0,,,
M2,calibration_drift_machine,117,9.780087983449567,0,0,,,
M3,healthy_control_machine,117,9.99787669141318,0,0,,,
M4,bearing_degradation_machine,117,11.84680056813683,0,0,,0.0,
M5,material_batch_machine,117,10.273968772650075,0,0,,,B101
M1,tool_wear_machine,118,11.187630386158448,0,0,,,
M2,calibration_drift_machine,118,9.8481872794432,0,0,,,
M3,healthy_control_machine,118,9.863169835677178,0,0,,,
M4,bearing_degradation_machine,118,11.861996405616038,0,0,,0.0,
M5,material_batch_machine,118,9.783547222670556,0,0,,,B101
M1,tool_wear_machine,119,11.25229612231449,0,0,,,
M2,calibration_drift_machine,119,9.713094038065293,0,0,,,
M3,healthy_control_machine,119,10.036100910077105,0,0,,,
M4,bearing_degradation_machine,119,11.870832531684615,0,0,,0.0,
M5,material_batch_machine,119,9.818858579655844,0,0,,,B101
M1,tool_wear_machine,120,11.32013207151579,0,0,,,
M2,calibration_drift_machine,120,9.90970382325209,0,0,,,
M3,healthy_control_machine,120,9.835190157970741,0,0,,,
M4,bearing_degradation_machine,120,11.892442388610073,0,0,,0.0,
M5,material_batch_machine,120,10.12470105833786,0,0,,,B101
M1,tool_wear_machine,121,11.365035592260597,0,0,,,
M2,calibration_drift_machine,121,9.799464724097966,0,0,,,
M3,healthy_control_machine,121,10.101413402397466,0,0,,,
M4,bearing_degradation_machine,121,11.907030637275426,0,0,,0.0,
M5,material_batch_machine,121,9.73117394653256,0,0,,,B101
M1,tool_wear_machine,122,11.417117419188756,0,0,,,
M2,calibration_drift_machine,122,9.898129038922898,0,0,,,
M3,healthy_control_machine,122,9.822928764490428,0,0,,,
M4,bearing_degradation_machine,122,11.929103946954651,0,0,,0.0,
M5,material_batch_machine,122,9.739122754756295,0,0,,,B101
M1,tool_wear_machine,123,11.511670631540449,0,0,,,
M2,calibration_drift_machine,123,9.763284219973979,0,0,,,
M3,healthy_control_machine,123,9.928252004504538,0,0,,,
M4,bearing_degradation_machine,123,11.952535573417062,0,0,,0.0,
M5,material_batch_machine,123,10.178748495769536,0,0,,,B101
M1,tool_wear_machine,124,11.60657603564487,0,0,,,
M2,calibration_drift_machine,124,10.117539470901281,0,0,,,
M3,healthy_control_machine,124,10.214307554199252,0,0,,,
M4,bearing_degradation_machine,124,11.964966045215109,0,0,,0.0,
M5,material_batch_machine,124,9.791262569933364,0,0,,,B101
M1,tool_wear_machine,125,11.68349391714906,0,0,,,
M2,calibration_drift_machine,125,10.182162121264922,0,0,,,
M3,healthy_control_machine,125,9.95065658756506,0,0,,,
M4,bearing_degradation_machine,125,11.983652765195966,0,0,,0.0,
M5,material_batch_machine,125,10.03585341018303,0,0,,,B101
M1,tool_wear_machine,126,11.76665513449121,0,0,,,
M2,calibration_drift_machine,126,10.138897894204216,0,0,,,
M3,healthy_control_machine,126,10.191438108316994,0,0,,,
M4,bearing_degradation_machine,126,12.00301664997394,0,0,,0.0,
M5,material_batch_machine,126,10.196949551462332,0,0,,,B101
M1,tool_wear_machine,127,11.817080830079354,0,0,,,
M2,calibration_drift_machine,127,9.76038248711412,0,0,,,
M3,healthy_control_machine,127,9.9087648469493,0,0,,,
M4,bearing_degradation_machine,127,12.022997871365352,0,0,,0.0,
M5,material_batch_machine,127,10.080485282977442,0,0,,,B101
M1,tool_wear_machine,128,11.89765148380388,0,0,,,
M2,calibration_drift_machine,128,9.741784688897443,0,0,,,
M3,healthy_control_machine,128,9.83630773421411,0,0,,,
M4,bearing_degradation_machine,128,12.035466288780622,0,0,,0.0,
M5,material_batch_machine,128,9.882367840744434,0,0,,,B101
M1,tool_wear_machine,129,11.993949772910788,0,0,,,
M2,calibration_drift_machine,129,10.173068405951978,0,0,,,
M3,healthy_control_machine,129,10.244317018423498,0,0,,,
M4,bearing_degradation_machine,129,12.052433338876309,0,0,,0.0,
M5,material_batch_machine,129,10.286080197106395,0,0,,,B101
M1,tool_wear_machine,130,12.059302678609505,0,0,,,
M2,calibration_drift_machine,130,10.25084593131949,0,0,,,
M3,healthy_control_machine,130,9.87533093827714,0,0,,,
M4,bearing_degradation_machine,130,12.072496729333858,0,0,,0.0,
M5,material_batch_machine,130,9.868912719048957,0,0,,,B101
M1,tool_wear_machine,131,12.106057502034222,0,0,,,
M2,calibration_drift_machine,131,9.757920682117264,0,0,,,
M3,healthy_control_machine,131,9.981260779278703,0,0,,,
M4,bearing_degradation_machine,131,12.090070449082623,0,0,,0.0,
M5,material_batch_machine,131,10.100682809935844,0,0,,,B101
M1,tool_wear_machine,132,12.199595651922602,0,0,,,
M2,calibration_drift_machine,132,9.843706101945722,0,0,,,
M3,healthy_control_machine,132,10.049684101050094,0,0,,,
M4,bearing_degradation_machine,132,12.111761586584024,0,0,,0.0,
M5,material_batch_machine,132,10.245776091661956,0,0,,,B101
M1,tool_wear_machine,133,12.289352859881607,0,0,,,
M2,calibration_drift_machine,133,10.010467811053024,0,0,,,
M3,healthy_control_machine,133,9.960757576515228,0,0,,,
M4,bearing_degradation_machine,133,12.129392361480265,0,0,,0.0,
M5,material_batch_machine,133,9.842460081024884,0,0,,,B101
M1,tool_wear_machine,134,12.335606348050106,0,0,,,
M2,calibration_drift_machine,134,10.091334555727283,0,0,,,
M3,healthy_control_machine,134,10.146156349705937,0,0,,,
M4,bearing_degradation_machine,134,12.147538025982287,0,0,,0.0,
M5,material_batch_machine,134,9.866088584674783,0,0,,,B101
M1,tool_wear_machine,135,12.39548716847629,0,0,,,
M2,calibration_drift_machine,135,10.066468042645461,0,0,,,
M3,healthy_control_machine,135,10.009943577067588,1,0,,,
M4,bearing_degradation_machine,135,12.155660650504675,0,0,,0.0,
M5,material_batch_machine,135,10.00760063557385,0,0,,,B101
M1,tool_wear_machine,136,12.49139239164226,0,0,,,
M2,calibration_drift_machine,136,10.070239909670681,0,0,,,
M3,healthy_control_machine,136,10.004447163230685,0,0,,,
M4,bearing_degradation_machine,136,12.171557395790117,0,0,,0.0,
M5,material_batch_machine,136,9.946612645159327,0,0,,,B101
M1,tool_wear_machine,137,12.57423435031027,0,0,,,
M2,calibration_drift_machine,137,10.194274230532777,0,0,,,
M3,healthy_control_machine,137,9.700939063114884,0,0,,,
M4,bearing_degradation_machine,137,12.18037556189319,0,0,,0.0,
M5,material_batch_machine,137,9.973741905373325,0,0,,,B101
M1,tool_wear_machine,138,12.621495850339382,0,0,,,
M2,calibration_drift_machine,138,9.742604598719954,0,0,,,
M3,healthy_control_machine,138,10.265035426971355,0,0,,,
M4,bearing_degradation_machine,138,12.199234281199951,0,0,,0.0,
M5,material_batch_machine,138,10.224219156079807,0,0,,,B101
M1,tool_wear_machine,139,12.668729355323604,0,0,,,
M2,calibration_drift_machine,139,10.020380483528658,0,0,,,
M3,healthy_control_machine,139,9.953220556076584,0,0,,,
M4,bearing_degradation_machine,139,12.215010289100713,0,0,,0.0,
M5,material_batch_machine,139,10.091374989155163,0,0,,,B101
M1,tool_wear_machine,140,12.750278924923757,0,0,,,
M2,calibration_drift_machine,140,9.865228704553251,0,0,,,
M3,healthy_control_machine,140,9.96785170984095,0,0,,,
M4,bearing_degradation_machine,140,12.236169047079406,0,0,,0.0,
M5,material_batch_machine,140,10.060644500080139,0,0,,,B101
M1,tool_wear_machine,141,12.831583226033285,0,0,,,
M2,calibration_drift_machine,141,9.958317603077324,0,0,,,
M3,healthy_control_machine,141,9.907526476442715,0,0,,,
M4,bearing_degradation_machine,141,12.244576211237897,0,0,,0.0,
M5,material_batch_machine,141,10.106272383841006,0,0,,,B101
M1,tool_wear_machine,142,12.893458849725139,0,0,,,
M2,calibration_drift_machine,142,9.972400972717669,0,0,,,
M3,healthy_control_machine,142,9.99135381979564,0,0,,,
M4,bearing_degradation_machine,142,12.260663493124465,0,0,,0.0,
M5,material_batch_machine,142,9.714011257796912,0,0,,,B101
M1,tool_wear_machine,143,12.960970230258052,0,0,,,
M2,calibration_drift_machine,143,9.769683376120316,0,0,,,
M3,healthy_control_machine,143,10.233042203385208,0,0,,,
M4,bearing_degradation_machine,143,12.281890810880329,0,0,,0.0,
M5,material_batch_machine,143,10.024844564408552,0,0,,,B101
M1,tool_wear_machine,144,13.034192919379532,0,0,,,
M2,calibration_drift_machine,144,10.200189977162552,0,0,,,
M3,healthy_control_machine,144,9.855600938390257,0,0,,,
M4,bearing_degradation_machine,144,12.290813172195513,0,0,,0.0,
M5,material_batch_machine,144,9.783518020807417,0,0,,,B101
M1,tool_wear_machine,145,13.111766978664797,0,0,,,
M2,calibration_drift_machine,145,10.296309033339819,0,0,,,
M3,healthy_control_machine,145,10.04162641670937,0,0,,,
M4,bearing_degradation_machine,145,12.302034165920672,0,0,,0.0,
M5,material_batch_machine,145,10.245672766562345,0,0,,,B101
M1,tool_wear_machine,146,13.183770176390718,0,0,,,
M2,calibration_drift_machine,146,10.174305876564931,0,0,,,
M3,healthy_control_machine,146,9.865460540950814,0,0,,,
M4,bearing_degradation_machine,146,12.325138839421879,0,0,,0.0,
M5,material_batch_machine,146,9.925197944751762,0,0,,,B101
M1,tool_wear_machine,147,13.235963561855883,0,0,,,
M2,calibration_drift_machine,147,10.00676527732045,0,0,,,
M3,healthy_control_machine,147,10.219346287374732,0,0,,,
M4,bearing_degradation_machine,147,12.33966018675906,0,0,,0.0,
M5,material_batch_machine,147,10.212377180173254,0,0,,,B101
M1,tool_wear_machine,148,13.326781693108305,0,0,,,
M2,calibration_drift_machine,148,10.230078857791636,0,0,,,
M3,healthy_control_machine,148,10.075955506655927,0,0,,,
M4,bearing_degradation_machine,148,12.347966044269935,0,0,,0.0,
M5,material_batch_machine,148,9.915229315250208,0,0,,,B101
M1,tool_wear_machine,149,13.38350728545318,0,0,,,
M2,calibration_drift_machine,149,9.705317971068082,0,0,,,
M3,healthy_control_machine,149,10.19708157966947,0,0,,,
M4,bearing_degradation_machine,149,12.356195088712608,0,0,,0.0,
M5,material_batch_machine,149,10.095124309402033,0,0,,,B101
M1,tool_wear_machine,150,13.474262571833844,0,0,,,
M2,calibration_drift_machine,150,9.992576685800326,0,0,,,
M3,healthy_control_machine,150,9.944263893475377,0,0,,,
M4,bearing_degradation_machine,150,10.0,0,1,bearing_replacement,0.0,
M5,material_batch_machine,150,9.879739406772325,0,0,,,B101
M1,tool_wear_machine,151,13.54430002791807,0,0,,,
M2,calibration_drift_machine,151,9.730135606878385,0,0,,,
M3,healthy_control_machine,151,9.877174296428766,0,0,,,
M4,bearing_degradation_machine,151,10.01249607198254,0,0,,0.0,
M5,material_batch_machine,151,9.8356173986896,0,0,,,B101
M1,tool_wear_machine,152,13.643038894828557,0,0,,,
M2,calibration_drift_machine,152,10.088690467594317,0,0,,,
M3,healthy_control_machine,152,10.001850370467903,0,0,,,
M4,bearing_degradation_machine,152,10.029869908597796,0,0,,0.0,
M5,material_batch_machine,152,10.182375104531513,0,0,,,B101
M1,tool_wear_machine,153,13.714249088367202,0,0,,,
M2,calibration_drift_machine,153,9.862845628268028,0,0,,,
M3,healthy_control_machine,153,9.780297017799816,0,0,,,
M4,bearing_degradation_machine,153,10.038739221154962,0,0,,0.0,
M5,material_batch_machine,153,10.12418589247343,0,0,,,B101
M1,tool_wear_machine,154,13.804609397908562,1,0,,,
M2,calibration_drift_machine,154,10.144542433691242,0,0,,,
M3,healthy_control_machine,154,9.916140351280257,0,0,,,
M4,bearing_degradation_machine,154,10.06022261158953,0,0,,0.0,
M5,material_batch_machine,154,10.278447049894066,0,0,,,B101
M1,tool_wear_machine,155,13.885830553898757,0,0,,,
M2,calibration_drift_machine,155,10.07962712724916,0,0,,,
M3,healthy_control_machine,155,9.800171853248319,0,0,,,
M4,bearing_degradation_machine,155,10.078884778206783,0,0,,0.0,
M5,material_batch_machine,155,10.16909431800696,0,0,,,B101
M1,tool_wear_machine,156,13.928721714642354,0,0,,,
M2,calibration_drift_machine,156,10.000240687426121,0,0,,,
M3,healthy_control_machine,156,9.825329634403099,0,0,,,
M4,bearing_degradation_machine,156,10.092801790302577,0,0,,0.0,
M5,material_batch_machine,156,10.094412089302077,0,0,,,B101
M1,tool_wear_machine,157,14.021531118917643,0,0,,,
M2,calibration_drift_machine,157,10.064651273351634,0,0,,,
M3,healthy_control_machine,157,10.090983856286366,0,0,,,
M4,bearing_degradation_machine,157,10.105851827802791,0,0,,0.0,
M5,material_batch_machine,157,9.920671592653692,0,0,,,B101
M1,tool_wear_machine,158,14.068221851656919,0,0,,,
M2,calibration_drift_machine,158,10.201288135445317,1,0,,,
M3,healthy_control_machine,158,9.902407328061456,0,0,,,
M4,bearing_degradation_machine,158,10.115841722186799,0,0,,0.0,
M5,material_batch_machine,158,9.978457095672102,0,0,,,B101
M1,tool_wear_machine,159,14.139363788464692,0,0,,,
M2,calibration_drift_machine,159,10.164394826891657,0,0,,,
M3,healthy_control_machine,159,10.285608293967528,0,0,,,
M4,bearing_degradation_machine,159,10.124112884825033,0,0,,0.0,
M5,material_batch_machine,159,10.163885124351204,0,0,,,B101
M1,tool_wear_machine,160,14.20024952405479,0,0,,,
M2,calibration_drift_machine,160,9.879880316539142,0,0,,,
M3,healthy_control_machine,160,10.20823649619034,0,0,,,
M4,bearing_degradation_machine,160,10.14648985449983,0,0,,0.0,
M5,material_batch_machine,160,9.83694121809622,0,0,,,B101
M1,tool_wear_machine,161,14.269294148237401,0,0,,,
M2,calibration_drift_machine,161,9.734706669668297,0,0,,,
M3,healthy_control_machine,161,10.171113725889045,0,0,,,
M4,bearing_degradation_machine,161,10.163201571824635,0,0,,0.0,
M5,material_batch_machine,161,10.073448184939599,0,0,,,B101
M1,tool_wear_machine,162,14.343992052202623,0,0,,,
M2,calibration_drift_machine,162,10.081572824298236,0,0,,,
M3,healthy_control_machine,162,9.8559429875457,0,0,,,
M4,bearing_degradation_machine,162,10.185881345314746,0,0,,0.0,
M5,material_batch_machine,162,9.70470495446315,0,0,,,B101
M1,tool_wear_machine,163,14.410852457727248,0,0,,,
M2,calibration_drift_machine,163,10.017795834367371,0,0,,,
M3,healthy_control_machine,163,10.107772199641065,0,0,,,
M4,bearing_degradation_machine,163,10.198276606355511,0,0,,0.0,
M5,material_batch_machine,163,9.967324983245135,0,0,,,B101
M1,tool_wear_machine,164,14.453851199446827,0,0,,,
M2,calibration_drift_machine,164,10.175885724398043,0,0,,,
M3,healthy_control_machine,164,10.27637618530792,0,0,,,
M4,bearing_degradation_machine,164,10.2214994833213,0,0,,0.0,
M5,material_batch_machine,164,10.056136561227271,0,0,,,B101
M1,tool_wear_machine,165,14.531191795323863,0,0,,,
M2,calibration_drift_machine,165,10.17555706977303,0,0,,,
M3,healthy_control_machine,165,10.276081362643268,0,0,,,
M4,bearing_degradation_machine,165,10.245136409849165,0,0,,0.0,
M5,material_batch_machine,165,10.099960287427972,0,0,,,B101
M1,tool_wear_machine,166,14.605096914071028,0,0,,,
M2,calibration_drift_machine,166,9.707261870065665,1,0,,,
M3,healthy_control_machine,166,10.25571644105907,0,0,,,
M4,bearing_degradation_machine,166,10.263286228871113,0,0,,0.0,
M5,material_batch_machine,166,9.717501858187159,0,0,,,B101
M1,tool_wear_machine,167,14.684842954773092,0,0,,,
M2,calibration_drift_machine,167,9.938701975301294,0,0,,,
M3,healthy_control_machine,167,9.72694677939737,0,0,,,
M4,bearing_degradation_machine,167,10.27723381393355,0,0,,0.0,
M5,material_batch_machine,167,10.172529451515267,0,0,,,B101
M1,tool_wear_machine,168,14.758687396503102,0,0,,,
M2,calibration_drift_machine,168,9.844239347736105,0,0,,,
M3,healthy_control_machine,168,9.761082209769722,0,0,,,
M4,bearing_degradation_machine,168,10.288767458460958,0,0,,0.0,
M5,material_batch_machine,168,10.048973375793516,0,0,,,B101
M1,tool_wear_machine,169,14.83349272658327,0,0,,,
M2,calibration_drift_machine,169,9.869497639583711,0,0,,,
M3,healthy_control_machine,169,10.267873907890243,0,0,,,
M4,bearing_degradation_machine,169,10.303478626364274,0,0,,0.0,
M5,material_batch_machine,169,9.898938819440316,0,0,,,B101
M1,tool_wear_machine,170,14.885917275135922,0,0,,,
M2,calibration_drift_machine,170,10.264470712301865,0,0,,,
M3,healthy_control_machine,170,10.186527148604752,0,0,,,
M4,bearing_degradation_machine,170,10.316793682894124,0,0,,0.0,
M5,material_batch_machine,170,9.869483455822003,0,0,,,B101
M1,tool_wear_machine,171,14.928171540559855,0,0,,,
M2,calibration_drift_machine,171,9.70000698085322,0,0,,,
M3,healthy_control_machine,171,9.732780652000583,0,0,,,
M4,bearing_degradation_machine,171,10.32841168819412,0,0,,0.0,
M5,material_batch_machine,171,9.834576089971026,0,0,,,B101
M1,tool_wear_machine,172,15.012685320177379,0,0,,,
M2,calibration_drift_machine,172,9.881758543384258,0,0,,,
M3,healthy_control_machine,172,10.190067679903382,0,0,,,
M4,bearing_degradation_machine,172,10.342346744324644,0,0,,0.0,
M5,material_batch_machine,172,10.096608552548393,0,0,,,B101
M1,tool_wear_machine,173,15.08535513772361,0,0,,,
M2,calibration_drift_machine,173,10.168379030455334,0,0,,,
M3,healthy_control_machine,173,9.725453378924135,0,0,,,
M4,bearing_degradation_machine,173,10.35997160639344,0,0,,0.0,
M5,material_batch_machine,173,9.921568462129324,0,0,,,B101
M1,tool_wear_machine,174,15.175005516916004,0,0,,,
M2,calibration_drift_machine,174,9.977029686287871,0,0,,,
M3,healthy_control_machine,174,10.13738863699349,0,0,,,
M4,bearing_degradation_machine,174,10.372356751822917,0,0,,0.0,
M5,material_batch_machine,174,10.120701916954156,0,0,,,B101
M1,tool_wear_machine,175,15.248729884580158,0,0,,,
M2,calibration_drift_machine,175,9.928310625921936,0,0,,,
M3,healthy_control_machine,175,10.140666359245355,0,0,,,
M4,bearing_degradation_machine,175,10.380759846446264,0,0,,0.0,
M5,material_batch_machine,175,10.122922606026028,0,0,,,B101
M1,tool_wear_machine,176,15.32151570354483,0,0,,,
M2,calibration_drift_machine,176,10.002877358982717,0,0,,,
M3,healthy_control_machine,176,9.807553367144674,0,0,,,
M4,bearing_degradation_machine,176,10.397603159657761,0,0,,0.0,
M5,material_batch_machine,176,10.222848420514513,0,0,,,B101
M1,tool_wear_machine,177,15.409316587376312,0,0,,,
M2,calibration_drift_machine,177,10.04304758988625,0,0,,,
M3,healthy_control_machine,177,9.707294062886431,0,0,,,
M4,bearing_degradation_machine,177,10.406432532443675,0,0,,0.0,
M5,material_batch_machine,177,10.139619430354168,0,0,,,B101
M1,tool_wear_machine,178,15.45341777939491,0,0,,,
M2,calibration_drift_machine,178,9.959660127759557,0,0,,,
M3,healthy_control_machine,178,9.733951393688029,0,0,,,
M4,bearing_degradation_machine,178,10.429543709766785,0,0,,0.0,
M5,material_batch_machine,178,9.760823738531895,0,0,,,B101
M1,tool_wear_machine,179,15.509996925902861,0,0,,,
M2,calibration_drift_machine,179,9.740501528010293,0,0,,,
M3,healthy_control_machine,179,10.282405927245847,0,0,,,
M4,bearing_degradation_machine,179,10.444001325804571,0,0,,0.0,
M5,material_batch_machine,179,9.82319976322408,0,0,,,B101
M1,tool_wear_machine,180,15.566108951266916,0,0,,,
M2,calibration_drift_machine,180,10.281122399019935,0,0,,,
M3,healthy_control_machine,180,9.74535016831244,0,0,,,
M4,bearing_degradation_machine,180,10.456757978449488,0,0,,0.0,
M5,material_batch_machine,180,10.279009221672682,0,0,,,B101
M1,tool_wear_machine,181,15.64667052855007,0,0,,,
M2,calibration_drift_machine,181,9.88774443652819,0,0,,,
M3,healthy_control_machine,181,10.219657380167014,0,0,,,
M4,bearing_degradation_machine,181,10.466452471319947,0,0,,0.0,
M5,material_batch_machine,181,10.120683756650484,0,0,,,B101
M1,tool_wear_machine,182,15.711159630002072,1,0,,,
M2,calibration_drift_machine,182,9.851860923507765,0,0,,,
M3,healthy_control_machine,182,9.939421190585461,0,0,,,
M4,bearing_degradation_machine,182,10.477469121011936,0,0,,0.0,
M5,material_batch_machine,182,10.149030609805738,0,0,,,B101
M1,tool_wear_machine,183,15.777200888364597,0,0,,,
M2,calibration_drift_machine,183,10.13406869071,1,0,,,
M3,healthy_control_machine,183,10.067975010932427,0,0,,,
M4,bearing_degradation_machine,183,10.48934147429163,0,0,,0.0,
M5,material_batch_machine,183,9.84902575622188,0,0,,,B101
M1,tool_wear_machine,184,15.833449268046815,0,0,,,
M2,calibration_drift_machine,184,9.975364309958092,0,0,,,
M3,healthy_control_machine,184,10.103723001158848,0,0,,,
M4,bearing_degradation_machine,184,10.512565325654458,0,0,,0.0,
M5,material_batch_machine,184,10.070070164711524,0,0,,,B101
M1,tool_wear_machine,185,15.917724311648056,0,0,,,
M2,calibration_drift_machine,185,9.922667763058076,0,0,,,
M3,healthy_control_machine,185,10.022999165953427,0,0,,,
M4,bearing_degradation_machine,185,10.526460508373123,0,0,,0.0,
M5,material_batch_machine,185,10.123276498170092,0,0,,,B101
M1,tool_wear_machine,186,15.984277042536942,0,0,,,
M2,calibration_drift_machine,186,9.738403807965172,0,0,,,
M3,healthy_control_machine,186,9.966351672703826,1,0,,,
M4,bearing_degradation_machine,186,10.539277245618473,0,0,,0.0,
M5,material_batch_machine,186,9.945802632025595,0,0,,,B101
M1,tool_wear_machine,187,16.039891238416054,0,0,,,
M2,calibration_drift_machine,187,9.742295167385887,0,0,,,
M3,healthy_control_machine,187,10.229014367106105,0,0,,,
M4,bearing_degradation_machine,187,10.558239394576464,0,0,,0.0,
M5,material_batch_machine,187,9.914131585102666,0,0,,,B101
M1,tool_wear_machine,188,16.12960457429042,0,0,,,
M2,calibration_drift_machine,188,10.248273066323955,0,0,,,
M3,healthy_control_machine,188,9.912654969275833,0,0,,,
M4,bearing_degradation_machine,188,10.581297327577003,0,0,,0.0,
M5,material_batch_machine,188,10.215290062700893,0,0,,,B101
M1,tool_wear_machine,189,16.219879076781528,0,0,,,
M2,calibration_drift_machine,189,9.96352636074983,0,0,,,
M3,healthy_control_machine,189,10.104187250484944,0,0,,,
M4,bearing_degradation_machine,189,10.600400521025165,0,0,,0.0,
M5,material_batch_machine,189,10.008960009947955,0,0,,,B101
M1,tool_wear_machine,190,16.26489233703217,1,0,,,
M2,calibration_drift_machine,190,10.234513320989889,0,0,,,
M3,healthy_control_machine,190,9.7632072906888,0,0,,,
M4,bearing_degradation_machine,190,10.61670811415765,0,0,,0.0,
M5,material_batch_machine,190,10.275917681628073,0,0,,,B101
M1,tool_wear_machine,191,16.338305043622498,0,0,,,
M2,calibration_drift_machine,191,10.024543002302849,0,0,,,
M3,healthy_control_machine,191,9.80301634462327,0,0,,,
M4,bearing_degradation_machine,191,10.631299443678195,0,0,,0.0,
M5,material_batch_machine,191,9.902323945339452,0,0,,,B101
M1,tool_wear_machine,192,16.419829462443957,0,0,,,
M2,calibration_drift_machine,192,10.237404866571268,0,0,,,
M3,healthy_control_machine,192,9.951562996699613,1,0,,,
M4,bearing_degradation_machine,192,10.65198357349536,0,0,,0.0,
M5,material_batch_machine,192,9.70598726599507,0,0,,,B101
M1,tool_wear_machine,193,16.49196885840481,0,0,,,
M2,calibration_drift_machine,193,10.20599570067273,0,0,,,
M3,healthy_control_machine,193,10.174934921554822,0,0,,,
M4,bearing_degradation_machine,193,10.662918648637815,0,0,,0.0,
M5,material_batch_machine,193,10.241064417127737,0,0,,,B101
M1,tool_wear_machine,194,16.535987275126327,0,0,,,
M2,calibration_drift_machine,194,10.025056578560537,0,0,,,
M3,healthy_control_machine,194,10.088990804471257,0,0,,,
M4,bearing_degradation_machine,194,10.676926151493278,0,0,,0.0,
M5,material_batch_machine,194,9.910312320571697,0,0,,,B101
M1,tool_wear_machine,195,16.580110095789767,0,0,,,
M2,calibration_drift_machine,195,10.133642651343283,0,0,,,
M3,healthy_control_machine,195,9.705018209126115,0,0,,,
M4,bearing_degradation_machine,195,10.695513100107677,0,0,,0.0,
M5,material_batch_machine,195,10.15990902971955,0,0,,,B101
M1,tool_wear_machine,196,16.667027694419243,0,0,,,
M2,calibration_drift_machine,196,10.010804839842775,0,0,,,
M3,healthy_control_machine,196,10.072284271031183,0,0,,,
M4,bearing_degradation_machine,196,10.706231196204488,0,0,,0.0,
M5,material_batch_machine,196,10.092479642216723,0,0,,,B101
M1,tool_wear_machine,197,16.741756099689958,0,0,,,
M2,calibration_drift_machine,197,9.984352732069661,0,0,,,
M3,healthy_control_machine,197,9.821352508314721,0,0,,,
M4,bearing_degradation_machine,197,10.718095206252373,0,0,,0.0,
M5,material_batch_machine,197,10.117693687082754,0,0,,,B101
M1,tool_wear_machine,198,16.83106595648508,0,0,,,
M2,calibration_drift_machine,198,9.86316762365107,0,0,,,
M3,healthy_control_machine,198,10.263441087670175,0,0,,,
M4,bearing_degradation_machine,198,10.73128739505518,0,0,,0.0,
M5,material_batch_machine,198,10.09718136687632,0,0,,,B101
M1,tool_wear_machine,199,16.91774747107376,0,0,,,
M2,calibration_drift_machine,199,9.75303096819071,0,0,,,
M3,healthy_control_machine,199,9.959407735842008,0,0,,,
M4,bearing_degradation_machine,199,10.74344061824358,0,0,,0.0,
M5,material_batch_machine,199,9.893816407452457,0,0,,,B101
M1,tool_wear_machine,200,10.0,0,1,tool_replacement,,
M2,calibration_drift_machine,200,10.297694604099267,0,1,recalibration,,
M3,healthy_control_machine,200,9.849405241665455,0,1,routine_check,,
M4,bearing_degradation_machine,200,10.752516712867058,0,0,,0.0,
M5,material_batch_machine,200,10.298576978441293,0,1,routine_check,,B101
M1,tool_wear_machine,201,10.042421049611582,0,0,,,
M2,calibration_drift_machine,201,9.713455533497234,0,0,,,
M3,healthy_control_machine,201,10.039708414735042,0,0,,,
M4,bearing_degradation_machine,201,10.77098618495494,0,0,,0.0,
M5,material_batch_machine,201,10.20227177669839,0,0,,,B102
M1,tool_wear_machine,202,10.116224770654341,0,0,,,
M2,calibration_drift_machine,202,10.052161903935344,0,0,,,
M3,healthy_control_machine,202,10.154038100241142,0,0,,,
M4,bearing_degradation_machine,202,10.790304536955468,0,0,,0.0,
M5,material_batch_machine,202,10.016606479733017,0,0,,,B102
M1,tool_wear_machine,203,10.215962637224273,0,0,,,
M2,calibration_drift_machine,203,10.182648435806485,0,0,,,
M3,healthy_control_machine,203,9.73200879819334,0,0,,,
M4,bearing_degradation_machine,203,10.809101117790146,0,0,,0.0,
M5,material_batch_machine,203,10.118281483535085,0,0,,,B102
M1,tool_wear_machine,204,10.272479930031386,0,0,,,
M2,calibration_drift_machine,204,10.059581269683662,0,0,,,
M3,healthy_control_machine,204,9.973103195040194,0,0,,,
M4,bearing_degradation_machine,204,10.830498991066468,0,0,,0.0,
M5,material_batch_machine,204,10.1816865608947,0,0,,,B102
M1,tool_wear_machine,205,10.344636034762512,0,0,,,
M2,calibration_drift_machine,205,9.792214625706523,0,0,,,
M3,healthy_control_machine,205,10.252784507327785,0,0,,,
M4,bearing_degradation_machine,205,10.847984433954599,0,0,,0.0,
M5,material_batch_machine,205,10.228583803383794,0,0,,,B102
M1,tool_wear_machine,206,10.424178759370445,0,0,,,
M2,calibration_drift_machine,206,10.231656061187925,0,0,,,
M3,healthy_control_machine,206,9.871911729356274,0,0,,,
M4,bearing_degradation_machine,206,10.871940240353057,0,0,,0.0,
M5,material_batch_machine,206,9.737436441158966,0,0,,,B102
M1,tool_wear_machine,207,10.468199751635519,0,0,,,
M2,calibration_drift_machine,207,10.211528452747583,0,0,,,
M3,healthy_control_machine,207,9.931358555508,0,0,,,
M4,bearing_degradation_machine,207,10.883312929977857,0,0,,0.0,
M5,material_batch_machine,207,10.283846078747379,0,0,,,B102
M1,tool_wear_machine,208,10.566265439551692,0,0,,,
M2,calibration_drift_machine,208,10.178975918325513,0,0,,,
M3,healthy_control_machine,208,9.839503595324699,0,0,,,
M4,bearing_degradation_machine,208,10.895416338954124,0,0,,0.0,
M5,material_batch_machine,208,9.905587087913513,0,0,,,B102
M1,tool_wear_machine,209,10.6155609582203,0,0,,,
M2,calibration_drift_machine,209,9.881451706767121,0,0,,,
M3,healthy_control_machine,209,9.782289092891645,0,0,,,
M4,bearing_degradation_machine,209,10.911504479120364,0,0,,0.0,
M5,material_batch_machine,209,9.883878080825692,0,0,,,B102
M1,tool_wear_machine,210,10.65897968184014,0,0,,,
M2,calibration_drift_machine,210,10.135003645779472,0,0,,,
M3,healthy_control_machine,210,10.166229571391053,0,0,,,
M4,bearing_degradation_machine,210,10.924526487067922,0,0,,0.0,
M5,material_batch_machine,210,9.993635522443952,0,0,,,B102
M1,tool_wear_machine,211,10.72853382608534,0,0,,,
M2,calibration_drift_machine,211,9.916842267440312,0,0,,,
M3,healthy_control_machine,211,9.896939863407004,0,0,,,
M4,bearing_degradation_machine,211,10.94472563840672,0,0,,0.0,
M5,material_batch_machine,211,9.993774677230148,0,0,,,B102
M1,tool_wear_machine,212,10.782323429633196,0,0,,,
M2,calibration_drift_machine,212,10.097000355777514,0,0,,,
M3,healthy_control_machine,212,9.811162213229995,0,0,,,
M4,bearing_degradation_machine,212,10.956224995211898,0,0,,0.0,
M5,material_batch_machine,212,9.785800673599436,0,0,,,B102
M1,tool_wear_machine,213,10.87018736543409,0,0,,,
M2,calibration_drift_machine,213,10.034070946556913,0,0,,,
M3,healthy_control_machine,213,9.805073884078212,0,0,,,
M4,bearing_degradation_machine,213,10.967753063426867,1,0,,0.0,
M5,material_batch_machine,213,10.175556887925481,0,0,,,B102
M1,tool_wear_machine,214,10.95520331127042,0,0,,,
M2,calibration_drift_machine,214,9.910731632409268,0,0,,,
M3,healthy_control_machine,214,10.25244379020558,0,0,,,
M4,bearing_degradation_machine,214,10.980416438042768,0,0,,0.0,
M5,material_batch_machine,214,9.792695322402956,0,0,,,B102
M1,tool_wear_machine,215,11.021002424117682,0,0,,,
M2,calibration_drift_machine,215,10.161669336449227,0,0,,,
M3,healthy_control_machine,215,9.802425017987488,0,0,,,
M4,bearing_degradation_machine,215,10.991687612002197,0,0,,0.0,
M5,material_batch_machine,215,9.73014580589379,1,0,,,B102
M1,tool_wear_machine,216,11.094072021832666,0,0,,,
M2,calibration_drift_machine,216,9.796407750827107,0,0,,,
M3,healthy_control_machine,216,9.842487134051355,0,0,,,
M4,bearing_degradation_machine,216,11.011281184591759,0,0,,0.0,
M5,material_batch_machine,216,9.935256146142743,0,0,,,B102
M1,tool_wear_machine,217,11.141601199640615,0,0,,,
M2,calibration_drift_machine,217,10.106435877933324,0,0,,,
M3,healthy_control_machine,217,9.932393510785188,0,0,,,
M4,bearing_degradation_machine,217,11.01958767236058,0,0,,0.0,
M5,material_batch_machine,217,10.276895394744468,0,0,,,B102
M1,tool_wear_machine,218,11.237593504906172,0,0,,,
M2,calibration_drift_machine,218,10.107099980975583,0,0,,,
M3,healthy_control_machine,218,10.268296877740148,0,0,,,
M4,bearing_degradation_machine,218,11.039412743975609,0,0,,0.0,
M5,material_batch_machine,218,10.073613724569878,0,0,,,B102
M1,tool_wear_machine,219,11.296306271051996,0,0,,,
M2,calibration_drift_machine,219,9.965678881926243,0,0,,,
M3,healthy_control_machine,219,10.200743074153376,0,0,,,
M4,bearing_degradation_machine,219,11.050384473127693,0,0,,0.0,
M5,material_batch_machine,219,9.7902833626036,0,0,,,B102
M1,tool_wear_machine,220,11.363109142687508,0,0,,,
M2,calibration_drift_machine,220,9.98257615146084,0,0,,,
M3,healthy_control_machine,220,10.152320849625948,0,0,,,
M4,bearing_degradation_machine,220,11.072854229527593,0,0,,0.0,
M5,material_batch_machine,220,9.946718493329527,0,0,,,B102
M1,tool_wear_machine,221,11.456184355981284,0,0,,,
M2,calibration_drift_machine,221,9.888326845909017,0,0,,,
M3,healthy_control_machine,221,9.81436589984467,0,0,,,
M4,bearing_degradation_machine,221,11.086327951461412,0,0,,0.0,
M5,material_batch_machine,221,9.995691750719695,0,0,,,B102
M1,tool_wear_machine,222,11.531949273295583,0,0,,,
M2,calibration_drift_machine,222,9.769949844733418,0,0,,,
M3,healthy_control_machine,222,9.906374611934611,0,0,,,
M4,bearing_degradation_machine,222,11.104866533140449,0,0,,0.0,
M5,material_batch_machine,222,9.896076823514667,1,0,,,B102
M1,tool_wear_machine,223,11.621542337747071,0,0,,,
M2,calibration_drift_machine,223,10.046114428679621,0,0,,,
M3,healthy_control_machine,223,10.288340936236434,0,0,,,
M4,bearing_degradation_machine,223,11.113942280021897,0,0,,0.0,
M5,material_batch_machine,223,9.803514326167818,0,0,,,B102
M1,tool_wear_machine,224,11.679323794557869,0,0,,,
M2,calibration_drift_machine,224,10.290140323908197,0,0,,,
M3,healthy_control_machine,224,9.958740321874934,0,0,,,
M4,bearing_degradation_machine,224,11.122747872453406,0,0,,0.0,
M5,material_batch_machine,224,10.046579052606653,0,0,,,B102
M1,tool_wear_machine,225,11.768736928154578,0,0,,,
M2,calibration_drift_machine,225,9.910491465601009,0,0,,,
M3,healthy_control_machine,225,9.896907689678567,0,0,,,
M4,bearing_degradation_machine,225,11.13210288592341,0,0,,0.0,
M5,material_batch_machine,225,10.194174166449384,0,0,,,B102
M1,tool_wear_machine,226,11.836284369551779,0,0,,,
M2,calibration_drift_machine,226,9.771186259444947,0,0,,,
M3,healthy_control_machine,226,10.01894329161204,0,0,,,
M4,bearing_degradation_machine,226,11.147712424992562,0,0,,0.0,
M5,material_batch_machine,226,9.741070271539611,0,0,,,B102
M1,tool_wear_machine,227,11.883265878661648,0,0,,,
M2,calibration_drift_machine,227,10.097066639482984,0,0,,,
M3,healthy_control_machine,227,10.03039802766451,0,0,,,
M4,bearing_degradation_machine,227,11.169050729160166,0,0,,0.0,
M5,material_batch_machine,227,9.947903510324632,0,0,,,B102
M1,tool_wear_machine,228,11.962755468119502,0,0,,,
M2,calibration_drift_machine,228,9.809067320330417,0,0,,,
M3,healthy_control_machine,228,9.725149130029754,0,0,,,
M4,bearing_degradation_machine,228,11.17974198765243,0,0,,0.0,
M5,material_batch_machine,228,9.832267602547251,0,0,,,B102
M1,tool_wear_machine,229,12.058813714969551,0,0,,,
M2,calibration_drift_machine,229,10.077892392660825,0,0,,,
M3,healthy_control_machine,229,10.01877641101056,0,0,,,
M4,bearing_degradation_machine,229,11.194597314114011,0,0,,0.0,
M5,material_batch_machine,229,9.958781023804608,0,0,,,B102
M1,tool_wear_machine,230,12.153717358920584,0,0,,,
M2,calibration_drift_machine,230,9.990412343505643,0,0,,,
M3,healthy_control_machine,230,10.04382532037141,0,0,,,
M4,bearing_degradation_machine,230,11.203225624741878,0,0,,0.0,
M5,material_batch_machine,230,9.907483659046255,0,0,,,B102
M1,tool_wear_machine,231,12.242043161503343,0,0,,,
M2,calibration_drift_machine,231,10.169978789773628,0,0,,,
M3,healthy_control_machine,231,9.715461759258611,0,0,,,
M4,bearing_degradation_machine,231,11.2217777204483,0,0,,0.0,
M5,material_batch_machine,231,9.884329850212762,0,0,,,B102
M1,tool_wear_machine,232,12.307074766617218,0,0,,,
M2,calibration_drift_machine,232,9.95088687289768,0,0,,,
M3,healthy_control_machine,232,9.750476597355629,0,0,,,
M4,bearing_degradation_machine,232,11.231381649467865,0,0,,0.0,
M5,material_batch_machine,232,10.200968323416642,0,0,,,B102
M1,tool_wear_machine,233,12.355202338824899,0,0,,,
M2,calibration_drift_machine,233,10.25587827877371,0,0,,,
M3,healthy_control_machine,233,9.723635100215692,0,0,,,
M4,bearing_degradation_machine,233,11.245667971210157,0,0,,0.0,
M5,material_batch_machine,233,10.053011332589891,0,0,,,B102
M1,tool_wear_machine,234,12.453630363626328,0,0,,,
M2,calibration_drift_machine,234,10.125663318780385,0,0,,,
M3,healthy_control_machine,234,9.924833182304425,0,0,,,
M4,bearing_degradation_machine,234,11.254477140871344,0,0,,0.0,
M5,material_batch_machine,234,10.258239052101596,0,0,,,B102
M1,tool_wear_machine,235,12.520633881991902,0,0,,,
M2,calibration_drift_machine,235,9.750114948808012,0,0,,,
M3,healthy_control_machine,235,9.730776309388729,0,0,,,
M4,bearing_degradation_machine,235,11.26955085342622,0,0,,0.0,
M5,material_batch_machine,235,10.156096557874095,0,0,,,B102
M1,tool_wear_machine,236,12.569588850176391,0,0,,,
M2,calibration_drift_machine,236,9.94507334884509,0,0,,,
M3,healthy_control_machine,236,9.72080362253564,0,0,,,
M4,bearing_degradation_machine,236,11.288705472500427,0,0,,0.0,
M5,material_batch_machine,236,9.837996252377945,0,0,,,B102
M1,tool_wear_machine,237,12.624020745287199,0,0,,,
M2,calibration_drift_machine,237,10.10385527854673,0,0,,,
M3,healthy_control_machine,237,9.793790182425317,0,0,,,
M4,bearing_degradation_machine,237,11.302473064582692,0,0,,0.0,
M5,material_batch_machine,237,10.286367959539868,0,0,,,B102
M1,tool_wear_machine,238,12.70358612301212,0,0,,,
M2,calibration_drift_machine,238,9.873663712971693,0,0,,,
M3,healthy_control_machine,238,9.946714285521695,0,0,,,
M4,bearing_degradation_machine,238,11.315757619262724,0,0,,0.0,
M5,material_batch_machine,238,10.033714415578007,0,0,,,B102
M1,tool_wear_machine,239,12.744558146852487,0,0,,,
M2,calibration_drift_machine,239,10.233948025817718,0,0,,,
M3,healthy_control_machine,239,9.826191133771475,0,0,,,
M4,bearing_degradation_machine,239,11.327806040717448,0,0,,0.0,
M5,material_batch_machine,239,9.894597626410912,0,0,,,B102
M1,tool_wear_machine,240,12.820212656491002,0,0,,,
M2,calibration_drift_machine,240,10.04521550387746,0,0,,,
M3,healthy_control_machine,240,10.161148798547922,0,0,,,
M4,bearing_degradation_machine,240,11.34688370961592,0,0,,0.0,
M5,material_batch_machine,240,10.063598180362614,0,0,,,B102
M1,tool_wear_machine,241,12.862912465765127,0,0,,,
M2,calibration_drift_machine,241,9.987117021951713,0,0,,,
M3,healthy_control_machine,241,9.979202160363691,1,0,,,
M4,bearing_degradation_machine,241,11.356189289135997,0,0,,0.0,
M5,material_batch_machine,241,9.87755921766197,0,0,,,B102
M1,tool_wear_machine,242,12.960830629182952,0,0,,,
M2,calibration_drift_machine,242,10.046128720786726,0,0,,,
M3,healthy_control_machine,242,9.74163645154251,0,0,,,
M4,bearing_degradation_machine,242,11.373803881226543,0,0,,0.0,
M5,material_batch_machine,242,10.015282184413536,0,0,,,B102
M1,tool_wear_machine,243,13.054846475855076,0,0,,,
M2,calibration_drift_machine,243,10.107779909437086,0,0,,,
M3,healthy_control_machine,243,9.700667256517713,0,0,,,
M4,bearing_degradation_machine,243,11.385290143300569,0,0,,0.0,
M5,material_batch_machine,243,10.099033593403979,0,0,,,B102
M1,tool_wear_machine,244,13.115410331380751,0,0,,,
M2,calibration_drift_machine,244,10.198910999867334,0,0,,,
M3,healthy_control_machine,244,9.76206046891629,0,0,,,
M4,bearing_degradation_machine,244,11.404953170502253,0,0,,0.0,
M5,material_batch_machine,244,9.707738481873715,0,0,,,B102
M1,tool_wear_machine,245,13.206479375506309,0,0,,,
M2,calibration_drift_machine,245,10.008676796643936,0,0,,,
M3,healthy_control_machine,245,9.927987447379238,0,0,,,
M4,bearing_degradation_machine,245,11.419172792068277,0,0,,0.0,
M5,material_batch_machine,245,9.96646213414397,0,0,,,B102
M1,tool_wear_machine,246,13.298896487230543,0,0,,,
M2,calibration_drift_machine,246,10.187484292626502,0,0,,,
M3,healthy_control_machine,246,9.941622232596735,0,0,,,
M4,bearing_degradation_machine,246,11.43808785909636,0,0,,0.0,
M5,material_batch_machine,246,10.120366897836671,0,0,,,B102
M1,tool_wear_machine,247,13.391268052524483,0,0,,,
M2,calibration_drift_machine,247,10.071503641219502,0,0,,,
M3,healthy_control_machine,247,9.87072483140616,0,0,,,
M4,bearing_degradation_machine,247,11.455961554207217,0,0,,0.0,
M5,material_batch_machine,247,10.051338237275981,0,0,,,B102
M1,tool_wear_machine,248,13.436429981946459,0,0,,,
M2,calibration_drift_machine,248,10.051352610323567,0,0,,,
M3,healthy_control_machine,248,10.082664485107355,0,0,,,
M4,bearing_degradation_machine,248,11.464626817564763,0,0,,0.0,
M5,material_batch_machine,248,10.18595465218174,0,0,,,B102
M1,tool_wear_machine,249,13.520243285011894,0,0,,,
M2,calibration_drift_machine,249,9.979708954676534,0,0,,,
M3,healthy_control_machine,249,10.033878782409293,0,0,,,
M4,bearing_degradation_machine,249,11.48720824460602,0,0,,0.0,
M5,material_batch_machine,249,10.105397741324245,0,0,,,B102
M1,tool_wear_machine,250,13.60561851249724,0,0,,,
M2,calibration_drift_machine,250,10.26083794929298,0,0,,,
M3,healthy_control_machine,250,10.050725867955675,0,0,,,
M4,bearing_degradation_machine,250,11.501253672025655,0,0,,0.0,
M5,material_batch_machine,250,9.971043685588866,0,0,,,B102
M1,tool_wear_machine,251,13.669660762507307,0,0,,,
M2,calibration_drift_machine,251,9.948895393312812,0,0,,,
M3,healthy_control_machine,251,9.965220052558674,0,0,,,
M4,bearing_degradation_machine,251,11.510236812667749,0,0,,0.0,
M5,material_batch_machine,251,10.061084040367268,0,0,,,B102
M1,tool_wear_machine,252,13.73374846925265,0,0,,,
M2,calibration_drift_machine,252,9.935045470337366,0,0,,,
M3,healthy_control_machine,252,9.825298561296753,0,0,,,
M4,bearing_degradation_machine,252,11.527074670872825,0,0,,0.0,
M5,material_batch_machine,252,9.747568170778715,0,0,,,B102
M1,tool_wear_machine,253,13.82822958197795,0,0,,,
M2,calibration_drift_machine,253,9.786081674210813,0,0,,,
M3,healthy_control_machine,253,10.057407894496917,0,0,,,
M4,bearing_degradation_machine,253,11.550107768297227,0,0,,0.0,
M5,material_batch_machine,253,10.197191743670974,0,0,,,B102
M1,tool_wear_machine,254,13.884853736960753,0,0,,,
M2,calibration_drift_machine,254,10.22508017117269,0,0,,,
M3,healthy_control_machine,254,10.133239638522271,0,0,,,
M4,bearing_degradation_machine,254,11.564594533499452,0,0,,0.0,
M5,material_batch_machine,254,10.270319692572645,1,0,,,B102
M1,tool_wear_machine,255,13.983805013296116,0,0,,,
M2,calibration_drift_machine,255,9.868200851530847,0,0,,,
M3,healthy_control_machine,255,10.086373947668568,0,0,,,
M4,bearing_degradation_machine,255,11.573467580031977,0,0,,0.0,
M5,material_batch_machine,255,10.192292550688165,0,0,,,B102
M1,tool_wear_machine,256,14.059085041101895,0,0,,,
M2,calibration_drift_machine,256,10.03281221487302,0,0,,,
M3,healthy_control_machine,256,10.170643283927678,0,0,,,
M4,bearing_degradation_machine,256,11.588093837123427,0,0,,0.0,
M5,material_batch_machine,256,9.810903038768215,0,0,,,B102
M1,tool_wear_machine,257,14.13534660028478,0,0,,,
M2,calibration_drift_machine,257,9.836063575191787,0,0,,,
M3,healthy_control_machine,257,9.965100222881173,0,0,,,
M4,bearing_degradation_machine,257,11.599045181940385,0,0,,0.0,
M5,material_batch_machine,257,9.929670460241825,0,0,,,B102
M1,tool_wear_machine,258,14.18406620183001,0,0,,,
M2,calibration_drift_machine,258,9.742693407326746,0,0,,,
M3,healthy_control_machine,258,10.226820107706674,0,0,,,
M4,bearing_degradation_machine,258,11.622401838266862,0,0,,0.0,
M5,material_batch_machine,258,9.727351094769201,0,0,,,B102
M1,tool_wear_machine,259,14.274596124429033,0,0,,,
M2,calibration_drift_machine,259,9.801932243931434,0,0,,,
M3,healthy_control_machine,259,10.011137013199441,0,0,,,
M4,bearing_degradation_machine,259,11.636132073731329,0,0,,0.0,
M5,material_batch_machine,259,9.746054837133244,1,0,,,B102
M1,tool_wear_machine,260,14.354822184456848,0,0,,,
M2,calibration_drift_machine,260,9.99378644561922,0,0,,,
M3,healthy_control_machine,260,9.901222963730477,0,0,,,
M4,bearing_degradation_machine,260,11.64570686075695,0,0,,0.0,
M5,material_batch_machine,260,9.758179402579255,0,0,,,B102
M1,tool_wear_machine,261,14.442673027174639,0,0,,,
M2,calibration_drift_machine,261,9.985053923720061,0,0,,,
M3,healthy_control_machine,261,9.86836048794275,0,0,,,
M4,bearing_degradation_machine,261,11.666225673752356,0,0,,0.0,
M5,material_batch_machine,261,9.945803721575512,0,0,,,B102
M1,tool_wear_machine,262,14.49352654125737,0,0,,,
M2,calibration_drift_machine,262,10.138522207465696,0,0,,,
M3,healthy_control_machine,262,10.199567063995678,0,0,,,
M4,bearing_degradation_machine,262,11.68808844468899,0,0,,0.0,
M5,material_batch_machine,262,10.011767005481804,0,0,,,B102
M1,tool_wear_machine,263,14.541639580080144,0,0,,,
M2,calibration_drift_machine,263,9.779805879344398,0,0,,,
M3,healthy_control_machine,263,10.227760898027057,0,0,,,
M4,bearing_degradation_machine,263,11.711952969102228,0,0,,0.0,
M5,material_batch_machine,263,10.056268379166072,0,0,,,B102
M1,tool_wear_machine,264,14.591327050123997,0,0,,,
M2,calibration_drift_machine,264,10.042172163238835,0,0,,,
M3,healthy_control_machine,264,9.715119456892642,0,0,,,
M4,bearing_degradation_machine,264,11.7324363714788,0,0,,0.0,
M5,material_batch_machine,264,10.06606475322174,0,0,,,B102
M1,tool_wear_machine,265,14.63931797766405,0,0,,,
M2,calibration_drift_machine,265,10.059579572203834,0,0,,,
M3,healthy_control_machine,265,9.703878614673826,0,0,,,
M4,bearing_degradation_machine,265,11.745006387295795,0,0,,0.0,
M5,material_batch_machine,265,9.754853195090282,0,0,,,B102
M1,tool_wear_machine,266,14.712349878499822,0,0,,,
M2,calibration_drift_machine,266,10.237944795081406,0,0,,,
M3,healthy_control_machine,266,10.21699893081946,0,0,,,
M4,bearing_degradation_machine,266,11.767256922583185,0,0,,0.0,
M5,material_batch_machine,266,9.808471090337427,0,0,,,B102
M1,tool_wear_machine,267,14.764268553113666,0,0,,,
M2,calibration_drift_machine,267,10.033080272051913,0,0,,,
M3,healthy_control_machine,267,10.0692524678925,0,0,,,
M4,bearing_degradation_machine,267,11.776661534376116,0,0,,0.0,
M5,material_batch_machine,267,9.708317281547716,0,0,,,B102
M1,tool_wear_machine,268,14.844401144976107,0,0,,,
M2,calibration_drift_machine,268,9.712082709369573,0,0,,,
M3,healthy_control_machine,268,9.97511113731221,0,0,,,
M4,bearing_degradation_machine,268,11.795269969635685,0,0,,0.0,
M5,material_batch_machine,268,9.729532548724457,0,0,,,B102
M1,tool_wear_machine,269,14.938244288023931,0,0,,,
M2,calibration_drift_machine,269,9.782875175884149,0,0,,,
M3,healthy_control_machine,269,10.104935921832492,0,0,,,
M4,bearing_degradation_machine,269,11.815398616371866,0,0,,0.0,
M5,material_batch_machine,269,10.260726328429309,0,0,,,B102
M1,tool_wear_machine,270,15.025157742803744,0,0,,,
M2,calibration_drift_machine,270,10.27938338516008,0,0,,,
M3,healthy_control_machine,270,10.103025315546436,0,0,,,
M4,bearing_degradation_machine,270,11.832599585547205,0,0,,0.0,
M5,material_batch_machine,270,9.839334814540805,0,0,,,B102
M1,tool_wear_machine,271,15.081307437063241,0,0,,,
M2,calibration_drift_machine,271,10.245551616662196,0,0,,,
M3,healthy_control_machine,271,10.238197173618646,0,0,,,
M4,bearing_degradation_machine,271,11.843524599763834,0,0,,0.0,
M5,material_batch_machine,271,9.849123892556456,0,0,,,B102
M1,tool_wear_machine,272,15.169837016472743,0,0,,,
M2,calibration_drift_machine,272,10.215218872746744,0,0,,,
M3,healthy_control_machine,272,9.78801706840911,0,0,,,
M4,bearing_degradation_machine,272,11.866644984797123,0,0,,0.0,
M5,material_batch_machine,272,9.887238426791212,0,0,,,B102
M1,tool_wear_machine,273,15.261522099238473,0,0,,,
M2,calibration_drift_machine,273,9.897293570709166,0,0,,,
M3,healthy_control_machine,273,10.18716774078273,0,0,,,
M4,bearing_degradation_machine,273,11.879651697565583,0,0,,0.0,
M5,material_batch_machine,273,10.223825888209122,0,0,,,B102
M1,tool_wear_machine,274,15.304740186729724,0,0,,,
M2,calibration_drift_machine,274,10.209458811975205,0,0,,,
M3,healthy_control_machine,274,10.201865315481921,0,0,,,
M4,bearing_degradation_machine,274,11.890678830243829,0,0,,0.0,
M5,material_batch_machine,274,10.125633293094632,0,0,,,B102
M1,tool_wear_machine,275,15.395071418443969,0,0,,,
M2,calibration_drift_machine,275,9.917789704242322,0,0,,,
M3,healthy_control_machine,275,9.767554279917517,0,0,,,
M4,bearing_degradation_machine,275,11.912860916035191,0,0,,0.0,
M5,material_batch_machine,275,10.265234931693158,0,0,,,B102
M1,tool_wear_machine,276,15.481601736247107,0,0,,,
M2,calibration_drift_machine,276,9.706429178617215,0,0,,,
M3,healthy_control_machine,276,9.921481716285523,0,0,,,
M4,bearing_degradation_machine,276,11.926366381920783,0,0,,0.0,
M5,material_batch_machine,276,10.28964372454623,0,0,,,B102
M1,tool_wear_machine,277,15.526003580294685,0,0,,,
M2,calibration_drift_machine,277,9.949087392395647,0,0,,,
M3,healthy_control_machine,277,9.81742758405979,0,0,,,
M4,bearing_degradation_machine,277,11.944746335743103,0,0,,0.0,
M5,material_batch_machine,277,10.05763006945657,0,0,,,B102
M1,tool_wear_machine,278,15.592119317074078,0,0,,,
M2,calibration_drift_machine,278,9.732839624154991,0,0,,,
M3,healthy_control_machine,278,9.831780957156742,1,0,,,
M4,bearing_degradation_machine,278,11.967386360347064,0,0,,0.0,
M5,material_batch_machine,278,10.257284776412732,0,0,,,B102
M1,tool_wear_machine,279,15.63926775739384,0,0,,,
M2,calibration_drift_machine,279,9.924894954609998,0,0,,,
M3,healthy_control_machine,279,9.766362159323897,0,0,,,
M4,bearing_degradation_machine,279,11.991295645190034,0,0,,0.0,
M5,material_batch_machine,279,9.904746669854632,0,0,,,B102
M1,tool_wear_machine,280,15.719802963807886,0,0,,,
M2,calibration_drift_machine,280,10.219621405027453,1,0,,,
M3,healthy_control_machine,280,9.976440160145005,0,0,,,
M4,bearing_degradation_machine,280,12.007027358404041,0,0,,0.0,
M5,material_batch_machine,280,9.758420136274733,0,0,,,B102
M1,tool_wear_machine,281,15.780537738960135,1,0,,,
M2,calibration_drift_machine,281,9.840852653034982,0,0,,,
M3,healthy_control_machine,281,10.19651421637229,1,0,,,
M4,bearing_degradation_machine,281,12.019952464804458,0,0,,0.0,
M5,material_batch_machine,281,9.950436869397489,0,0,,,B102
M1,tool_wear_machine,282,15.873092034460129,0,0,,,
M2,calibration_drift_machine,282,9.898093570189364,0,0,,,
M3,healthy_control_machine,282,9.73613616694018,0,0,,,
M4,bearing_degradation_machine,282,12.032721524023179,0,0,,0.0,
M5,material_batch_machine,282,9.742321382555774,0,0,,,B102
M1,tool_wear_machine,283,15.924499760439252,0,0,,,
M2,calibration_drift_machine,283,9.746713911765262,0,0,,,
M3,healthy_control_machine,283,10.215787207211564,0,0,,,
M4,bearing_degradation_machine,283,12.054384610137449,0,0,,0.0,
M5,material_batch_machine,283,10.232914809796782,0,0,,,B102
M1,tool_wear_machine,284,15.981550818181955,0,0,,,
M2,calibration_drift_machine,284,9.935992402231113,0,0,,,
M3,healthy_control_machine,284,10.114747998271593,0,0,,,
M4,bearing_degradation_machine,284,12.06734954585112,0,0,,0.0,
M5,material_batch_machine,284,9.752467901079932,0,0,,,B102
M1,tool_wear_machine,285,16.046361809999354,1,0,,,
M2,calibration_drift_machine,285,10.273389680359893,0,0,,,
M3,healthy_control_machine,285,9.725860065368995,0,0,,,
M4,bearing_degradation_machine,285,12.081625030546057,0,0,,0.0,
M5,material_batch_machine,285,10.165140723339434,0,0,,,B102
M1,tool_wear_machine,286,16.124021942628882,0,0,,,
M2,calibration_drift_machine,286,10.262838483740879,0,0,,,
M3,healthy_control_machine,286,10.075260070099956,0,0,,,
M4,bearing_degradation_machine,286,12.09072962153664,0,0,,0.0,
M5,material_batch_machine,286,10.188630352401448,0,0,,,B102
M1,tool_wear_machine,287,16.17195806553479,0,0,,,
M2,calibration_drift_machine,287,9.879938555796722,0,0,,,
M3,healthy_control_machine,287,10.117647916940223,0,0,,,
M4,bearing_degradation_machine,287,12.11191358396672,0,0,,0.0,
M5,material_batch_machine,287,9.905757797655518,0,0,,,B102
M1,tool_wear_machine,288,16.213478981790626,0,0,,,
M2,calibration_drift_machine,288,9.733444512152465,0,0,,,
M3,healthy_control_machine,288,9.932084345231129,0,0,,,
M4,bearing_degradation_machine,288,12.122268195984239,0,0,,0.0,
M5,material_batch_machine,288,9.884607453686769,0,0,,,B102
M1,tool_wear_machine,289,16.263180654987064,0,0,,,
M2,calibration_drift_machine,289,10.144939665080098,0,0,,,
M3,healthy_control_machine,289,10.03239595330188,0,0,,,
M4,bearing_degradation_machine,289,12.133395523990133,0,0,,0.0,
M5,material_batch_machine,289,10.271237467983402,0,0,,,B102
M1,tool_wear_machine,290,16.339026409541468,0,0,,,
M2,calibration_drift_machine,290,9.854237615313526,0,0,,,
M3,healthy_control_machine,290,10.146343112381292,0,0,,,
M4,bearing_degradation_machine,290,12.148175845909028,0,0,,0.0,
M5,material_batch_machine,290,10.04137328996911,0,0,,,B102
M1,tool_wear_machine,291,16.427734812642523,0,0,,,
M2,calibration_drift_machine,291,10.209083064643758,0,0,,,
M3,healthy_control_machine,291,10.264595393544662,0,0,,,
M4,bearing_degradation_machine,291,12.168041882508259,0,0,,0.0,
M5,material_batch_machine,291,9.970210231468476,0,0,,,B102
M1,tool_wear_machine,292,16.489153758410644,0,0,,,
M2,calibration_drift_machine,292,10.149621661986973,0,0,,,
M3,healthy_control_machine,292,9.875146704098684,0,0,,,
M4,bearing_degradation_machine,292,12.183763502278843,0,0,,0.0,
M5,material_batch_machine,292,10.238773129711012,0,0,,,B102
M1,tool_wear_machine,293,16.571590493124983,0,0,,,
M2,calibration_drift_machine,293,9.774069919486212,0,0,,,
M3,healthy_control_machine,293,9.723559030989197,0,0,,,
M4,bearing_degradation_machine,293,12.195641161401031,0,0,,0.0,
M5,material_batch_machine,293,10.138750353608424,0,0,,,B102
M1,tool_wear_machine,294,16.670115115186068,0,0,,,
M2,calibration_drift_machine,294,10.089078734140141,0,0,,,
M3,healthy_control_machine,294,9.771628606802919,0,0,,,
M4,bearing_degradation_machine,294,12.216693087491048,0,0,,0.0,
M5,material_batch_machine,294,9.752880658586015,0,0,,,B102
M1,tool_wear_machine,295,16.76096797316935,0,0,,,
M2,calibration_drift_machine,295,9.799299864798193,0,0,,,
M3,healthy_control_machine,295,10.081194008024992,0,0,,,
M4,bearing_degradation_machine,295,12.228081021283888,0,0,,0.0,
M5,material_batch_machine,295,10.271872068636483,0,0,,,B102
M1,tool_wear_machine,296,16.856777885341106,0,0,,,
M2,calibration_drift_machine,296,9.731696011818833,0,0,,,
M3,healthy_control_machine,296,9.88166507696318,0,0,,,
M4,bearing_degradation_machine,296,12.245111686688363,0,0,,0.0,
M5,material_batch_machine,296,10.253562254256375,0,0,,,B102
M1,tool_wear_machine,297,16.93228090347465,0,0,,,
M2,calibration_drift_machine,297,10.074027739575945,0,0,,,
M3,healthy_control_machine,297,10.017193962393565,0,0,,,
M4,bearing_degradation_machine,297,12.26142068977064,0,0,,0.0,
M5,material_batch_machine,297,9.962630094960124,0,0,,,B102
M1,tool_wear_machine,298,17.005771174508077,0,0,,,
M2,calibration_drift_machine,298,10.253587083762143,0,0,,,
M3,healthy_control_machine,298,10.142279448373984,0,0,,,
M4,bearing_degradation_machine,298,12.277016993867338,0,0,,0.0,
M5,material_batch_machine,298,9.751241818097633,0,0,,,B102
M1,tool_wear_machine,299,17.076851800390642,0,0,,,
M2,calibration_drift_machine,299,9.990098851064083,0,0,,,
M3,healthy_control_machine,299,9.76369621212848,0,0,,,
M4,bearing_degradation_machine,299,12.288854113102644,0,0,,0.0,
M5,material_batch_machine,299,9.721876630495371,1,0,,,B102
M1,tool_wear_machine,300,10.0,0,1,tool_replacement,,
M2,calibration_drift_machine,300,9.962739932285748,0,1,recalibration,,
M3,healthy_control_machine,300,9.95302757051555,0,1,routine_check,,
M4,bearing_degradation_machine,300,10.0,0,1,bearing_replacement,0.0,
M5,material_batch_machine,300,9.759696801323779,0,1,routine_check,,B102
M1,tool_wear_machine,301,10.097976457864892,0,0,,,
M2,calibration_drift_machine,301,10.060475289603772,0,0,,,
M3,healthy_control_machine,301,10.078462252103572,0,0,,,
M4,bearing_degradation_machine,301,10.015712277436432,0,0,,0.0,
M5,material_batch_machine,301,10.247680480244718,0,0,,,B103
M1,tool_wear_machine,302,10.17076088231762,0,0,,,
M2,calibration_drift_machine,302,10.211229049482816,0,0,,,
M3,healthy_control_machine,302,9.759747828124018,0,0,,,
M4,bearing_degradation_machine,302,10.039131240455424,0,0,,0.0,
M5,material_batch_machine,302,9.775669193425246,0,0,,,B103
M1,tool_wear_machine,303,10.256741715103898,0,0,,,
M2,calibration_drift_machine,303,10.089209772014419,0,0,,,
M3,healthy_control_machine,303,9.778772783202895,0,0,,,
M4,bearing_degradation_machine,303,10.050359959627462,0,0,,0.0,
M5,material_batch_machine,303,9.984494767527448,0,0,,,B103
M1,tool_wear_machine,304,10.333739033793815,0,0,,,
M2,calibration_drift_machine,304,9.981134196754681,0,0,,,
M3,healthy_control_machine,304,9.825458418753769,0,0,,,
M4,bearing_degradation_machine,304,10.061616517609654,0,0,,0.0,
M5,material_batch_machine,304,10.189993145920974,0,0,,,B103
M1,tool_wear_machine,305,10.378941427849552,0,0,,,
M2,calibration_drift_machine,305,9.932783652638731,0,0,,,
M3,healthy_control_machine,305,10.26123669380068,0,0,,,
M4,bearing_degradation_machine,305,10.084677867894245,0,0,,0.0,
M5,material_batch_machine,305,10.159189779715232,0,0,,,B103
M1,tool_wear_machine,306,10.431229572392926,0,0,,,
M2,calibration_drift_machine,306,9.738276733752159,0,0,,,
M3,healthy_control_machine,306,9.882694254612419,0,0,,,
M4,bearing_degradation_machine,306,10.102962306509923,0,0,,0.0,
M5,material_batch_machine,306,9.808394524786783,0,0,,,B103
M1,tool_wear_machine,307,10.48435587489758,0,0,,,
M2,calibration_drift_machine,307,9.936253084939244,0,0,,,
M3,healthy_control_machine,307,10.145421962253868,0,0,,,
M4,bearing_degradation_machine,307,10.111897634305713,0,0,,0.0,
M5,material_batch_machine,307,10.049984348910522,0,0,,,B103
M1,tool_wear_machine,308,10.533460449674761,0,0,,,
M2,calibration_drift_machine,308,9.951600808251573,0,0,,,
M3,healthy_control_machine,308,10.002782372786461,1,0,,,
M4,bearing_degradation_machine,308,10.130965156131868,0,0,,0.0,
M5,material_batch_machine,308,10.245958094895832,0,0,,,B103
M1,tool_wear_machine,309,10.608384657542215,0,0,,,
M2,calibration_drift_machine,309,9.97413284304236,0,0,,,
M3,healthy_control_machine,309,10.280023684011077,0,0,,,
M4,bearing_degradation_machine,309,10.140296725191197,0,0,,0.0,
M5,material_batch_machine,309,9.822396762165633,0,0,,,B103
M1,tool_wear_machine,310,10.681845979013342,0,0,,,
M2,calibration_drift_machine,310,10.00756914646192,0,0,,,
M3,healthy_control_machine,310,10.214714670110494,0,0,,,
M4,bearing_degradation_machine,310,10.151379547534985,0,0,,0.0,
M5,material_batch_machine,310,9.899637685906228,0,0,,,B103
M1,tool_wear_machine,311,10.742427581768744,0,0,,,
M2,calibration_drift_machine,311,9.807498350974091,0,0,,,
M3,healthy_control_machine,311,10.125802806102715,0,0,,,
M4,bearing_degradation_machine,311,10.160182353140105,0,0,,0.0,
M5,material_batch_machine,311,10.164691361871874,0,0,,,B103
M1,tool_wear_machine,312,10.810490818727013,0,0,,,
M2,calibration_drift_machine,312,9.716263991401739,0,0,,,
M3,healthy_control_machine,312,10.15713393662649,0,0,,,
M4,bearing_degradation_machine,312,10.175107791877018,0,0,,0.0,
M5,material_batch_machine,312,10.06904185240882,0,0,,,B103
M1,tool_wear_machine,313,10.908214328663494,0,0,,,
M2,calibration_drift_machine,313,9.867216589557115,0,0,,,
M3,healthy_control_machine,313,10.047897745628635,0,0,,,
M4,bearing_degradation_machine,313,10.187571924522583,0,0,,0.0,
M5,material_batch_machine,313,9.963737765063739,0,0,,,B103
M1,tool_wear_machine,314,10.963741873165365,0,0,,,
M2,calibration_drift_machine,314,9.88193187030655,0,0,,,
M3,healthy_control_machine,314,9.900926974082191,0,0,,,
M4,bearing_degradation_machine,314,10.210125450780358,0,0,,0.0,
M5,material_batch_machine,314,10.022524086184207,1,0,,,B103
M1,tool_wear_machine,315,11.019199793091177,0,0,,,
M2,calibration_drift_machine,315,10.13989622688208,0,0,,,
M3,healthy_control_machine,315,10.022932061121086,0,0,,,
M4,bearing_degradation_machine,315,10.224615774931515,0,0,,0.0,
M5,material_batch_machine,315,10.026272242235049,0,0,,,B103
M1,tool_wear_machine,316,11.090109814794372,0,0,,,
M2,calibration_drift_machine,316,9.922584227555301,0,0,,,
M3,healthy_control_machine,316,9.93070948822376,0,0,,,
M4,bearing_degradation_machine,316,10.239524688453239,0,0,,0.0,
M5,material_batch_machine,316,9.842973802331855,0,0,,,B103
M1,tool_wear_machine,317,11.160379990237663,0,0,,,
M2,calibration_drift_machine,317,10.088978516379282,0,0,,,
M3,healthy_control_machine,317,10.28018110877099,0,0,,,
M4,bearing_degradation_machine,317,10.261339593697869,0,0,,0.0,
M5,material_batch_machine,317,9.75546971022224,0,0,,,B103
M1,tool_wear_machine,318,11.224048753687994,0,0,,,
M2,calibration_drift_machine,318,10.280040536521065,0,0,,,
M3,healthy_control_machine,318,9.908831173286393,0,0,,,
M4,bearing_degradation_machine,318,10.284805549232207,0,0,,0.0,
M5,material_batch_machine,318,9.730994414268785,1,0,,,B103
M1,tool_wear_machine,319,11.287226015996726,0,0,,,
M2,calibration_drift_machine,319,9.994611857601345,0,0,,,
M3,healthy_control_machine,319,9.885681729453161,0,0,,,
M4,bearing_degradation_machine,319,10.299383363904123,0,0,,0.0,
M5,material_batch_machine,319,10.06439465007584,0,0,,,B103
M1,tool_wear_machine,320,11.367838352546382,0,0,,,
M2,calibration_drift_machine,320,10.143748706333046,0,0,,,
M3,healthy_control_machine,320,9.718212283319803,0,0,,,
M4,bearing_degradation_machine,320,10.314748628714408,0,0,,0.0,
M5,material_batch_machine,320,10.072140909376673,0,0,,,B103
M1,tool_wear_machine,321,11.41537696209112,0,0,,,
M2,calibration_drift_machine,321,9.828125712694204,0,0,,,
M3,healthy_control_machine,321,9.830471759330342,0,0,,,
M4,bearing_degradation_machine,321,10.329003307543866,0,0,,0.0,
M5,material_batch_machine,321,9.860076729660298,0,0,,,B103
M1,tool_wear_machine,322,11.502040636695188,0,0,,,
M2,calibration_drift_machine,322,9.915805336733841,0,0,,,
M3,healthy_control_machine,322,9.73654332594111,0,0,,,
M4,bearing_degradation_machine,322,10.337160548384983,0,0,,0.0,
M5,material_batch_machine,322,9.876350056302961,0,0,,,B103
M1,tool_wear_machine,323,11.585661748316035,0,0,,,
M2,calibration_drift_machine,323,9.83509661452956,0,0,,,
M3,healthy_control_machine,323,10.249059072694019,0,0,,,
M4,bearing_degradation_machine,323,10.357189319002375,0,0,,0.0,
M5,material_batch_machine,323,10.04158299064732,0,0,,,B103
M1,tool_wear_machine,324,11.656786619142919,0,0,,,
M2,calibration_drift_machine,324,9.99520103765925,0,0,,,
M3,healthy_control_machine,324,10.002479705151064,0,0,,,
M4,bearing_degradation_machine,324,10.36931904129315,0,0,,0.0,
M5,material_batch_machine,324,10.165526352681816,0,0,,,B103
M1,tool_wear_machine,325,11.742852496205778,0,0,,,
M2,calibration_drift_machine,325,10.200594877449639,0,0,,,
M3,healthy_control_machine,325,9.975018087655783,0,0,,,
M4,bearing_degradation_machine,325,10.377869071026776,0,0,,0.0,
M5,material_batch_machine,325,10.114986041183991,0,0,,,B103
M1,tool_wear_machine,326,11.792653763190367,0,0,,,
M2,calibration_drift_machine,326,10.226276537139102,0,0,,,
M3,healthy_control_machine,326,9.764027091461413,0,0,,,
M4,bearing_degradation_machine,326,10.399757064497098,0,0,,0.0,
M5,material_batch_machine,326,9.781396880296226,0,0,,,B103
M1,tool_wear_machine,327,11.855757246533505,0,0,,,
M2,calibration_drift_machine,327,10.200984271409778,0,0,,,
M3,healthy_control_machine,327,10.14155224382437,0,0,,,
M4,bearing_degradation_machine,327,10.417982790049013,0,0,,0.0,
M5,material_batch_machine,327,10.118013392723919,0,0,,,B103
M1,tool_wear_machine,328,11.94593996117813,0,0,,,
M2,calibration_drift_machine,328,9.739166054539877,0,0,,,
M3,healthy_control_machine,328,10.088405280623855,0,0,,,
M4,bearing_degradation_machine,328,10.436385784712144,0,0,,0.0,
M5,material_batch_machine,328,10.1208994608791,0,0,,,B103
M1,tool_wear_machine,329,11.989246053287658,0,0,,,
M2,calibration_drift_machine,329,10.257133319736482,0,0,,,
M3,healthy_control_machine,329,10.015190958670432,0,0,,,
M4,bearing_degradation_machine,329,10.45994687648254,0,0,,0.0,
M5,material_batch_machine,329,9.860885937767152,0,0,,,B103
M1,tool_wear_machine,330,12.036761127153431,0,0,,,
M2,calibration_drift_machine,330,10.058609401314076,0,0,,,
M3,healthy_control_machine,330,9.969422656221976,0,0,,,
M4,bearing_degradation_machine,330,10.469178383410668,0,0,,0.0,
M5,material_batch_machine,330,9.845907988158535,0,0,,,B103
M1,tool_wear_machine,331,12.08831071619158,0,0,,,
M2,calibration_drift_machine,331,10.192304502539265,0,0,,,
M3,healthy_control_machine,331,10.206237275626155,0,0,,,
M4,bearing_degradation_machine,331,10.482656705383402,0,0,,0.0,
M5,material_batch_machine,331,9.810549190943604,1,0,,,B103
M1,tool_wear_machine,332,12.163578623153882,0,0,,,
M2,calibration_drift_machine,332,9.729402786982764,0,0,,,
M3,healthy_control_machine,332,9.89604333434118,0,0,,,
M4,bearing_degradation_machine,332,10.50019824934335,0,0,,0.0,
M5,material_batch_machine,332,10.105138502537223,0,0,,,B103
M1,tool_wear_machine,333,12.224727485970483,0,0,,,
M2,calibration_drift_machine,333,10.105717447813923,0,0,,,
M3,healthy_control_machine,333,10.077008270529667,0,0,,,
M4,bearing_degradation_machine,333,10.509888654870533,0,0,,0.0,
M5,material_batch_machine,333,9.733728343275928,0,0,,,B103
M1,tool_wear_machine,334,12.315778651409808,0,0,,,
M2,calibration_drift_machine,334,9.888497238302183,0,0,,,
M3,healthy_control_machine,334,10.047875706299774,0,0,,,
M4,bearing_degradation_machine,334,10.529284178153368,0,0,,0.0,
M5,material_batch_machine,334,10.155386099112418,0,0,,,B103
M1,tool_wear_machine,335,12.410485758152715,0,0,,,
M2,calibration_drift_machine,335,9.83972748769109,0,0,,,
M3,healthy_control_machine,335,10.05621077194524,0,0,,,
M4,bearing_degradation_machine,335,10.542235579376506,0,0,,0.0,
M5,material_batch_machine,335,10.038756448774192,0,0,,,B103
M1,tool_wear_machine,336,12.505403154575472,0,0,,,
M2,calibration_drift_machine,336,9.762085038187951,0,0,,,
M3,healthy_control_machine,336,9.801249663038938,0,0,,,
M4,bearing_degradation_machine,336,10.557481713143154,0,0,,0.0,
M5,material_batch_machine,336,9.786320779805997,0,0,,,B103
M1,tool_wear_machine,337,12.570779767199966,0,0,,,
M2,calibration_drift_machine,337,9.7781922599034,0,0,,,
M3,healthy_control_machine,337,9.758566022865395,0,0,,,
M4,bearing_degradation_machine,337,10.580261415477183,0,0,,0.0,
M5,material_batch_machine,337,10.077240409035996,0,0,,,B103
M1,tool_wear_machine,338,12.613120152445735,0,0,,,
M2,calibration_drift_machine,338,10.041698355111146,0,0,,,
M3,healthy_control_machine,338,9.798169722482966,0,0,,,
M4,bearing_degradation_machine,338,10.599050112656384,0,0,,0.0,
M5,material_batch_machine,338,10.168419582502978,0,0,,,B103
M1,tool_wear_machine,339,12.67609015613184,0,0,,,
M2,calibration_drift_machine,339,9.962659032992876,0,0,,,
M3,healthy_control_machine,339,10.261705938499903,0,0,,,
M4,bearing_degradation_machine,339,10.609846613214382,0,0,,0.0,
M5,material_batch_machine,339,10.079907204937463,0,0,,,B103
M1,tool_wear_machine,340,12.731519297198385,0,0,,,
M2,calibration_drift_machine,340,9.925192807463809,0,0,,,
M3,healthy_control_machine,340,10.193802144668162,0,0,,,
M4,bearing_degradation_machine,340,10.628283111019478,0,0,,0.0,
M5,material_batch_machine,340,10.191806201668275,0,0,,,B103
M1,tool_wear_machine,341,12.78420517267832,0,0,,,
M2,calibration_drift_machine,341,10.279269180760373,0,0,,,
M3,healthy_control_machine,341,10.177066169516035,0,0,,,
M4,bearing_degradation_machine,341,10.651922121966741,0,0,,0.0,
M5,material_batch_machine,341,9.926989364299155,0,0,,,B103
M1,tool_wear_machine,342,12.844738704165055,0,0,,,
M2,calibration_drift_machine,342,9.949696567843695,0,0,,,
M3,healthy_control_machine,342,10.192509405557876,0,0,,,
M4,bearing_degradation_machine,342,10.66104322109828,0,0,,0.0,
M5,material_batch_machine,342,9.967531971915884,0,0,,,B103
M1,tool_wear_machine,343,12.928651068402244,0,0,,,
M2,calibration_drift_machine,343,10.082381293922815,0,0,,,
M3,healthy_control_machine,343,10.020879679768715,0,0,,,
M4,bearing_degradation_machine,343,10.67663575810024,0,0,,0.0,
M5,material_batch_machine,343,10.062582651892887,0,0,,,B103
M1,tool_wear_machine,344,12.993694044910272,0,0,,,
M2,calibration_drift_machine,344,9.71000293035978,0,0,,,
M3,healthy_control_machine,344,9.82690404956906,0,0,,,
M4,bearing_degradation_machine,344,10.689756015909637,0,0,,0.0,
M5,material_batch_machine,344,10.157416728224304,0,0,,,B103
M1,tool_wear_machine,345,13.034211185065779,1,0,,,
M2,calibration_drift_machine,345,9.973236943148764,0,0,,,
M3,healthy_control_machine,345,9.953611971794455,0,0,,,
M4,bearing_degradation_machine,345,10.704839115141118,0,0,,0.0,
M5,material_batch_machine,345,10.076818278741722,0,0,,,B103
M1,tool_wear_machine,346,13.099148851987529,0,0,,,
M2,calibration_drift_machine,346,10.101560975050502,0,0,,,
M3,healthy_control_machine,346,9.822553880761838,0,0,,,
M4,bearing_degradation_machine,346,10.718578995309803,0,0,,0.0,
M5,material_batch_machine,346,9.970678041878704,0,0,,,B103
M1,tool_wear_machine,347,13.174322981914374,0,0,,,
M2,calibration_drift_machine,347,9.978361758072934,0,0,,,
M3,healthy_control_machine,347,9.901244088097808,0,0,,,
M4,bearing_degradation_machine,347,10.735107879951318,0,0,,0.0,
M5,material_batch_machine,347,9.968124517120263,0,0,,,B103
M1,tool_wear_machine,348,13.227551210774337,0,0,,,
M2,calibration_drift_machine,348,10.255951229931028,0,0,,,
M3,healthy_control_machine,348,10.010363301852585,0,0,,,
M4,bearing_degradation_machine,348,10.758861094293337,0,0,,0.0,
M5,material_batch_machine,348,10.088818190833129,0,0,,,B103
M1,tool_wear_machine,349,13.310604893733249,0,0,,,
M2,calibration_drift_machine,349,10.068699676153116,0,0,,,
M3,healthy_control_machine,349,9.898548859468118,0,0,,,
M4,bearing_degradation_machine,349,10.782669317686382,0,0,,0.0,
M5,material_batch_machine,349,9.946676366955627,0,0,,,B103
M1,tool_wear_machine,350,13.351783982698059,0,0,,,
M2,calibration_drift_machine,350,9.904942232218941,0,0,,,
M3,healthy_control_machine,350,10.108150412998224,0,0,,,
M4,bearing_degradation_machine,350,10.793015050492142,0,0,,0.0,
M5,material_batch_machine,350,9.921235093282508,0,0,,,B103
M1,tool_wear_machine,351,13.440440094258417,0,0,,,
M2,calibration_drift_machine,351,9.943877630771244,0,0,,,
M3,healthy_control_machine,351,10.23851939591325,0,0,,,
M4,bearing_degradation_machine,351,10.80241371941808,0,0,,0.0,
M5,material_batch_machine,351,9.87349020067249,0,0,,,B103
M1,tool_wear_machine,352,13.483431703042367,0,0,,,
M2,calibration_drift_machine,352,10.045475482673385,0,0,,,
M3,healthy_control_machine,352,10.276220064773279,0,0,,,
M4,bearing_degradation_machine,352,10.812702710661656,0,0,,0.0,
M5,material_batch_machine,352,10.025209179087836,0,0,,,B103
M1,tool_wear_machine,353,13.553369779695615,0,0,,,
M2,calibration_drift_machine,353,10.00193224891518,0,0,,,
M3,healthy_control_machine,353,9.78962898173586,0,0,,,
M4,bearing_degradation_machine,353,10.823460892455337,0,0,,0.0,
M5,material_batch_machine,353,10.07609974264904,0,0,,,B103
M1,tool_wear_machine,354,13.641591386808251,0,0,,,
M2,calibration_drift_machine,354,10.001121718614701,0,0,,,
M3,healthy_control_machine,354,9.779482393805155,0,0,,,
M4,bearing_degradation_machine,354,10.840200854057432,0,0,,0.0,
M5,material_batch_machine,354,9.857617286201162,0,0,,,B103
M1,tool_wear_machine,355,13.689325541912662,0,0,,,
M2,calibration_drift_machine,355,10.073882712248695,0,0,,,
M3,healthy_control_machine,355,9.840214269295219,0,0,,,
M4,bearing_degradation_machine,355,10.851971774610645,0,0,,0.0,
M5,material_batch_machine,355,9.956525113215827,0,0,,,B103
M1,tool_wear_machine,356,13.771346415244656,0,0,,,
M2,calibration_drift_machine,356,10.003683911616786,0,0,,,
M3,healthy_control_machine,356,10.008110720045062,0,0,,,
M4,bearing_degradation_machine,356,10.868542798137941,0,0,,0.0,
M5,material_batch_machine,356,10.19916492501283,0,0,,,B103
M1,tool_wear_machine,357,13.831344406836887,0,0,,,
M2,calibration_drift_machine,357,9.843002326376798,0,0,,,
M3,healthy_control_machine,357,9.900427329051976,0,0,,,
M4,bearing_degradation_machine,357,10.8803643207044,0,0,,0.0,
M5,material_batch_machine,357,9.89388713036765,0,0,,,B103
M1,tool_wear_machine,358,13.904447149158086,0,0,,,
M2,calibration_drift_machine,358,10.27931075094086,0,0,,,
M3,healthy_control_machine,358,9.846080226440057,0,0,,,
M4,bearing_degradation_machine,358,10.90051664308387,0,0,,0.0,
M5,material_batch_machine,358,10.03824226086724,0,0,,,B103
M1,tool_wear_machine,359,13.988966872625657,0,0,,,
M2,calibration_drift_machine,359,9.818917831853001,0,0,,,
M3,healthy_control_machine,359,10.133610144684692,0,0,,,
M4,bearing_degradation_machine,359,10.923011229823626,0,0,,0.0,
M5,material_batch_machine,359,10.285893796688732,0,0,,,B103
M1,tool_wear_machine,360,14.084364033886493,0,0,,,
M2,calibration_drift_machine,360,10.12143923264836,0,0,,,
M3,healthy_control_machine,360,9.85902837244557,0,0,,,
M4,bearing_degradation_machine,360,10.931843609904096,0,0,,0.0,
M5,material_batch_machine,360,9.880040249743264,0,0,,,B103
M1,tool_wear_machine,361,14.14144451821728,0,0,,,
M2,calibration_drift_machine,361,10.02379707334189,0,0,,,
M3,healthy_control_machine,361,9.761399307720438,0,0,,,
M4,bearing_degradation_machine,361,10.95477469657688,0,0,,0.0,
M5,material_batch_machine,361,10.169896017416741,0,0,,,B103
M1,tool_wear_machine,362,14.212180152049857,0,0,,,
M2,calibration_drift_machine,362,10.267712136394756,0,0,,,
M3,healthy_control_machine,362,9.730193759760798,0,0,,,
M4,bearing_degradation_machine,362,10.96577224523811,0,0,,0.0,
M5,material_batch_machine,362,9.880705352198415,0,0,,,B103
M1,tool_wear_machine,363,14.274518577964239,0,0,,,
M2,calibration_drift_machine,363,9.944444728812812,0,0,,,
M3,healthy_control_machine,363,9.785308825832411,0,0,,,
M4,bearing_degradation_machine,363,10.983785704357828,0,0,,0.0,
M5,material_batch_machine,363,9.818614181868693,0,0,,,B103
M1,tool_wear_machine,364,14.35012836291355,0,0,,,
M2,calibration_drift_machine,364,10.282070131851059,1,0,,,
M3,healthy_control_machine,364,10.172821089745014,0,0,,,
M4,bearing_degradation_machine,364,10.993955730213944,0,0,,0.0,
M5,material_batch_machine,364,9.793510921930865,0,0,,,B103
M1,tool_wear_machine,365,14.440659986765937,0,0,,,
M2,calibration_drift_machine,365,10.12196803242535,0,0,,,
M3,healthy_control_machine,365,10.090153042656198,0,0,,,
M4,bearing_degradation_machine,365,11.017121435290003,0,0,,0.0,
M5,material_batch_machine,365,9.940582196013011,0,0,,,B103
M1,tool_wear_machine,366,14.527030391771527,0,0,,,
M2,calibration_drift_machine,366,9.919930712427536,0,0,,,
M3,healthy_control_machine,366,10.179072103030714,0,0,,,
M4,bearing_degradation_machine,366,11.028167543870756,0,0,,0.0,
M5,material_batch_machine,366,9.934143129750398,0,0,,,B103
M1,tool_wear_machine,367,14.621710900744512,0,0,,,
M2,calibration_drift_machine,367,9.927222013348695,0,0,,,
M3,healthy_control_machine,367,10.09043463060028,0,0,,,
M4,bearing_degradation_machine,367,11.050471112790156,0,0,,0.0,
M5,material_batch_machine,367,9.800072401110205,0,0,,,B103
M1,tool_wear_machine,368,14.70491758075541,0,0,,,
M2,calibration_drift_machine,368,9.804386439713083,0,0,,,
M3,healthy_control_machine,368,9.940197921046455,0,0,,,
M4,bearing_degradation_machine,368,11.068384434275389,0,0,,0.0,
M5,material_batch_machine,368,10.284856048801718,0,0,,,B103
M1,tool_wear_machine,369,14.774970177108784,0,0,,,
M2,calibration_drift_machine,369,9.88183945670506,0,0,,,
M3,healthy_control_machine,369,10.257023531188475,0,0,,,
M4,bearing_degradation_machine,369,11.085175023588365,0,0,,0.0,
M5,material_batch_machine,369,10.196120708304017,0,0,,,B103
M1,tool_wear_machine,370,14.86070142778043,0,0,,,
M2,calibration_drift_machine,370,10.041287641860324,0,0,,,
M3,healthy_control_machine,370,10.27995446213399,0,0,,,
M4,bearing_degradation_machine,370,11.09545959377505,0,0,,0.0,
M5,material_batch_machine,370,9.74995459483038,0,0,,,B103
M1,tool_wear_machine,371,14.91939216572127,0,0,,,
M2,calibration_drift_machine,371,9.991160045405573,0,0,,,
M3,healthy_control_machine,371,9.965876407193749,0,0,,,
M4,bearing_degradation_machine,371,11.109337042019487,0,0,,0.0,
M5,material_batch_machine,371,9.866513682941436,0,0,,,B103
M1,tool_wear_machine,372,15.002804240121135,0,0,,,
M2,calibration_drift_machine,372,9.71757966586205,0,0,,,
M3,healthy_control_machine,372,10.027449807867661,0,0,,,
M4,bearing_degradation_machine,372,11.118640624382895,0,0,,0.0,
M5,material_batch_machine,372,10.130308868228054,0,0,,,B103
M1,tool_wear_machine,373,15.073326599174111,0,0,,,
M2,calibration_drift_machine,373,9.800941947465095,0,0,,,
M3,healthy_control_machine,373,9.871767917267164,0,0,,,
M4,bearing_degradation_machine,373,11.136964426695748,0,0,,0.0,
M5,material_batch_machine,373,10.057755145139621,0,0,,,B103
M1,tool_wear_machine,374,15.113768068951636,0,0,,,
M2,calibration_drift_machine,374,10.041538127254869,0,0,,,
M3,healthy_control_machine,374,10.024331605233355,0,0,,,
M4,bearing_degradation_machine,374,11.160084700203724,0,0,,0.0,
M5,material_batch_machine,374,10.049286881688845,0,0,,,B103
M1,tool_wear_machine,375,15.163624295918991,0,0,,,
M2,calibration_drift_machine,375,10.09840733684056,0,0,,,
M3,healthy_control_machine,375,10.24732454274951,0,0,,,
M4,bearing_degradation_machine,375,11.168715381565649,0,0,,0.0,
M5,material_batch_machine,375,9.716704630757551,0,0,,,B103
M1,tool_wear_machine,376,15.231201181022968,0,0,,,
M2,calibration_drift_machine,376,10.145581593809014,0,0,,,
M3,healthy_control_machine,376,9.752885346034475,0,0,,,
M4,bearing_degradation_machine,376,11.188717954892923,0,0,,0.0,
M5,material_batch_machine,376,10.214170077921633,0,0,,,B103
M1,tool_wear_machine,377,15.324147652503822,0,0,,,
M2,calibration_drift_machine,377,9.73585736450703,0,0,,,
M3,healthy_control_machine,377,9.88875258004844,0,0,,,
M4,bearing_degradation_machine,377,11.211768997896495,0,0,,0.0,
M5,material_batch_machine,377,9.931331500895002,0,0,,,B103
M1,tool_wear_machine,378,15.409863715048408,0,0,,,
M2,calibration_drift_machine,378,9.979166518765554,0,0,,,
M3,healthy_control_machine,378,9.961642288131587,0,0,,,
M4,bearing_degradation_machine,378,11.234930039917678,0,0,,0.0,
M5,material_batch_machine,378,10.009115335682928,0,0,,,B103
M1,tool_wear_machine,379,15.483592400278063,0,0,,,
M2,calibration_drift_machine,379,9.775682594809691,0,0,,,
M3,healthy_control_machine,379,9.712622141476281,0,0,,,
M4,bearing_degradation_machine,379,11.243449825464722,0,0,,0.0,
M5,material_batch_machine,379,10.20465770236966,0,0,,,B103
M1,tool_wear_machine,380,15.549412990699407,0,0,,,
M2,calibration_drift_machine,380,9.814745277445672,0,0,,,
M3,healthy_control_machine,380,9.724649418973334,0,0,,,
M4,bearing_degradation_machine,380,11.255693481824764,0,0,,0.0,
M5,material_batch_machine,380,9.742330038225937,0,0,,,B103
M1,tool_wear_machine,381,15.63539406753285,0,0,,,
M2,calibration_drift_machine,381,10.088511877342098,0,0,,,
M3,healthy_control_machine,381,10.254795165749348,0,0,,,
M4,bearing_degradation_machine,381,11.265566512432475,0,0,,0.0,
M5,material_batch_machine,381,9.816904294993218,0,0,,,B103
M1,tool_wear_machine,382,15.732424281228198,0,0,,,
M2,calibration_drift_machine,382,10.128817653403974,0,0,,,
M3,healthy_control_machine,382,9.946489837340456,0,0,,,
M4,bearing_degradation_machine,382,11.289022855778558,0,0,,0.0,
M5,material_batch_machine,382,9.748038041517379,0,0,,,B103
M1,tool_wear_machine,383,15.773022435312269,0,0,,,
M2,calibration_drift_machine,383,10.162884006915764,0,0,,,
M3,healthy_control_machine,383,10.109905337943891,0,0,,,
M4,bearing_degradation_machine,383,11.309548433666343,0,0,,0.0,
M5,material_batch_machine,383,10.288456704633312,0,0,,,B103
M1,tool_wear_machine,384,15.826562310295392,0,0,,,
M2,calibration_drift_machine,384,9.812144377870071,0,0,,,
M3,healthy_control_machine,384,9.71489032686709,0,0,,,
M4,bearing_degradation_machine,384,11.323394303131154,1,0,,0.0,
M5,material_batch_machine,384,9.850215237742514,0,0,,,B103
M1,tool_wear_machine,385,15.919858642086083,0,0,,,
M2,calibration_drift_machine,385,9.813099911677337,0,0,,,
M3,healthy_control_machine,385,9.861159359748758,0,0,,,
M4,bearing_degradation_machine,385,11.332772160899257,0,0,,0.0,
M5,material_batch_machine,385,10.05139260125728,1,0,,,B103
M1,tool_wear_machine,386,16.005519001063057,0,0,,,
M2,calibration_drift_machine,386,9.73176156134129,0,0,,,
M3,healthy_control_machine,386,9.844090957613208,0,0,,,
M4,bearing_degradation_machine,386,11.343713167130966,0,0,,0.0,
M5,material_batch_machine,386,9.952149761084526,0,0,,,B103
M1,tool_wear_machine,387,16.045870884736285,0,0,,,
M2,calibration_drift_machine,387,9.746727393454774,0,0,,,
M3,healthy_control_machine,387,9.862410162581039,0,0,,,
M4,bearing_degradation_machine,387,11.360815909624481,0,0,,0.0,
M5,material_batch_machine,387,9.982420599694636,1,0,,,B103
M1,tool_wear_machine,388,16.09733461309707,0,0,,,
M2,calibration_drift_machine,388,9.88099734497869,0,0,,,
M3,healthy_control_machine,388,10.149399410442975,0,0,,,
M4,bearing_degradation_machine,388,11.370695939067879,0,0,,0.0,
M5,material_batch_machine,388,10.184264212191708,0,0,,,B103
M1,tool_wear_machine,389,16.144339487263196,0,0,,,
M2,calibration_drift_machine,389,10.261942130842504,0,0,,,
M3,healthy_control_machine,389,10.158457351947327,0,0,,,
M4,bearing_degradation_machine,389,11.379277391040938,0,0,,0.0,
M5,material_batch_machine,389,9.767938733955475,0,0,,,B103
M1,tool_wear_machine,390,16.213443861811754,0,0,,,
M2,calibration_drift_machine,390,9.80300691702593,0,0,,,
M3,healthy_control_machine,390,10.033522488519376,0,0,,,
M4,bearing_degradation_machine,390,11.393869674864165,0,0,,0.0,
M5,material_batch_machine,390,10.052421921145346,0,0,,,B103
M1,tool_wear_machine,391,16.28043210125402,0,0,,,
M2,calibration_drift_machine,391,9.996758231658255,0,0,,,
M3,healthy_control_machine,391,9.94635921834296,0,0,,,
M4,bearing_degradation_machine,391,11.41620978232771,0,0,,0.0,
M5,material_batch_machine,391,9.843621901805228,0,0,,,B103
M1,tool_wear_machine,392,16.33550362153029,0,0,,,
M2,calibration_drift_machine,392,9.877706059335399,0,0,,,
M3,healthy_control_machine,392,9.908031256741546,0,0,,,
M4,bearing_degradation_machine,392,11.438505941870003,0,0,,0.0,
M5,material_batch_machine,392,10.184621421426435,0,0,,,B103
M1,tool_wear_machine,393,16.37929882606421,0,0,,,
M2,calibration_drift_machine,393,10.080269970848372,0,0,,,
M3,healthy_control_machine,393,10.01654777345521,0,0,,,
M4,bearing_degradation_machine,393,11.45023694274075,0,0,,0.0,
M5,material_batch_machine,393,10.026090657149808,0,0,,,B103
M1,tool_wear_machine,394,16.466706708487777,0,0,,,
M2,calibration_drift_machine,394,10.181927273946457,0,0,,,
M3,healthy_control_machine,394,10.097116187329004,0,0,,,
M4,bearing_degradation_machine,394,11.471178679365288,0,0,,0.0,
M5,material_batch_machine,394,10.190778096609492,0,0,,,B103
M1,tool_wear_machine,395,16.53941171325937,0,0,,,
M2,calibration_drift_machine,395,9.759128110847765,0,0,,,
M3,healthy_control_machine,395,10.19424667714738,0,0,,,
M4,bearing_degradation_machine,395,11.485820394194965,0,0,,0.0,
M5,material_batch_machine,395,10.196548730488422,0,0,,,B103
M1,tool_wear_machine,396,16.615175549125407,0,0,,,
M2,calibration_drift_machine,396,9.753820551408907,0,0,,,
M3,healthy_control_machine,396,9.975779652613877,0,0,,,
M4,bearing_degradation_machine,396,11.508755675878962,1,0,,0.0,
M5,material_batch_machine,396,10.263068584246245,0,0,,,B103
M1,tool_wear_machine,397,16.661970156223795,0,0,,,
M2,calibration_drift_machine,397,9.986265890616355,0,0,,,
M3,healthy_control_machine,397,9.744444944326268,0,0,,,
M4,bearing_degradation_machine,397,11.523281983667447,1,0,,0.0,
M5,material_batch_machine,397,10.202118053335955,0,0,,,B103
M1,tool_wear_machine,398,16.761922594160403,0,0,,,
M2,calibration_drift_machine,398,9.795849676140367,0,0,,,
M3,healthy_control_machine,398,10.175704027164116,0,0,,,
M4,bearing_degradation_machine,398,11.54688337838277,0,0,,0.0,
M5,material_batch_machine,398,9.798838537648637,0,0,,,B103
M1,tool_wear_machine,399,16.819158055853027,0,0,,,
M2,calibration_drift_machine,399,10.293567967063831,1,0,,,
M3,healthy_control_machine,399,9.989140100265987,0,0,,,
M4,bearing_degradation_machine,399,11.55993835154094,0,0,,0.0,
M5,material_batch_machine,399,10.19553293585609,0,0,,,B103
M1,tool_wear_machine,400,10.0,0,1,tool_replacement,,
M2,calibration_drift_machine,400,9.871347769743181,0,1,recalibration,,
M3,healthy_control_machine,400,9.758826722866564,0,1,routine_check,,
M4,bearing_degradation_machine,400,11.568851936796062,0,0,,0.0,
M5,material_batch_machine,400,9.955790976394422,0,1,routine_check,,B103
M1,tool_wear_machine,401,10.05898812704369,0,0,,,
M2,calibration_drift_machine,401,9.707692989706363,0,0,,,
M3,healthy_control_machine,401,9.778528683132146,0,0,,,
M4,bearing_degradation_machine,401,11.591772000045621,0,0,,0.0,
M5,material_batch_machine,401,9.829161427471501,0,0,,,B104
M1,tool_wear_machine,402,10.11082268701371,0,0,,,
M2,calibration_drift_machine,402,9.94300065915253,0,0,,,
M3,healthy_control_machine,402,10.006915384485696,0,0,,,
M4,bearing_degradation_machine,402,11.614237818613292,0,0,,0.0,
M5,material_batch_machine,402,9.800170107420682,0,0,,,B104
M1,tool_wear_machine,403,10.155947195982208,0,0,,,
M2,calibration_drift_machine,403,9.949770957126614,0,0,,,
M3,healthy_control_machine,403,9.743041206248455,0,0,,,
M4,bearing_degradation_machine,403,11.637141664803995,0,0,,0.0,
M5,material_batch_machine,403,10.245752017032267,0,0,,,B104
M1,tool_wear_machine,404,10.200261599021193,0,0,,,
M2,calibration_drift_machine,404,9.746627451035035,0,0,,,
M3,healthy_control_machine,404,9.93570344588884,0,0,,,
M4,bearing_degradation_machine,404,11.654390818436195,0,0,,0.0,
M5,material_batch_machine,404,9.960806888989882,0,0,,,B104
M1,tool_wear_machine,405,10.251727936382663,0,0,,,
M2,calibration_drift_machine,405,10.160340036495533,0,0,,,
M3,healthy_control_machine,405,9.97929218346382,0,0,,,
M4,bearing_degradation_machine,405,11.677298521232256,0,0,,0.0,
M5,material_batch_machine,405,10.258003226674644,0,0,,,B104
M1,tool_wear_machine,406,10.321232212963801,0,0,,,
M2,calibration_drift_machine,406,9.70219378680679,0,0,,,
M3,healthy_control_machine,406,9.83782977020994,0,0,,,
M4,bearing_degradation_machine,406,11.685903073337785,0,0,,0.0,
M5,material_batch_machine,406,9.989839747115981,0,0,,,B104
M1,tool_wear_machine,407,10.419903434573909,0,0,,,
M2,calibration_drift_machine,407,9.87512030622184,0,0,,,
M3,healthy_control_machine,407,10.246500536193853,0,0,,,
M4,bearing_degradation_machine,407,11.700494218115582,0,0,,0.0,
M5,material_batch_machine,407,9.941823254744278,0,0,,,B104
M1,tool_wear_machine,408,10.501787667358112,0,0,,,
M2,calibration_drift_machine,408,9.756112074158747,0,0,,,
M3,healthy_control_machine,408,10.2685741951124,0,0,,,
M4,bearing_degradation_machine,408,11.713570364905292,0,0,,0.0,
M5,material_batch_machine,408,9.7281786534446,0,0,,,B104
M1,tool_wear_machine,409,10.587585362077949,0,0,,,
M2,calibration_drift_machine,409,10.229497063040881,1,0,,,
M3,healthy_control_machine,409,9.984263975508654,0,0,,,
M4,bearing_degradation_machine,409,11.72168390942521,0,0,,0.0,
M5,material_batch_machine,409,10.018803971941965,0,0,,,B104
M1,tool_wear_machine,410,10.684807579667453,0,0,,,
M2,calibration_drift_machine,410,9.775878547242142,0,0,,,
M3,healthy_control_machine,410,10.096281832818658,0,0,,,
M4,bearing_degradation_machine,410,11.73286678590193,0,0,,0.0,
M5,material_batch_machine,410,10.196754972727188,0,0,,,B104
M1,tool_wear_machine,411,10.72713635653616,0,0,,,
M2,calibration_drift_machine,411,10.260893224266281,0,0,,,
M3,healthy_control_machine,411,9.881924916255805,0,0,,,
M4,bearing_degradation_machine,411,11.748398081058985,0,0,,0.0,
M5,material_batch_machine,411,10.257104651166268,0,0,,,B104
M1,tool_wear_machine,412,10.80715856796368,0,0,,,
M2,calibration_drift_machine,412,10.07290438668285,0,0,,,
M3,healthy_control_machine,412,10.198747483053966,0,0,,,
M4,bearing_degradation_machine,412,11.7620083641223,0,0,,0.0,
M5,material_batch_machine,412,10.183543505520065,0,0,,,B104
M1,tool_wear_machine,413,10.85864984728669,0,0,,,
M2,calibration_drift_machine,413,9.8448098223025,0,0,,,
M3,healthy_control_machine,413,10.148591094738986,0,0,,,
M4,bearing_degradation_machine,413,11.78307705803549,0,0,,0.0,
M5,material_batch_machine,413,9.930088673545026,0,0,,,B104
M1,tool_wear_machine,414,10.938652378610477,0,0,,,
M2,calibration_drift_machine,414,10.052060744706754,0,0,,,
M3,healthy_control_machine,414,9.858980236933267,0,0,,,
M4,bearing_degradation_machine,414,11.799680132092945,0,0,,0.0,
M5,material_batch_machine,414,9.929835283852603,0,0,,,B104
M1,tool_wear_machine,415,10.979872843523408,0,0,,,
M2,calibration_drift_machine,415,10.226951480639407,0,0,,,
M3,healthy_control_machine,415,9.990278137949678,0,0,,,
M4,bearing_degradation_machine,415,11.809596080708953,0,0,,0.0,
M5,material_batch_machine,415,10.106256270870187,0,0,,,B104
M1,tool_wear_machine,416,11.027733720642436,0,0,,,
M2,calibration_drift_machine,416,9.998539650033235,0,0,,,
M3,healthy_control_machine,416,9.91902854001556,0,0,,,
M4,bearing_degradation_machine,416,11.827566839501468,0,0,,0.0,
M5,material_batch_machine,416,10.142977306286985,0,0,,,B104
M1,tool_wear_machine,417,11.113640116140424,0,0,,,
M2,calibration_drift_machine,417,10.088861276356642,1,0,,,
M3,healthy_control_machine,417,10.07115108944327,0,0,,,
M4,bearing_degradation_machine,417,11.83693954805986,0,0,,0.0,
M5,material_batch_machine,417,10.20134302305439,1,0,,,B104
M1,tool_wear_machine,418,11.167838104028625,0,0,,,
M2,calibration_drift_machine,418,9.820839461676332,0,0,,,
M3,healthy_control_machine,418,9.857002819982505,0,0,,,
M4,bearing_degradation_machine,418,11.845390609507016,0,0,,0.0,
M5,material_batch_machine,418,9.814766422622439,0,0,,,B104
M1,tool_wear_machine,419,11.262323125252216,0,0,,,
M2,calibration_drift_machine,419,10.11554368004655,0,0,,,
M3,healthy_control_machine,419,9.773488850110178,0,0,,,
M4,bearing_degradation_machine,419,11.867462012603207,0,0,,0.0,
M5,material_batch_machine,419,9.869600416324696,0,0,,,B104
M1,tool_wear_machine,420,11.342601390666072,0,0,,,
M2,calibration_drift_machine,420,10.143123423685545,0,0,,,
M3,healthy_control_machine,420,10.101432109190169,0,0,,,
M4,bearing_degradation_machine,420,11.890594436559148,0,0,,0.0,
M5,material_batch_machine,420,9.83143550383593,0,0,,,B104
M1,tool_wear_machine,421,11.41967018234143,0,0,,,
M2,calibration_drift_machine,421,10.277419189872717,0,0,,,
M3,healthy_control_machine,421,10.1936561458194,0,0,,,
M4,bearing_degradation_machine,421,11.90598334026414,0,0,,0.0,
M5,material_batch_machine,421,10.126673090209172,1,0,,,B104
M1,tool_wear_machine,422,11.511255050682534,0,0,,,
M2,calibration_drift_machine,422,9.845058704487808,0,0,,,
M3,healthy_control_machine,422,9.927008549009589,0,0,,,
M4,bearing_degradation_machine,422,11.915532439959936,0,0,,0.0,
M5,material_batch_machine,422,9.945736556357506,0,0,,,B104
M1,tool_wear_machine,423,11.597528539599958,0,0,,,
M2,calibration_drift_machine,423,10.055540909658896,0,0,,,
M3,healthy_control_machine,423,10.063042752062646,0,0,,,
M4,bearing_degradation_machine,423,11.931314920528514,0,0,,0.0,
M5,material_batch_machine,423,10.25946638702641,0,0,,,B104
M1,tool_wear_machine,424,11.659669603544629,0,0,,,
M2,calibration_drift_machine,424,9.767565537609533,0,0,,,
M3,healthy_control_machine,424,9.851659515970699,0,0,,,
M4,bearing_degradation_machine,424,11.945445552025461,0,0,,0.0,
M5,material_batch_machine,424,10.066993405387608,0,0,,,B104
M1,tool_wear_machine,425,11.742551742527564,0,0,,,
M2,calibration_drift_machine,425,10.267645370841299,0,0,,,
M3,healthy_control_machine,425,9.88136602029787,0,0,,,
M4,bearing_degradation_machine,425,11.968998407619436,1,0,,0.0,
M5,material_batch_machine,425,9.72764150180528,0,0,,,B104
M1,tool_wear_machine,426,11.802864984173787,0,0,,,
M2,calibration_drift_machine,426,10.221280657490691,0,0,,,
M3,healthy_control_machine,426,10.191656712202219,0,0,,,
M4,bearing_degradation_machine,426,11.978914567082352,0,0,,0.0,
M5,material_batch_machine,426,10.18744819457434,0,0,,,B104
M1,tool_wear_machine,427,11.897725410733777,0,0,,,
M2,calibration_drift_machine,427,9.89239765284186,0,0,,,
M3,healthy_control_machine,427,9.726328653021246,0,0,,,
M4,bearing_degradation_machine,427,11.994026246729996,0,0,,0.0,
M5,material_batch_machine,427,9.814893768944872,0,0,,,B104
M1,tool_wear_machine,428,11.966816935116743,0,0,,,
M2,calibration_drift_machine,428,10.278349607243912,0,0,,,
M3,healthy_control_machine,428,9.958105545066587,0,0,,,
M4,bearing_degradation_machine,428,12.006849545712567,0,0,,0.0,
M5,material_batch_machine,428,10.073529637727868,0,0,,,B104
M1,tool_wear_machine,429,12.037061139901649,0,0,,,
M2,calibration_drift_machine,429,10.269055093324896,0,0,,,
M3,healthy_control_machine,429,9.746796319845645,0,0,,,
M4,bearing_degradation_machine,429,12.022734047246406,0,0,,0.0,
M5,material_batch_machine,429,9.777421845333654,0,0,,,B104
M1,tool_wear_machine,430,12.093543441870077,0,0,,,
M2,calibration_drift_machine,430,10.248236496403875,0,0,,,
M3,healthy_control_machine,430,10.173574392806263,0,0,,,
M4,bearing_degradation_machine,430,12.0462038960511,0,0,,0.0,
M5,material_batch_machine,430,10.092944273888715,0,0,,,B104
M1,tool_wear_machine,431,12.1904784149614,0,0,,,
M2,calibration_drift_machine,431,9.989413725149651,0,0,,,
M3,healthy_control_machine,431,9.816273478014013,0,0,,,
M4,bearing_degradation_machine,431,12.066014308128567,0,0,,0.0,
M5,material_batch_machine,431,9.911385330525507,0,0,,,B104
M1,tool_wear_machine,432,12.233465275052781,0,0,,,
M2,calibration_drift_machine,432,10.020170158785527,0,0,,,
M3,healthy_control_machine,432,10.116318005397037,0,0,,,
M4,bearing_degradation_machine,432,12.082215527583354,0,0,,0.0,
M5,material_batch_machine,432,9.725320281148779,0,0,,,B104
M1,tool_wear_machine,433,12.30613295498173,0,0,,,
M2,calibration_drift_machine,433,10.290957465064896,0,0,,,
M3,healthy_control_machine,433,10.225217943940457,0,0,,,
M4,bearing_degradation_machine,433,12.097477072604265,0,0,,0.0,
M5,material_batch_machine,433,9.81344659226701,0,0,,,B104
M1,tool_wear_machine,434,12.386584171911508,0,0,,,
M2,calibration_drift_machine,434,10.062504362903555,0,0,,,
M3,healthy_control_machine,434,10.016386537385436,0,0,,,
M4,bearing_degradation_machine,434,12.114898036926764,0,0,,0.0,
M5,material_batch_machine,434,9.895250968409565,0,0,,,B104
M1,tool_wear_machine,435,12.48513642367852,0,0,,,
M2,calibration_drift_machine,435,10.089918353021545,1,0,,,
M3,healthy_control_machine,435,10.021946914017173,0,0,,,
M4,bearing_degradation_machine,435,12.123883764691445,0,0,,0.0,
M5,material_batch_machine,435,10.04344463558066,0,0,,,B104
M1,tool_wear_machine,436,12.546953110629925,0,0,,,
M2,calibration_drift_machine,436,10.282400816676322,0,0,,,
M3,healthy_control_machine,436,9.954511033447586,0,0,,,
M4,bearing_degradation_machine,436,12.13595012117349,0,0,,0.0,
M5,material_batch_machine,436,10.12847148455495,0,0,,,B104
M1,tool_wear_machine,437,12.628357631881252,0,0,,,
M2,calibration_drift_machine,437,9.981506497655664,0,0,,,
M3,healthy_control_machine,437,9.885779086001708,0,0,,,
M4,bearing_degradation_machine,437,12.154602671596992,1,0,,0.0,
M5,material_batch_machine,437,9.826423999044943,0,0,,,B104
M1,tool_wear_machine,438,12.68513371783996,0,0,,,
M2,calibration_drift_machine,438,9.745085771906552,0,0,,,
M3,healthy_control_machine,438,9.903796372288866,0,0,,,
M4,bearing_degradation_machine,438,12.171521467511713,0,0,,0.0,
M5,material_batch_machine,438,10.0624029986437,0,0,,,B104
M1,tool_wear_machine,439,12.785067999825745,0,0,,,
M2,calibration_drift_machine,439,9.83512426012972,0,0,,,
M3,healthy_control_machine,439,9.920366620768425,0,0,,,
M4,bearing_degradation_machine,439,12.185414194994205,0,0,,0.0,
M5,material_batch_machine,439,10.190742506099463,1,0,,,B104
M1,tool_wear_machine,440,12.877315830166031,0,0,,,
M2,calibration_drift_machine,440,9.99830036843061,0,0,,,
M3,healthy_control_machine,440,10.22293111387495,0,0,,,
M4,bearing_degradation_machine,440,12.198901659309406,0,0,,0.0,
M5,material_batch_machine,440,10.276850546707944,0,0,,,B104
M1,tool_wear_machine,441,12.965764506305145,0,0,,,
M2,calibration_drift_machine,441,9.902108620868292,0,0,,,
M3,healthy_control_machine,441,9.747002930657205,0,0,,,
M4,bearing_degradation_machine,441,12.220506742639927,0,0,,0.0,
M5,material_batch_machine,441,10.034091016166984,0,0,,,B104
M1,tool_wear_machine,442,13.030664371807392,0,0,,,
M2,calibration_drift_machine,442,10.25826916032702,0,0,,,
M3,healthy_control_machine,442,9.713541149921426,0,0,,,
M4,bearing_degradation_machine,442,12.238258226853794,0,0,,0.0,
M5,material_batch_machine,442,10.003485533555398,0,0,,,B104
M1,tool_wear_machine,443,13.114381281214959,0,0,,,
M2,calibration_drift_machine,443,10.051225253674573,0,0,,,
M3,healthy_control_machine,443,9.855669502640845,0,0,,,
M4,bearing_degradation_machine,443,12.24816657360643,0,0,,0.0,
M5,material_batch_machine,443,9.94279224498913,0,0,,,B104
M1,tool_wear_machine,444,13.165893672279228,0,0,,,
M2,calibration_drift_machine,444,10.293530010052352,0,0,,,
M3,healthy_control_machine,444,10.167719009094359,0,0,,,
M4,bearing_degradation_machine,444,12.269440874492076,0,0,,0.0,
M5,material_batch_machine,444,9.969759343604643,0,0,,,B104
M1,tool_wear_machine,445,13.236367517239431,0,0,,,
M2,calibration_drift_machine,445,10.14131242347615,0,0,,,
M3,healthy_control_machine,445,10.13236977439823,0,0,,,
M4,bearing_degradation_machine,445,12.291746467069775,0,0,,0.0,
M5,material_batch_machine,445,9.788860479176277,0,0,,,B104
M1,tool_wear_machine,446,13.27686879948976,0,0,,,
M2,calibration_drift_machine,446,10.128632537222375,0,0,,,
M3,healthy_control_machine,446,10.10306756215292,0,0,,,
M4,bearing_degradation_machine,446,12.299767017878203,0,0,,0.0,
M5,material_batch_machine,446,9.744505717356587,0,0,,,B104
M1,tool_wear_machine,447,13.367268692884396,0,0,,,
M2,calibration_drift_machine,447,9.770534349472562,0,0,,,
M3,healthy_control_machine,447,9.707067925771986,0,0,,,
M4,bearing_degradation_machine,447,12.312264200045325,0,0,,0.0,
M5,material_batch_machine,447,9.81274215327905,0,0,,,B104
M1,tool_wear_machine,448,13.427455713993446,0,0,,,
M2,calibration_drift_machine,448,9.807304641104679,0,0,,,
M3,healthy_control_machine,448,9.847167582984621,0,0,,,
M4,bearing_degradation_machine,448,12.325392778714228,0,0,,0.0,
M5,material_batch_machine,448,10.114373645248804,0,0,,,B104
M1,tool_wear_machine,449,13.506492105388574,0,0,,,
M2,calibration_drift_machine,449,10.240706573930414,0,0,,,
M3,healthy_control_machine,449,10.061933281394777,0,0,,,
M4,bearing_degradation_machine,449,12.349130335510049,0,0,,0.0,
M5,material_batch_machine,449,9.970014543716681,0,0,,,B104
M1,tool_wear_machine,450,13.572790021870563,0,0,,,
M2,calibration_drift_machine,450,10.113486014188203,0,0,,,
M3,healthy_control_machine,450,9.891753655755998,0,0,,,
M4,bearing_degradation_machine,450,10.0,0,1,bearing_replacement,0.0,
M5,material_batch_machine,450,10.101631254201921,0,0,,,B104
M1,tool_wear_machine,451,13.65132671168099,0,0,,,
M2,calibration_drift_machine,451,10.166726623322127,0,0,,,
M3,healthy_control_machine,451,9.866456040880587,0,0,,,
M4,bearing_degradation_machine,451,10.019084819178078,0,0,,0.0,
M5,material_batch_machine,451,10.01057789703878,0,0,,,B104
M1,tool_wear_machine,452,13.736285632989535,0,0,,,
M2,calibration_drift_machine,452,9.73206076143461,0,0,,,
M3,healthy_control_machine,452,10.068941808740162,0,0,,,
M4,bearing_degradation_machine,452,10.028583338419798,0,0,,0.0,
M5,material_batch_machine,452,10.22866308901394,0,0,,,B104
M1,tool_wear_machine,453,13.811864717854865,0,0,,,
M2,calibration_drift_machine,453,9.948657887480222,0,0,,,
M3,healthy_control_machine,453,9.866355049809512,0,0,,,
M4,bearing_degradation_machine,453,10.048595982118675,0,0,,0.0,
M5,material_batch_machine,453,10.022427514266314,0,0,,,B104
M1,tool_wear_machine,454,13.85387030984046,0,0,,,
M2,calibration_drift_machine,454,9.968363780894274,1,0,,,
M3,healthy_control_machine,454,9.833953240641616,0,0,,,
M4,bearing_degradation_machine,454,10.063410272599262,0,0,,0.0,
M5,material_batch_machine,454,9.783832340187372,1,0,,,B104
M1,tool_wear_machine,455,13.919344666271616,0,0,,,
M2,calibration_drift_machine,455,10.01647387823304,0,0,,,
M3,healthy_control_machine,455,10.186084054447276,0,0,,,
M4,bearing_degradation_machine,455,10.081551869699027,0,0,,0.0,
M5,material_batch_machine,455,10.141572136309106,0,0,,,B104
M1,tool_wear_machine,456,13.987148126799894,0,0,,,
M2,calibration_drift_machine,456,10.144982691170572,0,0,,,
M3,healthy_control_machine,456,9.794969830419625,0,0,,,
M4,bearing_degradation_machine,456,10.091602878863995,0,0,,0.0,
M5,material_batch_machine,456,9.817864789133672,0,0,,,B104
M1,tool_wear_machine,457,14.032411185303094,0,0,,,
M2,calibration_drift_machine,457,10.09565394810995,0,0,,,
M3,healthy_control_machine,457,9.926814969660642,0,0,,,
M4,bearing_degradation_machine,457,10.111107243990931,0,0,,0.0,
M5,material_batch_machine,457,9.904628723698375,0,0,,,B104
M1,tool_wear_machine,458,14.126249095048077,0,0,,,
M2,calibration_drift_machine,458,9.718494771219623,0,0,,,
M3,healthy_control_machine,458,10.266850048126127,0,0,,,
M4,bearing_degradation_machine,458,10.124578195888127,0,0,,0.0,
M5,material_batch_machine,458,10.091358403566263,0,0,,,B104
M1,tool_wear_machine,459,14.166292106570472,0,0,,,
M2,calibration_drift_machine,459,9.840148260533416,0,0,,,
M3,healthy_control_machine,459,9.773831274154196,0,0,,,
M4,bearing_degradation_machine,459,10.137621663686165,0,0,,0.0,
M5,material_batch_machine,459,9.833854011067213,1,0,,,B104
M1,tool_wear_machine,460,14.212495802768274,0,0,,,
M2,calibration_drift_machine,460,10.009567527115253,0,0,,,
M3,healthy_control_machine,460,10.243566380755759,0,0,,,
M4,bearing_degradation_machine,460,10.151292447557962,0,0,,0.0,
M5,material_batch_machine,460,9.90156769202736,0,0,,,B104
M1,tool_wear_machine,461,14.258199194978229,0,0,,,
M2,calibration_drift_machine,461,9.823721629541067,0,0,,,
M3,healthy_control_machine,461,9.973396492931855,0,0,,,
M4,bearing_degradation_machine,461,10.170362270088535,0,0,,0.0,
M5,material_batch_machine,461,10.192441504489437,0,0,,,B104
M1,tool_wear_machine,462,14.348128942201976,0,0,,,
M2,calibration_drift_machine,462,9.708183907501528,0,0,,,
M3,healthy_control_machine,462,10.174155942365017,0,0,,,
M4,bearing_degradation_machine,462,10.186292732822668,0,0,,0.0,
M5,material_batch_machine,462,9.818878445094146,1,0,,,B104
M1,tool_wear_machine,463,14.425764446240134,0,0,,,
M2,calibration_drift_machine,463,9.816230230465779,0,0,,,
M3,healthy_control_machine,463,9.705070897637476,0,0,,,
M4,bearing_degradation_machine,463,10.194804644184977,0,0,,0.0,
M5,material_batch_machine,463,10.088333370038713,1,0,,,B104
M1,tool_wear_machine,464,14.469007303881117,0,0,,,
M2,calibration_drift_machine,464,10.23269058420149,1,0,,,
M3,healthy_control_machine,464,9.826028402375242,0,0,,,
M4,bearing_degradation_machine,464,10.207870283142215,0,0,,0.0,
M5,material_batch_machine,464,10.20926055116879,0,0,,,B104
M1,tool_wear_machine,465,14.538434568392304,0,0,,,
M2,calibration_drift_machine,465,10.046212241014334,0,0,,,
M3,healthy_control_machine,465,10.181879853361748,0,0,,,
M4,bearing_degradation_machine,465,10.231743758134677,0,0,,0.0,
M5,material_batch_machine,465,10.02249625220394,1,0,,,B104
M1,tool_wear_machine,466,14.578575416824354,0,0,,,
M2,calibration_drift_machine,466,9.772758936015482,1,0,,,
M3,healthy_control_machine,466,10.088702223164937,0,0,,,
M4,bearing_degradation_machine,466,10.24259896892025,0,0,,0.0,
M5,material_batch_machine,466,9.801300163991542,0,0,,,B104
M1,tool_wear_machine,467,14.664730450378848,0,0,,,
M2,calibration_drift_machine,467,9.857505162559926,1,0,,,
M3,healthy_control_machine,467,10.051156525305908,0,0,,,
M4,bearing_degradation_machine,467,10.258204714003144,0,0,,0.0,
M5,material_batch_machine,467,10.074966262244699,0,0,,,B104
M1,tool_wear_machine,468,14.760645214334694,0,0,,,
M2,calibration_drift_machine,468,9.737957603092404,0,0,,,
M3,healthy_control_machine,468,10.236264512657167,0,0,,,
M4,bearing_degradation_machine,468,10.27691428761535,0,0,,0.0,
M5,material_batch_machine,468,9.981076742252252,0,0,,,B104
M1,tool_wear_machine,469,14.802503450540046,0,0,,,
M2,calibration_drift_machine,469,9.9522012335173,0,0,,,
M3,healthy_control_machine,469,10.082228532102176,0,0,,,
M4,bearing_degradation_machine,469,10.299407877855337,0,0,,0.0,
M5,material_batch_machine,469,9.820203892657865,0,0,,,B104
M1,tool_wear_machine,470,14.883801030445682,0,0,,,
M2,calibration_drift_machine,470,10.169201095356366,0,0,,,
M3,healthy_control_machine,470,10.175313962965147,0,0,,,
M4,bearing_degradation_machine,470,10.317884289875886,0,0,,0.0,
M5,material_batch_machine,470,9.97319724988516,0,0,,,B104
M1,tool_wear_machine,471,14.93006984945092,0,0,,,
M2,calibration_drift_machine,471,9.757452519198015,0,0,,,
M3,healthy_control_machine,471,9.91823531268141,0,0,,,
M4,bearing_degradation_machine,471,10.330002137210313,0,0,,0.0,
M5,material_batch_machine,471,10.106244227595068,0,0,,,B104
M1,tool_wear_machine,472,14.998462640663984,0,0,,,
M2,calibration_drift_machine,472,10.236454821554707,0,0,,,
M3,healthy_control_machine,472,10.18081123496215,0,0,,,
M4,bearing_degradation_machine,472,10.341683489080031,0,0,,0.0,
M5,material_batch_machine,472,10.085325782201618,0,0,,,B104
M1,tool_wear_machine,473,15.045019407386071,0,0,,,
M2,calibration_drift_machine,473,9.86282883704775,0,0,,,
M3,healthy_control_machine,473,10.283827209708496,0,0,,,
M4,bearing_degradation_machine,473,10.353975905407289,0,0,,0.0,
M5,material_batch_machine,473,10.222118014295345,0,0,,,B104
M1,tool_wear_machine,474,15.092658120110876,0,0,,,
M2,calibration_drift_machine,474,10.115901616152307,0,0,,,
M3,healthy_control_machine,474,9.901787636502974,0,0,,,
M4,bearing_degradation_machine,474,10.369666273860288,0,0,,0.0,
M5,material_batch_machine,474,9.708913673504503,0,0,,,B104
M1,tool_wear_machine,475,15.15266019039787,0,0,,,
M2,calibration_drift_machine,475,9.961353494807625,0,0,,,
M3,healthy_control_machine,475,10.111525765051878,0,0,,,
M4,bearing_degradation_machine,475,10.38166561756012,0,0,,0.0,
M5,material_batch_machine,475,9.82828072639764,0,0,,,B104
M1,tool_wear_machine,476,15.233644364909278,0,0,,,
M2,calibration_drift_machine,476,10.137807048188344,1,0,,,
M3,healthy_control_machine,476,10.217605097767436,0,0,,,
M4,bearing_degradation_machine,476,10.399039426368565,0,0,,0.0,
M5,material_batch_machine,476,10.050854085002383,0,0,,,B104
M1,tool_wear_machine,477,15.332940091817868,0,0,,,
M2,calibration_drift_machine,477,10.180702901977195,0,0,,,
M3,healthy_control_machine,477,9.996897073972852,0,0,,,
M4,bearing_degradation_machine,477,10.419366014961664,0,0,,0.0,
M5,material_batch_machine,477,10.138661789802137,0,0,,,B104
M1,tool_wear_machine,478,15.383242691156289,0,0,,,
M2,calibration_drift_machine,478,10.07734308695417,1,0,,,
M3,healthy_control_machine,478,9.869977916798621,1,0,,,
M4,bearing_degradation_machine,478,10.42939699188445,0,0,,0.0,
M5,material_batch_machine,478,9.924163395720436,0,0,,,B104
M1,tool_wear_machine,479,15.427054834501725,0,0,,,
M2,calibration_drift_machine,479,10.023388524670072,0,0,,,
M3,healthy_control_machine,479,10.122117004108919,0,0,,,
M4,bearing_degradation_machine,479,10.44338001130211,0,0,,0.0,
M5,material_batch_machine,479,10.020532245958748,0,0,,,B104
M1,tool_wear_machine,480,15.473243640154426,0,0,,,
M2,calibration_drift_machine,480,9.808750153330932,0,0,,,
M3,healthy_control_machine,480,9.941376806845792,0,0,,,
M4,bearing_degradation_machine,480,10.466784568229803,0,0,,0.0,
M5,material_batch_machine,480,10.111323172337574,0,0,,,B104
M1,tool_wear_machine,481,15.524931268313061,0,0,,,
M2,calibration_drift_machine,481,9.991834976853337,0,0,,,
M3,healthy_control_machine,481,9.872891281466442,0,0,,,
M4,bearing_degradation_machine,481,10.486472802694225,0,0,,0.0,
M5,material_batch_machine,481,9.873285981972455,0,0,,,B104
M1,tool_wear_machine,482,15.579391043792816,0,0,,,
M2,calibration_drift_machine,482,9.918890857784714,0,0,,,
M3,healthy_control_machine,482,9.901005141974618,0,0,,,
M4,bearing_degradation_machine,482,10.500517551876776,0,0,,0.0,
M5,material_batch_machine,482,9.94444316296681,0,0,,,B104
M1,tool_wear_machine,483,15.642026162935757,0,0,,,
M2,calibration_drift_machine,483,9.776220145583938,1,0,,,
M3,healthy_control_machine,483,9.794596616078145,0,0,,,
M4,bearing_degradation_machine,483,10.520689700810966,0,0,,0.0,
M5,material_batch_machine,483,9.87706531611057,0,0,,,B104
M1,tool_wear_machine,484,15.734302782223027,0,0,,,
M2,calibration_drift_machine,484,10.238677483835216,0,0,,,
M3,healthy_control_machine,484,9.915725886712002,0,0,,,
M4,bearing_degradation_machine,484,10.53811900713013,0,0,,0.0,
M5,material_batch_machine,484,10.028812898337481,0,0,,,B104
M1,tool_wear_machine,485,15.821864986569873,0,0,,,
M2,calibration_drift_machine,485,10.126103959954097,0,0,,,
M3,healthy_control_machine,485,9.947048600554146,0,0,,,
M4,bearing_degradation_machine,485,10.556829600158188,0,0,,0.0,
M5,material_batch_machine,485,9.706402076203698,0,0,,,B104
M1,tool_wear_machine,486,15.886635350435407,0,0,,,
M2,calibration_drift_machine,486,10.288617693469046,0,0,,,
M3,healthy_control_machine,486,9.751359731693661,0,0,,,
M4,bearing_degradation_machine,486,10.576964058926736,0,0,,0.0,
M5,material_batch_machine,486,10.11761884419347,0,0,,,B104
M1,tool_wear_machine,487,15.933113097322057,0,0,,,
M2,calibration_drift_machine,487,10.012393212240466,0,0,,,
M3,healthy_control_machine,487,9.953467474018527,0,0,,,
M4,bearing_degradation_machine,487,10.585387209368298,0,0,,0.0,
M5,material_batch_machine,487,9.96476460205004,1,0,,,B104
M1,tool_wear_machine,488,15.977583725031174,0,0,,,
M2,calibration_drift_machine,488,10.115925725331321,1,0,,,
M3,healthy_control_machine,488,10.16279388593011,0,0,,,
M4,bearing_degradation_machine,488,10.603270322747315,0,0,,0.0,
M5,material_batch_machine,488,9.828912763855,1,0,,,B104
M1,tool_wear_machine,489,16.029651917586598,0,0,,,
M2,calibration_drift_machine,489,9.951069698305275,0,0,,,
M3,healthy_control_machine,489,9.862404763579173,0,0,,,
M4,bearing_degradation_machine,489,10.62095194870311,0,0,,0.0,
M5,material_batch_machine,489,9.778558751276066,0,0,,,B104
M1,tool_wear_machine,490,16.08201634438283,0,0,,,
M2,calibration_drift_machine,490,10.19518504145379,1,0,,,
M3,healthy_control_machine,490,10.218538361356934,0,0,,,
M4,bearing_degradation_machine,490,10.640861839971974,0,0,,0.0,
M5,material_batch_machine,490,9.991823260495089,0,0,,,B104
M1,tool_wear_machine,491,16.169120656076636,0,0,,,
M2,calibration_drift_machine,491,9.807878688097045,0,0,,,
M3,healthy_control_machine,491,10.151791715823512,0,0,,,
M4,bearing_degradation_machine,491,10.649387047953082,0,0,,0.0,
M5,material_batch_machine,491,9.818388382345637,0,0,,,B104
M1,tool_wear_machine,492,16.226036429181733,0,0,,,
M2,calibration_drift_machine,492,9.795121695099954,0,0,,,
M3,healthy_control_machine,492,9.840037761674877,0,0,,,
M4,bearing_degradation_machine,492,10.665660982162896,0,0,,0.0,
M5,material_batch_machine,492,9.962220235269863,0,0,,,B104
M1,tool_wear_machine,493,16.31064908535997,0,0,,,
M2,calibration_drift_machine,493,9.802456170070231,0,0,,,
M3,healthy_control_machine,493,9.954063282939876,0,0,,,
M4,bearing_degradation_machine,493,10.67639182112773,0,0,,0.0,
M5,material_batch_machine,493,10.057027806954256,1,0,,,B104
M1,tool_wear_machine,494,16.387009985508737,0,0,,,
M2,calibration_drift_machine,494,10.129397591243388,0,0,,,
M3,healthy_control_machine,494,10.053837421645879,0,0,,,
M4,bearing_degradation_machine,494,10.698125795203907,0,0,,0.0,
M5,material_batch_machine,494,9.825572656918071,1,0,,,B104
M1,tool_wear_machine,495,16.4415003591201,0,0,,,
M2,calibration_drift_machine,495,9.96909113680158,0,0,,,
M3,healthy_control_machine,495,9.971309763616064,0,0,,,
M4,bearing_degradation_machine,495,10.706893118922899,0,0,,0.0,
M5,material_batch_machine,495,9.836837090140012,1,0,,,B104
M1,tool_wear_machine,496,16.489320802534245,0,0,,,
M2,calibration_drift_machine,496,10.291515064246562,0,0,,,
M3,healthy_control_machine,496,9.819449387696775,0,0,,,
M4,bearing_degradation_machine,496,10.715917815304737,0,0,,0.0,
M5,material_batch_machine,496,9.948355634831554,0,0,,,B104
M1,tool_wear_machine,497,16.54173102917124,0,0,,,
M2,calibration_drift_machine,497,9.807795573417946,0,0,,,
M3,healthy_control_machine,497,10.215203232957698,0,0,,,
M4,bearing_degradation_machine,497,10.736488480935847,0,0,,0.0,
M5,material_batch_machine,497,10.085700034489443,0,0,,,B104
M1,tool_wear_machine,498,16.639139909406694,0,0,,,
M2,calibration_drift_machine,498,10.240891510660449,0,0,,,
M3,healthy_control_machine,498,10.297362521082103,0,0,,,
M4,bearing_degradation_machine,498,10.751476915645021,0,0,,0.0,
M5,material_batch_machine,498,9.802661487048042,0,0,,,B104
M1,tool_wear_machine,499,16.721434577370573,0,0,,,
M2,calibration_drift_machine,499,10.092193885843372,0,0,,,
M3,healthy_control_machine,499,9.848759469883484,0,0,,,
M4,bearing_degradation_machine,499,10.774391058291393,0,0,,0.0,
M5,material_batch_machine,499,10.186181979474,0,0,,,B104
M1,tool_wear_machine,500,10.0,0,1,tool_replacement,,
M2,calibration_drift_machine,500,10.286796054242942,0,1,recalibration,,
M3,healthy_control_machine,500,9.802085644106295,0,1,routine_check,,
M4,bearing_degradation_machine,500,10.82616265692128,0,0,,0.0,
M5,material_batch_machine,500,10.057709601641426,0,1,routine_check,,B104
M1,tool_wear_machine,501,10.057276045645594,0,0,,,
M2,calibration_drift_machine,501,10.127560844379037,0,0,,,
M3,healthy_control_machine,501,9.851321441295598,0,0,,,
M4,bearing_degradation_machine,501,10.905867429384395,0,0,,0.0,
M5,material_batch_machine,501,10.022450163159885,1,0,,,B105
M1,tool_wear_machine,502,10.123922825956118,0,0,,,
M2,calibration_drift_machine,502,10.08109419331836,0,0,,,
M3,healthy_control_machine,502,10.03422855171534,0,0,,,
M4,bearing_degradation_machine,502,10.964182210815666,0,0,,0.0,
M5,material_batch_machine,502,10.104515269969001,0,0,,,B105
M1,tool_wear_machine,503,10.203472158632126,0,0,,,
M2,calibration_drift_machine,503,10.181827314805528,0,0,,,
M3,healthy_control_machine,503,9.7574140696348,0,0,,,
M4,bearing_degradation_machine,503,10.997280244452611,0,0,,0.0,
M5,material_batch_machine,503,10.163219071583413,0,0,,,B105
M1,tool_wear_machine,504,10.253703981995752,0,0,,,
M2,calibration_drift_machine,504,10.22911288049241,0,0,,,
M3,healthy_control_machine,504,10.251422966217202,0,0,,,
M4,bearing_degradation_machine,504,11.050377253361276,0,0,,0.0,
M5,material_batch_machine,504,9.741917152410798,0,0,,,B105
M1,tool_wear_machine,505,10.304073185083139,0,0,,,
M2,calibration_drift_machine,505,9.861984182113277,0,0,,,
M3,healthy_control_machine,505,9.83291629114142,0,0,,,
M4,bearing_degradation_machine,505,11.104715400045759,0,0,,0.0,
M5,material_batch_machine,505,9.94173401863003,0,0,,,B105
M1,tool_wear_machine,506,10.388491966933776,0,0,,,
M2,calibration_drift_machine,506,9.908662058562662,0,0,,,
M3,healthy_control_machine,506,9.951017823057276,0,0,,,
M4,bearing_degradation_machine,506,11.18094440477234,0,0,,0.0,
M5,material_batch_machine,506,10.226493545038894,0,0,,,B105
M1,tool_wear_machine,507,10.48315290893253,0,0,,,
M2,calibration_drift_machine,507,9.839831912790915,0,0,,,
M3,healthy_control_machine,507,9.758624365232055,0,0,,,
M4,bearing_degradation_machine,507,11.2179660060747,0,0,,0.0,
M5,material_batch_machine,507,9.866215269321774,0,0,,,B105
M1,tool_wear_machine,508,10.540160577888374,0,0,,,
M2,calibration_drift_machine,508,9.832896129315785,0,0,,,
M3,healthy_control_machine,508,9.873515891179522,0,0,,,
M4,bearing_degradation_machine,508,11.2907864006282,0,0,,0.0,
M5,material_batch_machine,508,9.859020950884329,0,0,,,B105
M1,tool_wear_machine,509,10.607109470052308,0,0,,,
M2,calibration_drift_machine,509,10.131162244414117,0,0,,,
M3,healthy_control_machine,509,9.947654992166436,0,0,,,
M4,bearing_degradation_machine,509,11.35148246359745,0,0,,0.0,
M5,material_batch_machine,509,9.960234221698853,0,0,,,B105
M1,tool_wear_machine,510,10.649246199068678,0,0,,,
M2,calibration_drift_machine,510,10.0353045225728,0,0,,,
M3,healthy_control_machine,510,9.851333880538371,0,0,,,
M4,bearing_degradation_machine,510,11.432524018140679,0,0,,0.0,
M5,material_batch_machine,510,10.125959844060548,0,0,,,B105
M1,tool_wear_machine,511,10.697876267328096,1,0,,,
M2,calibration_drift_machine,511,9.805716643698549,0,0,,,
M3,healthy_control_machine,511,10.051291562989022,0,0,,,
M4,bearing_degradation_machine,511,11.465392633539444,0,0,,0.0,
M5,material_batch_machine,511,10.011362418558853,0,0,,,B105
M1,tool_wear_machine,512,10.795648496968205,0,0,,,
M2,calibration_drift_machine,512,10.044040975538623,0,0,,,
M3,healthy_control_machine,512,9.893787240018284,0,0,,,
M4,bearing_degradation_machine,512,11.508100115831946,0,0,,0.0,
M5,material_batch_machine,512,9.873698719071832,0,0,,,B105
M1,tool_wear_machine,513,10.861244011031468,0,0,,,
M2,calibration_drift_machine,513,10.015259198985785,0,0,,,
M3,healthy_control_machine,513,9.997430206046966,0,0,,,
M4,bearing_degradation_machine,513,11.578305419554882,0,0,,0.0,
M5,material_batch_machine,513,9.913581034499343,0,0,,,B105
M1,tool_wear_machine,514,10.911809368308099,0,0,,,
M2,calibration_drift_machine,514,9.972500482100658,0,0,,,
M3,healthy_control_machine,514,9.934655346488933,0,0,,,
M4,bearing_degradation_machine,514,11.611335661698918,0,0,,0.0,
M5,material_batch_machine,514,10.00284368522821,0,0,,,B105
M1,tool_wear_machine,515,10.958039731474756,0,0,,,
M2,calibration_drift_machine,515,10.065824917322056,0,0,,,
M3,healthy_control_machine,515,9.804143286490865,0,0,,,
M4,bearing_degradation_machine,515,11.68719423963542,1,0,,0.0,
M5,material_batch_machine,515,10.013894889890585,0,0,,,B105
M1,tool_wear_machine,516,11.00790329253446,0,0,,,
M2,calibration_drift_machine,516,9.776308713530133,0,0,,,
M3,healthy_control_machine,516,9.85283230027453,0,0,,,
M4,bearing_degradation_machine,516,11.746343477700865,0,0,,0.0,
M5,material_batch_machine,516,9.903381955703694,0,0,,,B105
M1,tool_wear_machine,517,11.099376643649235,0,0,,,
M2,calibration_drift_machine,517,10.039866211051976,0,0,,,
M3,healthy_control_machine,517,10.139342748455373,0,0,,,
M4,bearing_degradation_machine,517,11.811761594770507,0,0,,0.0,
M5,material_batch_machine,517,9.782179980726541,0,0,,,B105
M1,tool_wear_machine,518,11.146969362321016,0,0,,,
M2,calibration_drift_machine,518,9.854958614732299,0,0,,,
M3,healthy_control_machine,518,10.111990254012422,0,0,,,
M4,bearing_degradation_machine,518,11.862993060737898,0,0,,0.0,
M5,material_batch_machine,518,9.907759630472759,0,0,,,B105
M1,tool_wear_machine,519,11.229528220009225,0,0,,,
M2,calibration_drift_machine,519,10.046232005028127,0,0,,,
M3,healthy_control_machine,519,10.295682386911608,0,0,,,
M4,bearing_degradation_machine,519,11.895044570232717,0,0,,0.0,
M5,material_batch_machine,519,9.905826403475807,0,0,,,B105
M1,tool_wear_machine,520,11.312753184154767,0,0,,,
M2,calibration_drift_machine,520,9.725128236303265,0,0,,,
M3,healthy_control_machine,520,10.252118191644565,0,0,,,
M4,bearing_degradation_machine,520,11.955160546989088,0,0,,0.0,
M5,material_batch_machine,520,10.094318596984037,0,0,,,B105
M1,tool_wear_machine,521,11.355446045143129,0,0,,,
M2,calibration_drift_machine,521,9.717398046601568,0,0,,,
M3,healthy_control_machine,521,9.774607190465446,0,0,,,
M4,bearing_degradation_machine,521,11.986772025094616,0,0,,0.0,
M5,material_batch_machine,521,9.707653887824458,0,0,,,B105
M1,tool_wear_machine,522,11.42052599815835,0,0,,,
M2,calibration_drift_machine,522,9.910141968596246,0,0,,,
M3,healthy_control_machine,522,10.102907084368622,1,0,,,
M4,bearing_degradation_machine,522,12.066552486997306,0,0,,0.0,
M5,material_batch_machine,522,9.965748458825178,1,0,,,B105
M1,tool_wear_machine,523,11.47970512189367,0,0,,,
M2,calibration_drift_machine,523,10.134922512147929,0,0,,,
M3,healthy_control_machine,523,9.759798353246065,0,0,,,
M4,bearing_degradation_machine,523,12.141132463807676,0,0,,0.0,
M5,material_batch_machine,523,9.745056187483188,0,0,,,B105
M1,tool_wear_machine,524,11.541610142290732,0,0,,,
M2,calibration_drift_machine,524,10.153262363509349,0,0,,,
M3,healthy_control_machine,524,10.082801941129748,0,0,,,
M4,bearing_degradation_machine,524,12.200141244765984,0,0,,0.0,
M5,material_batch_machine,524,9.98973666195916,0,0,,,B105
M1,tool_wear_machine,525,11.631361049087728,0,0,,,
M2,calibration_drift_machine,525,10.016242563108076,1,0,,,
M3,healthy_control_machine,525,10.196825971464552,0,0,,,
M4,bearing_degradation_machine,525,12.261423821865872,0,0,,0.0,
M5,material_batch_machine,525,9.802794726672625,0,0,,,B105
M1,tool_wear_machine,526,11.707927766927364,0,0,,,
M2,calibration_drift_machine,526,10.236120750099062,0,0,,,
M3,healthy_control_machine,526,9.977416868348644,0,0,,,
M4,bearing_degradation_machine,526,12.337784134041666,0,0,,0.0,
M5,material_batch_machine,526,10.046175490072587,0,0,,,B105
M1,tool_wear_machine,527,11.797373436356427,1,0,,,
M2,calibration_drift_machine,527,9.903522058763151,0,0,,,
M3,healthy_control_machine,527,10.210890669588396,0,0,,,
M4,bearing_degradation_machine,527,12.413561820845882,0,0,,0.0,
M5,material_batch_machine,527,10.055148642651442,0,0,,,B105
M1,tool_wear_machine,528,11.871653808063611,0,0,,,
M2,calibration_drift_machine,528,10.057884746526371,0,0,,,
M3,healthy_control_machine,528,9.957761646069129,0,0,,,
M4,bearing_degradation_machine,528,12.459971596193459,0,0,,0.0,
M5,material_batch_machine,528,10.032056620472241,1,0,,,B105
M1,tool_wear_machine,529,11.953444239072224,0,0,,,
M2,calibration_drift_machine,529,10.190790862646324,0,0,,,
M3,healthy_control_machine,529,9.822230435966599,0,0,,,
M4,bearing_degradation_machine,529,12.51465940103394,0,0,,0.0,
M5,material_batch_machine,529,10.248146806841618,0,0,,,B105
M1,tool_wear_machine,530,12.03693885538239,0,0,,,
M2,calibration_drift_machine,530,9.90434556245267,0,0,,,
M3,healthy_control_machine,530,9.998877804510387,0,0,,,
M4,bearing_degradation_machine,530,12.558712393586013,0,0,,0.0,
M5,material_batch_machine,530,10.187757043236362,1,0,,,B105
M1,tool_wear_machine,531,12.116475423018475,0,0,,,
M2,calibration_drift_machine,531,9.9909953707465,0,0,,,
M3,healthy_control_machine,531,9.929174811427162,0,0,,,
M4,bearing_degradation_machine,531,12.593126234212288,0,0,,0.0,
M5,material_batch_machine,531,9.972562434616256,0,0,,,B105
M1,tool_wear_machine,532,12.162922616004987,0,0,,,
M2,calibration_drift_machine,532,9.82703006707718,0,0,,,
M3,healthy_control_machine,532,10.285642351619142,0,0,,,
M4,bearing_degradation_machine,532,12.6466693579133,0,0,,0.0,
M5,material_batch_machine,532,10.02827658554134,1,0,,,B105
M1,tool_wear_machine,533,12.221823112516374,0,0,,,
M2,calibration_drift_machine,533,10.21547821585074,0,0,,,
M3,healthy_control_machine,533,9.82070378026834,0,0,,,
M4,bearing_degradation_machine,533,12.722418662486998,0,0,,0.0,
M5,material_batch_machine,533,9.718297928711653,0,0,,,B105
M1,tool_wear_machine,534,12.315018488286512,0,0,,,
M2,calibration_drift_machine,534,10.010290217370326,0,0,,,
M3,healthy_control_machine,534,10.170512307539248,0,0,,,
M4,bearing_degradation_machine,534,12.790884919077726,0,0,,0.0,
M5,material_batch_machine,534,9.782939252071202,0,0,,,B105
M1,tool_wear_machine,535,12.413813354253454,0,0,,,
M2,calibration_drift_machine,535,9.959783829903824,1,0,,,
M3,healthy_control_machine,535,10.121298597188988,0,0,,,
M4,bearing_degradation_machine,535,12.867722858647534,0,0,,0.0,
M5,material_batch_machine,535,9.894588198325348,0,0,,,B105
M1,tool_wear_machine,536,12.461938485242523,0,0,,,
M2,calibration_drift_machine,536,10.186738335040815,0,0,,,
M3,healthy_control_machine,536,10.26597903834739,0,0,,,
M4,bearing_degradation_machine,536,12.925964493414133,0,0,,0.0,
M5,material_batch_machine,536,10.217291774975873,0,0,,,B105
M1,tool_wear_machine,537,12.530009436240046,0,0,,,
M2,calibration_drift_machine,537,9.935770458994812,0,0,,,
M3,healthy_control_machine,537,10.06064959923593,0,0,,,
M4,bearing_degradation_machine,537,13.007197646146386,0,0,,0.0,
M5,material_batch_machine,537,10.096584292389805,0,0,,,B105
M1,tool_wear_machine,538,12.598885873349703,0,0,,,
M2,calibration_drift_machine,538,9.819023523908621,0,0,,,
M3,healthy_control_machine,538,10.14035222217262,0,0,,,
M4,bearing_degradation_machine,538,13.055085024931826,0,0,,0.0,
M5,material_batch_machine,538,9.997645287100319,0,0,,,B105
M1,tool_wear_machine,539,12.646454020527448,0,0,,,
M2,calibration_drift_machine,539,10.09569403487475,0,0,,,
M3,healthy_control_machine,539,10.0827582937478,0,0,,,
M4,bearing_degradation_machine,539,13.103724523197377,0,0,,0.0,
M5,material_batch_machine,539,9.862545533948122,0,0,,,B105
M1,tool_wear_machine,540,12.688367108239964,0,0,,,
M2,calibration_drift_machine,540,9.819923784789665,0,0,,,
M3,healthy_control_machine,540,10.037875956335228,1,0,,,
M4,bearing_degradation_machine,540,13.155766598076813,0,0,,0.0,
M5,material_batch_machine,540,9.700031696159378,0,0,,,B105
M1,tool_wear_machine,541,12.777219634263243,0,0,,,
M2,calibration_drift_machine,541,10.260315277471443,0,0,,,
M3,healthy_control_machine,541,9.75597243083318,0,0,,,
M4,bearing_degradation_machine,541,13.237521932696769,0,0,,0.0,
M5,material_batch_machine,541,10.25970773281618,1,0,,,B105
M1,tool_wear_machine,542,12.847286816312764,0,0,,,
M2,calibration_drift_machine,542,10.049811188466482,0,0,,,
M3,healthy_control_machine,542,9.73859153391615,0,0,,,
M4,bearing_degradation_machine,542,13.266835637913154,0,0,,0.0,
M5,material_batch_machine,542,10.053560403254,0,0,,,B105
M1,tool_wear_machine,543,12.903269474798567,0,0,,,
M2,calibration_drift_machine,543,9.941566863004098,0,0,,,
M3,healthy_control_machine,543,10.14209009909782,0,0,,,
M4,bearing_degradation_machine,543,13.301700294677557,1,0,,0.0,
M5,material_batch_machine,543,9.997731687693955,0,0,,,B105
M1,tool_wear_machine,544,12.963353594393322,0,0,,,
M2,calibration_drift_machine,544,10.122361544396698,0,0,,,
M3,healthy_control_machine,544,9.99351791078837,0,0,,,
M4,bearing_degradation_machine,544,13.340865620542152,0,0,,0.0,
M5,material_batch_machine,544,9.896332709896873,0,0,,,B105
M1,tool_wear_machine,545,13.013497059341345,0,0,,,
M2,calibration_drift_machine,545,9.972252256150211,0,0,,,
M3,healthy_control_machine,545,10.079970089399797,0,0,,,
M4,bearing_degradation_machine,545,13.371371700842023,0,0,,0.0,
M5,material_batch_machine,545,10.098222687355754,0,0,,,B105
M1,tool_wear_machine,546,13.096665273220147,0,0,,,
M2,calibration_drift_machine,546,10.024712833514215,1,0,,,
M3,healthy_control_machine,546,9.950781726151916,0,0,,,
M4,bearing_degradation_machine,546,13.439776360513253,0,0,,0.0,
M5,material_batch_machine,546,9.832900630512311,0,0,,,B105
M1,tool_wear_machine,547,13.169595778555756,0,0,,,
M2,calibration_drift_machine,547,10.269222950943508,0,0,,,
M3,healthy_control_machine,547,10.180850086545176,0,0,,,
M4,bearing_degradation_machine,547,13.4732920604473,0,0,,0.0,
M5,material_batch_machine,547,9.851448287785937,0,0,,,B105
M1,tool_wear_machine,548,13.21947981908902,0,0,,,
M2,calibration_drift_machine,548,9.909917016533488,0,0,,,
M3,healthy_control_machine,548,10.033157993564764,0,0,,,
M4,bearing_degradation_machine,548,13.54637305126844,0,0,,0.0,
M5,material_batch_machine,548,9.95723508505089,0,0,,,B105
M1,tool_wear_machine,549,13.316017875363091,0,0,,,
M2,calibration_drift_machine,549,9.902626464834535,0,0,,,
M3,healthy_control_machine,549,10.159470575629435,0,0,,,
M4,bearing_degradation_machine,549,13.6144957219764,0,0,,0.0,
M5,material_batch_machine,549,10.104400822641912,0,0,,,B105
M1,tool_wear_machine,550,13.406623543105635,0,0,,,
M2,calibration_drift_machine,550,10.299052740354265,0,0,,,
M3,healthy_control_machine,550,10.090718627257207,0,0,,,
M4,bearing_degradation_machine,550,13.648789168572408,0,0,,0.0,
M5,material_batch_machine,550,9.79759133091394,0,0,,,B105
M1,tool_wear_machine,551,13.487829610841466,0,0,,,
M2,calibration_drift_machine,551,9.95154954959138,0,0,,,
M3,healthy_control_machine,551,10.003098410975989,0,0,,,
M4,bearing_degradation_machine,551,13.721901694853118,0,0,,0.0,
M5,material_batch_machine,551,9.745332696257663,0,0,,,B105
M1,tool_wear_machine,552,13.569548747818928,0,0,,,
M2,calibration_drift_machine,552,9.878787876797361,1,0,,,
M3,healthy_control_machine,552,10.0468450295109,0,0,,,
M4,bearing_degradation_machine,552,13.779854569175608,0,0,,0.0,
M5,material_batch_machine,552,10.299170391498631,0,0,,,B105
M1,tool_wear_machine,553,13.653167540099677,0,0,,,
M2,calibration_drift_machine,553,9.705551513461542,0,0,,,
M3,healthy_control_machine,553,9.713541817944066,0,0,,,
M4,bearing_degradation_machine,553,13.824318758936926,0,0,,0.0,
M5,material_batch_machine,553,9.819297118171889,0,0,,,B105
M1,tool_wear_machine,554,13.70261025099181,0,0,,,
M2,calibration_drift_machine,554,9.76623654054996,0,0,,,
M3,healthy_control_machine,554,10.0589094673252,0,0,,,
M4,bearing_degradation_machine,554,13.881865728519893,0,0,,0.0,
M5,material_batch_machine,554,10.166311545663765,0,0,,,B105
M1,tool_wear_machine,555,13.793262826138383,0,0,,,
M2,calibration_drift_machine,555,10.193732840976102,0,0,,,
M3,healthy_control_machine,555,9.874385781583918,0,0,,,
M4,bearing_degradation_machine,555,13.926461220825205,0,0,,0.0,
M5,material_batch_machine,555,9.842509672356437,0,0,,,B105
M1,tool_wear_machine,556,13.861817205786775,0,0,,,
M2,calibration_drift_machine,556,10.129637832051735,0,0,,,
M3,healthy_control_machine,556,9.969125529621076,0,0,,,
M4,bearing_degradation_machine,556,13.962658112554188,0,0,,0.0,
M5,material_batch_machine,556,9.905027127605013,0,0,,,B105
M1,tool_wear_machine,557,13.90299819870966,0,0,,,
M2,calibration_drift_machine,557,10.187909288370676,0,0,,,
M3,healthy_control_machine,557,10.245559026073204,0,0,,,
M4,bearing_degradation_machine,557,14.010826070945967,0,0,,0.0,
M5,material_batch_machine,557,10.28731360910694,0,0,,,B105
M1,tool_wear_machine,558,13.959794438491175,0,0,,,
M2,calibration_drift_machine,558,9.874733991146966,0,0,,,
M3,healthy_control_machine,558,10.23955018418894,0,0,,,
M4,bearing_degradation_machine,558,14.03914142445986,0,0,,0.0,
M5,material_batch_machine,558,9.807507804775193,0,0,,,B105
M1,tool_wear_machine,559,14.027650780650635,0,0,,,
M2,calibration_drift_machine,559,10.27361182629194,0,0,,,
M3,healthy_control_machine,559,10.141610421019202,0,0,,,
M4,bearing_degradation_machine,559,14.119166594060001,0,0,,0.0,
M5,material_batch_machine,559,10.026718775742705,0,0,,,B105
M1,tool_wear_machine,560,14.072203079124078,0,0,,,
M2,calibration_drift_machine,560,9.8134103696479,0,0,,,
M3,healthy_control_machine,560,10.017661444324766,0,0,,,
M4,bearing_degradation_machine,560,14.165217547712533,0,0,,0.0,
M5,material_batch_machine,560,9.756677455480652,0,0,,,B105
M1,tool_wear_machine,561,14.169147242742802,0,0,,,
M2,calibration_drift_machine,561,9.917879554155677,0,0,,,
M3,healthy_control_machine,561,9.96451306762151,0,0,,,
M4,bearing_degradation_machine,561,14.236588283191988,0,0,,0.0,
M5,material_batch_machine,561,9.900481847125704,0,0,,,B105
M1,tool_wear_machine,562,14.217884967054331,1,0,,,
M2,calibration_drift_machine,562,10.272668616911792,1,0,,,
M3,healthy_control_machine,562,10.140016908839256,0,0,,,
M4,bearing_degradation_machine,562,14.300723837490107,0,0,,0.0,
M5,material_batch_machine,562,9.743363025406811,0,0,,,B105
M1,tool_wear_machine,563,14.289926630877414,0,0,,,
M2,calibration_drift_machine,563,10.072499579664516,0,0,,,
M3,healthy_control_machine,563,10.194833898446152,0,0,,,
M4,bearing_degradation_machine,563,14.334457927406525,0,0,,0.0,
M5,material_batch_machine,563,9.730512381300244,0,0,,,B105
M1,tool_wear_machine,564,14.346382341886947,0,0,,,
M2,calibration_drift_machine,564,9.78036473164,0,0,,,
M3,healthy_control_machine,564,9.808392941254702,0,0,,,
M4,bearing_degradation_machine,564,14.382372759364948,0,0,,0.0,
M5,material_batch_machine,564,9.925299173212432,0,0,,,B105
M1,tool_wear_machine,565,14.406969272871969,0,0,,,
M2,calibration_drift_machine,565,9.711503746449939,0,0,,,
M3,healthy_control_machine,565,9.726342768178382,0,0,,,
M4,bearing_degradation_machine,565,14.453713182579076,0,0,,0.0,
M5,material_batch_machine,565,10.242044653517675,0,0,,,B105
M1,tool_wear_machine,566,14.505930567247447,0,0,,,
M2,calibration_drift_machine,566,10.2632499329679,0,0,,,
M3,healthy_control_machine,566,9.965293682867687,0,0,,,
M4,bearing_degradation_machine,566,14.503533998227208,0,0,,0.0,
M5,material_batch_machine,566,9.931282260819842,0,0,,,B105
M1,tool_wear_machine,567,14.58765182229136,0,0,,,
M2,calibration_drift_machine,567,9.871708522478745,0,0,,,
M3,healthy_control_machine,567,9.711114746047574,0,0,,,
M4,bearing_degradation_machine,567,14.53274510980507,0,0,,0.0,
M5,material_batch_machine,567,10.169437485186675,0,0,,,B105
M1,tool_wear_machine,568,14.663041885957746,0,0,,,
M2,calibration_drift_machine,568,9.797137366031414,0,0,,,
M3,healthy_control_machine,568,10.011669271834743,0,0,,,
M4,bearing_degradation_machine,568,14.613662165371075,0,0,,0.0,
M5,material_batch_machine,568,9.7235518318426,0,0,,,B105
M1,tool_wear_machine,569,14.747718106697949,0,0,,,
M2,calibration_drift_machine,569,10.123739499119068,0,0,,,
M3,healthy_control_machine,569,10.11884460308719,0,0,,,
M4,bearing_degradation_machine,569,14.650617307092425,0,0,,0.0,
M5,material_batch_machine,569,10.004987016566016,1,0,,,B105
M1,tool_wear_machine,570,14.806499627980042,0,0,,,
M2,calibration_drift_machine,570,9.970349495689671,0,0,,,
M3,healthy_control_machine,570,9.929860860154351,0,0,,,
M4,bearing_degradation_machine,570,14.732781246673689,0,0,,0.0,
M5,material_batch_machine,570,10.146101521467445,0,0,,,B105
M1,tool_wear_machine,571,14.895041700994463,0,0,,,
M2,calibration_drift_machine,571,10.129381330334658,0,0,,,
M3,healthy_control_machine,571,9.803565467741365,1,0,,,
M4,bearing_degradation_machine,571,14.786031851246904,0,0,,0.0,
M5,material_batch_machine,571,9.988428433890613,0,0,,,B105
M1,tool_wear_machine,572,14.947946814721568,0,0,,,
M2,calibration_drift_machine,572,10.1310761069939,0,0,,,
M3,healthy_control_machine,572,10.128452213611011,0,0,,,
M4,bearing_degradation_machine,572,14.821775280796862,0,0,,0.0,
M5,material_batch_machine,572,10.148897079417218,0,0,,,B105
M1,tool_wear_machine,573,15.03492286508596,0,0,,,
M2,calibration_drift_machine,573,10.111819963947207,1,0,,,
M3,healthy_control_machine,573,10.082693307555646,1,0,,,
M4,bearing_degradation_machine,573,14.851621989643087,0,0,,0.0,
M5,material_batch_machine,573,9.721622426499513,0,0,,,B105
M1,tool_wear_machine,574,15.095633655383699,0,0,,,
M2,calibration_drift_machine,574,10.16108067739848,0,0,,,
M3,healthy_control_machine,574,9.845628992079149,0,0,,,
M4,bearing_degradation_machine,574,14.890676598731996,0,0,,0.0,
M5,material_batch_machine,574,9.828733912798,0,0,,,B105
M1,tool_wear_machine,575,15.181287143761374,0,0,,,
M2,calibration_drift_machine,575,10.159615539711577,0,0,,,
M3,healthy_control_machine,575,9.952826164728313,0,0,,,
M4,bearing_degradation_machine,575,14.944708187739424,0,0,,0.0,
M5,material_batch_machine,575,10.117384452067245,0,0,,,B105
M1,tool_wear_machine,576,15.253828680790912,0,0,,,
M2,calibration_drift_machine,576,9.826694822459157,0,0,,,
M3,healthy_control_machine,576,9.851712987257535,0,0,,,
M4,bearing_degradation_machine,576,14.973546014841776,0,0,,0.0,
M5,material_batch_machine,576,10.25821070627984,0,0,,,B105
M1,tool_wear_machine,577,15.305829216057678,0,0,,,
M2,calibration_drift_machine,577,10.03592989934619,0,0,,,
M3,healthy_control_machine,577,10.075126920314508,0,0,,,
M4,bearing_degradation_machine,577,15.031427039727959,0,0,,0.0,
M5,material_batch_machine,577,10.05761809656988,0,0,,,B105
M1,tool_wear_machine,578,15.3676938080174,0,0,,,
M2,calibration_drift_machine,578,10.150763870162647,0,0,,,
M3,healthy_control_machine,578,9.996392308086095,0,0,,,
M4,bearing_degradation_machine,578,15.086066468106548,0,0,,0.0,
M5,material_batch_machine,578,10.297309869154194,0,0,,,B105
M1,tool_wear_machine,579,15.408590806283655,0,0,,,
M2,calibration_drift_machine,579,10.137819776468033,0,0,,,
M3,healthy_control_machine,579,10.2949565413985,0,0,,,
M4,bearing_degradation_machine,579,15.153840095254473,0,0,,0.0,
M5,material_batch_machine,579,10.087570918667227,0,0,,,B105
M1,tool_wear_machine,580,15.45193493787374,0,0,,,
M2,calibration_drift_machine,580,9.988829627049057,1,0,,,
M3,healthy_control_machine,580,9.899244334494293,0,0,,,
M4,bearing_degradation_machine,580,15.229386027998348,1,0,,0.0,
M5,material_batch_machine,580,9.818491768991219,0,0,,,B105
M1,tool_wear_machine,581,15.502409976954322,0,0,,,
M2,calibration_drift_machine,581,9.858018171398848,0,0,,,
M3,healthy_control_machine,581,9.753357713653015,0,0,,,
M4,bearing_degradation_machine,581,15.278231764528769,0,0,,0.0,
M5,material_batch_machine,581,9.732942934546465,0,0,,,B105
M1,tool_wear_machine,582,15.595886936843986,0,0,,,
M2,calibration_drift_machine,582,9.877555809388173,0,0,,,
M3,healthy_control_machine,582,10.187117019899551,0,0,,,
M4,bearing_degradation_machine,582,15.347089736885948,1,0,,0.0,
M5,material_batch_machine,582,9.923804259927136,0,0,,,B105
M1,tool_wear_machine,583,15.669390005498201,0,0,,,
M2,calibration_drift_machine,583,10.206970226363563,1,0,,,
M3,healthy_control_machine,583,9.718254123792452,0,0,,,
M4,bearing_degradation_machine,583,15.425948354244952,0,0,,0.0,
M5,material_batch_machine,583,9.717725181166896,0,0,,,B105
M1,tool_wear_machine,584,15.72605997947208,0,0,,,
M2,calibration_drift_machine,584,10.068454442785422,0,0,,,
M3,healthy_control_machine,584,9.967011210235214,0,0,,,
M4,bearing_degradation_machine,584,15.500721194532328,1,0,,0.0,
M5,material_batch_machine,584,9.765164441407896,0,0,,,B105
M1,tool_wear_machine,585,15.806687628786513,0,0,,,
M2,calibration_drift_machine,585,10.263151357467104,1,0,,,
M3,healthy_control_machine,585,10.096802868301728,0,0,,,
M4,bearing_degradation_machine,585,15.54291725143425,0,0,,0.0,
M5,material_batch_machine,585,9.932278305382688,0,0,,,B105
M1,tool_wear_machine,586,15.856659660995039,0,0,,,
M2,calibration_drift_machine,586,10.154022946066881,0,0,,,
M3,healthy_control_machine,586,10.052851747512818,0,0,,,
M4,bearing_degradation_machine,586,15.598036158528396,0,0,,0.0,
M5,material_batch_machine,586,9.781531690076557,1,0,,,B105
M1,tool_wear_machine,587,15.955224442168326,0,0,,,
M2,calibration_drift_machine,587,9.965952064884977,0,0,,,
M3,healthy_control_machine,587,10.198106345799753,0,0,,,
M4,bearing_degradation_machine,587,15.661554307121683,0,0,,0.0,
M5,material_batch_machine,587,9.894879349228216,0,0,,,B105
M1,tool_wear_machine,588,15.997229521850631,0,0,,,
M2,calibration_drift_machine,588,9.89507975704016,0,0,,,
M3,healthy_control_machine,588,9.774768524624513,0,0,,,
M4,bearing_degradation_machine,588,15.73981480188775,0,0,,0.0,
M5,material_batch_machine,588,10.064360002060893,0,0,,,B105
M1,tool_wear_machine,589,16.089171581390072,1,0,,,
M2,calibration_drift_machine,589,10.157769327106937,0,0,,,
M3,healthy_control_machine,589,10.137420245697696,0,0,,,
M4,bearing_degradation_machine,589,15.78644357147772,0,0,,0.0,
M5,material_batch_machine,589,9.80622597671704,1,0,,,B105
M1,tool_wear_machine,590,16.183729830174435,1,0,,,
M2,calibration_drift_machine,590,9.79128873215171,0,0,,,
M3,healthy_control_machine,590,10.092340687821554,0,0,,,
M4,bearing_degradation_machine,590,15.814742563428023,0,0,,0.0,
M5,material_batch_machine,590,9.874910156890715,0,0,,,B105
M1,tool_wear_machine,591,16.22971368851507,0,0,,,
M2,calibration_drift_machine,591,9.834938083438244,0,0,,,
M3,healthy_control_machine,591,10.071610783561779,0,0,,,
M4,bearing_degradation_machine,591,15.842795373809562,0,0,,0.0,
M5,material_batch_machine,591,10.01496045054608,0,0,,,B105
M1,tool_wear_machine,592,16.296571120875,0,0,,,
M2,calibration_drift_machine,592,9.89003027321513,0,0,,,
M3,healthy_control_machine,592,10.049917097129828,0,0,,,
M4,bearing_degradation_machine,592,15.879090873442479,0,0,,0.0,
M5,material_batch_machine,592,10.184422563875493,0,0,,,B105
M1,tool_wear_machine,593,16.35479437809047,0,0,,,
M2,calibration_drift_machine,593,9.821594153194258,0,0,,,
M3,healthy_control_machine,593,10.287096678803074,0,0,,,
M4,bearing_degradation_machine,593,15.938280190575673,0,0,,0.0,
M5,material_batch_machine,593,10.154377343242716,0,0,,,B105
M1,tool_wear_machine,594,16.40807097355444,0,0,,,
M2,calibration_drift_machine,594,10.208207221233451,0,0,,,
M3,healthy_control_machine,594,10.053471241588142,0,0,,,
M4,bearing_degradation_machine,594,15.979787769954843,0,0,,0.0,
M5,material_batch_machine,594,9.833562181924743,0,0,,,B105
M1,tool_wear_machine,595,16.47878510083062,0,0,,,
M2,calibration_drift_machine,595,9.857728421193595,1,0,,,
M3,healthy_control_machine,595,9.995269994251517,0,0,,,
M4,bearing_degradation_machine,595,16.017402633570036,1,0,,0.0,
M5,material_batch_machine,595,10.234400005535145,0,0,,,B105
M1,tool_wear_machine,596,16.52316320080616,0,0,,,
M2,calibration_drift_machine,596,10.208069816301297,0,0,,,
M3,healthy_control_machine,596,10.296100936237425,0,0,,,
M4,bearing_degradation_machine,596,16.080343585756676,0,0,,0.0,
M5,material_batch_machine,596,10.032057736698237,1,0,,,B105
M1,tool_wear_machine,597,16.59132138058776,0,0,,,
M2,calibration_drift_machine,597,10.074953481873074,0,0,,,
M3,healthy_control_machine,597,10.011568049437162,0,0,,,
M4,bearing_degradation_machine,597,16.130260758985045,0,0,,1.0,
M5,material_batch_machine,597,9.83746996834684,0,0,,,B105
M1,tool_wear_machine,598,16.685405377061514,0,0,,,
M2,calibration_drift_machine,598,10.069666480249433,0,0,,,
M3,healthy_control_machine,598,10.249286128730999,0,0,,,
M4,bearing_degradation_machine,598,16.181693779209155,0,0,,0.0,
M5,material_batch_machine,598,9.845451288332326,0,0,,,B105
M1,tool_wear_machine,599,16.729295430188685,0,0,,,
M2,calibration_drift_machine,599,10.075986209987056,0,0,,,
M3,healthy_control_machine,599,9.98230043145381,0,0,,,
M4,bearing_degradation_machine,599,16.23074753414903,0,0,,0.0,
M5,material_batch_machine,599,10.0782405556216,0,0,,,B105
M1,tool_wear_machine,600,10.0,0,1,tool_replacement,,
M2,calibration_drift_machine,600,10.257568391011485,0,1,recalibration,,
M3,healthy_control_machine,600,9.820876897475896,0,1,routine_check,,
M4,bearing_degradation_machine,600,10.0,0,1,bearing_replacement,0.0,
M5,material_batch_machine,600,9.80031751272836,1,1,routine_check,,B105
M1,tool_wear_machine,601,10.233283889673208,0,0,,,
M2,calibration_drift_machine,601,9.77119342191775,0,0,,,
M3,healthy_control_machine,601,10.170437067897087,0,0,,,
M4,bearing_degradation_machine,601,10.045643163810025,0,0,,0.0,
M5,material_batch_machine,601,9.711073851425814,0,0,,,B106
M1,tool_wear_machine,602,10.480506180464635,0,0,,,
M2,calibration_drift_machine,602,9.857051721422215,0,0,,,
M3,healthy_control_machine,602,10.216306891952467,0,0,,,
M4,bearing_degradation_machine,602,10.118419567879737,0,0,,0.0,
M5,material_batch_machine,602,9.828404267904325,0,0,,,B106
M1,tool_wear_machine,603,10.657777718176202,0,0,,,
M2,calibration_drift_machine,603,9.796044463292038,0,0,,,
M3,healthy_control_machine,603,9.711940890244048,0,0,,,
M4,bearing_degradation_machine,603,10.16058262899089,0,0,,0.0,
M5,material_batch_machine,603,10.224030498622628,1,0,,,B106
M1,tool_wear_machine,604,10.9004524035558,0,0,,,
M2,calibration_drift_machine,604,10.265400696961022,0,0,,,
M3,healthy_control_machine,604,9.982649710422708,0,0,,,
M4,bearing_degradation_machine,604,10.205950873371975,0,0,,0.0,
M5,material_batch_machine,604,9.988142028082615,0,0,,,B106
M1,tool_wear_machine,605,11.169885337546985,0,0,,,
M2,calibration_drift_machine,605,9.94571108816723,0,0,,,
M3,healthy_control_machine,605,10.197357934715807,0,0,,,
M4,bearing_degradation_machine,605,10.240005781110693,0,0,,0.0,
M5,material_batch_machine,605,9.889957809047589,0,0,,,B106
M1,tool_wear_machine,606,11.377012346787996,0,0,,,
M2,calibration_drift_machine,606,9.91544246742589,0,0,,,
M3,healthy_control_machine,606,10.246740586188803,0,0,,,
M4,bearing_degradation_machine,606,10.2751709778022,0,0,,0.0,
M5,material_batch_machine,606,9.88568894751692,0,0,,,B106
M1,tool_wear_machine,607,11.547639150456483,0,0,,,
M2,calibration_drift_machine,607,10.125563207001887,0,0,,,
M3,healthy_control_machine,607,9.834096588553503,0,0,,,
M4,bearing_degradation_machine,607,10.313856309323192,0,0,,0.0,
M5,material_batch_machine,607,9.94844069546069,0,0,,,B106
M1,tool_wear_machine,608,11.756081986704864,0,0,,,
M2,calibration_drift_machine,608,10.047977188321067,0,0,,,
M3,healthy_control_machine,608,9.799848570586564,0,0,,,
M4,bearing_degradation_machine,608,10.35585948779976,0,0,,0.0,
M5,material_batch_machine,608,10.122877501679312,0,0,,,B106
M1,tool_wear_machine,609,11.954311364400969,0,0,,,
M2,calibration_drift_machine,609,10.012594833189615,0,0,,,
M3,healthy_control_machine,609,10.113537841817772,0,0,,,
M4,bearing_degradation_machine,609,10.429841677353286,0,0,,0.0,
M5,material_batch_machine,609,10.228078812060184,0,0,,,B106
M1,tool_wear_machine,610,12.246690789866584,0,0,,,
M2,calibration_drift_machine,610,9.928144699848033,0,0,,,
M3,healthy_control_machine,610,10.060929103827824,0,0,,,
M4,bearing_degradation_machine,610,10.47828309437946,0,0,,0.0,
M5,material_batch_machine,610,10.007841653718064,0,0,,,B106
M1,tool_wear_machine,611,12.506525648708276,0,0,,,
M2,calibration_drift_machine,611,9.852530697440013,0,0,,,
M3,healthy_control_machine,611,9.81649161797113,0,0,,,
M4,bearing_degradation_machine,611,10.56091697262045,0,0,,0.0,
M5,material_batch_machine,611,9.730723809514197,0,0,,,B106
M1,tool_wear_machine,612,12.717485414708733,0,0,,,
M2,calibration_drift_machine,612,9.995086793393474,0,0,,,
M3,healthy_control_machine,612,9.795311615166373,0,0,,,
M4,bearing_degradation_machine,612,10.643403705923987,0,0,,0.0,
M5,material_batch_machine,612,10.171121720747696,1,0,,,B106
M1,tool_wear_machine,613,12.889445349190318,0,0,,,
M2,calibration_drift_machine,613,10.118678219837514,0,0,,,
M3,healthy_control_machine,613,10.035581123246097,0,0,,,
M4,bearing_degradation_machine,613,10.696504394522048,0,0,,0.0,
M5,material_batch_machine,613,9.762145939661808,0,0,,,B106
M1,tool_wear_machine,614,13.036940426890489,0,0,,,
M2,calibration_drift_machine,614,9.983162419453176,0,0,,,
M3,healthy_control_machine,614,9.872291358062578,0,0,,,
M4,bearing_degradation_machine,614,10.750037380925093,0,0,,0.0,
M5,material_batch_machine,614,10.129656089493977,0,0,,,B106
M1,tool_wear_machine,615,13.278815181841686,0,0,,,
M2,calibration_drift_machine,615,10.13734128147445,0,0,,,
M3,healthy_control_machine,615,10.241740606698023,0,0,,,
M4,bearing_degradation_machine,615,10.803750292226145,0,0,,0.0,
M5,material_batch_machine,615,10.284418734983237,0,0,,,B106
M1,tool_wear_machine,616,13.427923481941107,0,0,,,
M2,calibration_drift_machine,616,9.916319750710988,0,0,,,
M3,healthy_control_machine,616,10.043259890182975,0,0,,,
M4,bearing_degradation_machine,616,10.876882268817404,0,0,,0.0,
M5,material_batch_machine,616,9.91326200843472,1,0,,,B106
M1,tool_wear_machine,617,13.67296439326856,0,0,,,
M2,calibration_drift_machine,617,9.72966846200761,0,0,,,
M3,healthy_control_machine,617,10.262267496352884,0,0,,,
M4,bearing_degradation_machine,617,10.922905680388677,0,0,,0.0,
M5,material_batch_machine,617,10.017177902521972,0,0,,,B106
M1,tool_wear_machine,618,13.846611898971004,1,0,,,
M2,calibration_drift_machine,618,9.71580839931635,0,0,,,
M3,healthy_control_machine,618,10.177780111580597,0,0,,,
M4,bearing_degradation_machine,618,10.976273574035156,0,0,,0.0,
M5,material_batch_machine,618,9.965494788200822,0,0,,,B106
M1,tool_wear_machine,619,14.055554532376433,0,0,,,
M2,calibration_drift_machine,619,10.14387782316166,0,0,,,
M3,healthy_control_machine,619,10.107341812515823,0,0,,,
M4,bearing_degradation_machine,619,11.028480766151294,0,0,,0.0,
M5,material_batch_machine,619,10.149037813725846,0,0,,,B106
M1,tool_wear_machine,620,14.34711452772718,0,0,,,
M2,calibration_drift_machine,620,9.956704342376232,0,0,,,
M3,healthy_control_machine,620,10.037592471802785,0,0,,,
M4,bearing_degradation_machine,620,11.062335815807751,0,0,,0.0,
M5,material_batch_machine,620,10.219257643049612,1,0,,,B106
M1,tool_wear_machine,621,14.495785474450084,0,0,,,
M2,calibration_drift_machine,621,10.045431583198722,0,0,,,
M3,healthy_control_machine,621,10.005933968923365,0,0,,,
M4,bearing_degradation_machine,621,11.138400130598724,0,0,,0.0,
M5,material_batch_machine,621,9.727947965251925,0,0,,,B106
M1,tool_wear_machine,622,14.768839247033005,0,0,,,
M2,calibration_drift_machine,622,10.05417944305336,0,0,,,
M3,healthy_control_machine,622,9.878080123031104,0,0,,,
M4,bearing_degradation_machine,622,11.217133438073624,0,0,,0.0,
M5,material_batch_machine,622,10.294480813567562,0,0,,,B106
M1,tool_wear_machine,623,14.988529741883404,0,0,,,
M2,calibration_drift_machine,623,9.74501325333575,0,0,,,
M3,healthy_control_machine,623,9.783716068335801,0,0,,,
M4,bearing_degradation_machine,623,11.280180851372458,0,0,,0.0,
M5,material_batch_machine,623,9.75463970924931,0,0,,,B106
M1,tool_wear_machine,624,15.143395794584832,0,0,,,
M2,calibration_drift_machine,624,10.246753691100572,0,0,,,
M3,healthy_control_machine,624,10.089248162341992,0,0,,,
M4,bearing_degradation_machine,624,11.350086704235318,0,0,,0.0,
M5,material_batch_machine,624,10.00677744774762,0,0,,,B106
M1,tool_wear_machine,625,15.420769175424823,0,0,,,
M2,calibration_drift_machine,625,9.914584329753346,0,0,,,
M3,healthy_control_machine,625,10.241665628658726,0,0,,,
M4,bearing_degradation_machine,625,11.41468846957729,0,0,,0.0,
M5,material_batch_machine,625,9.83192979382441,0,0,,,B106
M1,tool_wear_machine,626,15.606294119883444,0,0,,,
M2,calibration_drift_machine,626,10.153056380378889,0,0,,,
M3,healthy_control_machine,626,10.043121813623038,0,0,,,
M4,bearing_degradation_machine,626,11.46929954186688,0,0,,0.0,
M5,material_batch_machine,626,10.107636092867455,0,0,,,B106
M1,tool_wear_machine,627,15.875144944398585,0,0,,,
M2,calibration_drift_machine,627,9.929418758750026,0,0,,,
M3,healthy_control_machine,627,10.023291620349802,0,0,,,
M4,bearing_degradation_machine,627,11.52892936744865,0,0,,0.0,
M5,material_batch_machine,627,9.702032708789584,1,0,,,B106
M1,tool_wear_machine,628,16.121970430182586,0,0,,,
M2,calibration_drift_machine,628,9.82901354161371,0,0,,,
M3,healthy_control_machine,628,9.708389027782818,0,0,,,
M4,bearing_degradation_machine,628,11.605931301198385,0,0,,0.0,
M5,material_batch_machine,628,10.138987542351932,0,0,,,B106
M1,tool_wear_machine,629,16.295582952887393,0,0,,,
M2,calibration_drift_machine,629,10.179212422558217,0,0,,,
M3,healthy_control_machine,629,9.741009022868917,0,0,,,
M4,bearing_degradation_machine,629,11.644740140381105,0,0,,0.0,
M5,material_batch_machine,629,9.810620942811816,0,0,,,B106
M1,tool_wear_machine,630,16.44541777565731,0,0,,,
M2,calibration_drift_machine,630,10.053527034071573,0,0,,,
M3,healthy_control_machine,630,10.097311531427101,0,0,,,
M4,bearing_degradation_machine,630,11.7038211777366,0,0,,0.0,
M5,material_batch_machine,630,9.81725355198301,1,0,,,B106
M1,tool_wear_machine,631,16.60903640710165,0,0,,,
M2,calibration_drift_machine,631,10.005402067289571,0,0,,,
M3,healthy_control_machine,631,9.936777441943619,0,0,,,
M4,bearing_degradation_machine,631,11.757342383321076,0,0,,0.0,
M5,material_batch_machine,631,9.918521333589709,1,0,,,B106
M1,tool_wear_machine,632,16.868743742640664,0,0,,,
M2,calibration_drift_machine,632,9.817104769024004,0,0,,,
M3,healthy_control_machine,632,9.837392311180187,0,0,,,
M4,bearing_degradation_machine,632,11.810628979535567,1,0,,0.0,
M5,material_batch_machine,632,10.063716122454483,0,0,,,B106
M1,tool_wear_machine,633,17.105984241684702,0,0,,,
M2,calibration_drift_machine,633,9.809590971246264,0,0,,,
M3,healthy_control_machine,633,10.125937260028872,0,0,,,
M4,bearing_degradation_machine,633,11.861469140968659,0,0,,0.0,
M5,material_batch_machine,633,9.989470882228671,0,0,,,B106
M1,tool_wear_machine,634,17.311027422189383,0,0,,,
M2,calibration_drift_machine,634,9.821363909045218,0,0,,,
M3,healthy_control_machine,634,9.880574629335204,0,0,,,
M4,bearing_degradation_machine,634,11.933942252663565,0,0,,0.0,
M5,material_batch_machine,634,9.751026172783643,1,0,,,B106
M1,tool_wear_machine,635,17.432614092182387,0,0,,,
M2,calibration_drift_machine,635,10.171991509645808,0,0,,,
M3,healthy_control_machine,635,9.778418952248987,0,0,,,
M4,bearing_degradation_machine,635,11.981031338880264,0,0,,0.0,
M5,material_batch_machine,635,9.740078246357303,0,0,,,B106
M1,tool_wear_machine,636,17.730151123791348,0,0,,,
M2,calibration_drift_machine,636,9.923440399621214,0,0,,,
M3,healthy_control_machine,636,10.086619420295541,0,0,,,
M4,bearing_degradation_machine,636,12.015638162848738,0,0,,0.0,
M5,material_batch_machine,636,9.9578472286454,0,0,,,B106
M1,tool_wear_machine,637,17.860090296606423,0,0,,,
M2,calibration_drift_machine,637,10.118476760336035,0,0,,,
M3,healthy_control_machine,637,10.254848485518616,0,0,,,
M4,bearing_degradation_machine,637,12.072996606811353,0,0,,0.0,
M5,material_batch_machine,637,10.044972095937785,0,0,,,B106
M1,tool_wear_machine,638,18.097248487355664,0,0,,,
M2,calibration_drift_machine,638,9.982820866103799,0,0,,,
M3,healthy_control_machine,638,9.777287844257794,0,0,,,
M4,bearing_degradation_machine,638,12.133891855983743,0,0,,0.0,
M5,material_batch_machine,638,10.176154718321394,1,0,,,B106
M1,tool_wear_machine,639,18.31747219654283,0,0,,,
M2,calibration_drift_machine,639,10.18844014357076,0,0,,,
M3,healthy_control_machine,639,9.903717351478416,0,0,,,
M4,bearing_degradation_machine,639,12.19025592324181,0,0,,0.0,
M5,material_batch_machine,639,9.739505298705193,0,0,,,B106
M1,tool_wear_machine,640,18.542811855833204,0,0,,,
M2,calibration_drift_machine,640,9.882466004405702,0,0,,,
M3,healthy_control_machine,640,9.760139126905772,0,0,,,
M4,bearing_degradation_machine,640,12.23922994777907,0,0,,0.0,
M5,material_batch_machine,640,9.870724366163234,0,0,,,B106
M1,tool_wear_machine,641,18.67719271963565,0,0,,,
M2,calibration_drift_machine,641,10.200672528935018,0,0,,,
M3,healthy_control_machine,641,9.791732269388799,0,0,,,
M4,bearing_degradation_machine,641,12.279322487204196,0,0,,0.0,
M5,material_batch_machine,641,10.065254995077732,0,0,,,B106
M1,tool_wear_machine,642,18.882478237928474,0,0,,,
M2,calibration_drift_machine,642,9.83800027152904,1,0,,,
M3,healthy_control_machine,642,9.8214773101833,0,0,,,
M4,bearing_degradation_machine,642,12.355429081667769,0,0,,0.0,
M5,material_batch_machine,642,10.056949612551323,1,0,,,B106
M1,tool_wear_machine,643,19.007045105776093,0,0,,,
M2,calibration_drift_machine,643,10.200684246077577,0,0,,,
M3,healthy_control_machine,643,10.223769238245401,0,0,,,
M4,bearing_degradation_machine,643,12.40423417788141,0,0,,0.0,
M5,material_batch_machine,643,9.715484300914738,1,0,,,B106
M1,tool_wear_machine,644,19.23906186993786,0,0,,,
M2,calibration_drift_machine,644,9.892006593548238,0,0,,,
M3,healthy_control_machine,644,9.734880274616097,0,0,,,
M4,bearing_degradation_machine,644,12.444695356355346,0,0,,0.0,
M5,material_batch_machine,644,10.215250755514536,0,0,,,B106
M1,tool_wear_machine,645,19.48549317559514,0,0,,,
M2,calibration_drift_machine,645,9.889033581591193,0,0,,,
M3,healthy_control_machine,645,9.912343495754115,0,0,,,
M4,bearing_degradation_machine,645,12.481984520136448,0,0,,0.0,
M5,material_batch_machine,645,9.847970453614405,0,0,,,B106
M1,tool_wear_machine,646,19.7387200664607,0,0,,,
M2,calibration_drift_machine,646,10.141994041131275,0,0,,,
M3,healthy_control_machine,646,10.11556806605506,0,0,,,
M4,bearing_degradation_machine,646,12.559191584830709,0,0,,0.0,
M5,material_batch_machine,646,10.107035887843544,0,0,,,B106
M1,tool_wear_machine,647,19.969355773868983,0,0,,,
M2,calibration_drift_machine,647,10.22224649713498,0,0,,,
M3,healthy_control_machine,647,10.119194188048745,0,0,,,
M4,bearing_degradation_machine,647,12.618780340445271,0,0,,0.0,
M5,material_batch_machine,647,10.084894221438573,0,0,,,B106
M1,tool_wear_machine,648,20.211045854771367,0,0,,,
M2,calibration_drift_machine,648,10.105448056208306,0,0,,,
M3,healthy_control_machine,648,10.224986235174471,0,0,,,
M4,bearing_degradation_machine,648,12.684323609266173,0,0,,0.0,
M5,material_batch_machine,648,9.990683685419915,0,0,,,B106
M1,tool_wear_machine,649,20.4330098438477,0,0,,,
M2,calibration_drift_machine,649,10.198676330030647,1,0,,,
M3,healthy_control_machine,649,9.701472751866307,0,0,,,
M4,bearing_degradation_machine,649,12.753109277853822,0,0,,0.0,
M5,material_batch_machine,649,10.044657089801886,0,0,,,B106
M1,tool_wear_machine,650,20.719386787749038,0,0,,,
M2,calibration_drift_machine,650,10.127816921373459,1,0,,,
M3,healthy_control_machine,650,9.943793819107347,0,0,,,
M4,bearing_degradation_machine,650,12.782402064764721,0,0,,0.0,
M5,material_batch_machine,650,10.262286980089073,1,0,,,B106
M1,tool_wear_machine,651,20.968562993290732,0,0,,,
M2,calibration_drift_machine,651,10.216749631109838,0,0,,,
M3,healthy_control_machine,651,9.754650648928031,0,0,,,
M4,bearing_degradation_machine,651,12.829147702545486,0,0,,0.0,
M5,material_batch_machine,651,9.880136266924833,0,0,,,B106
M1,tool_wear_machine,652,21.162042921356615,0,0,,,
M2,calibration_drift_machine,652,10.191498700057737,0,0,,,
M3,healthy_control_machine,652,9.928972626505962,0,0,,,
M4,bearing_degradation_machine,652,12.897380425130676,0,0,,0.0,
M5,material_batch_machine,652,10.176731376653024,1,0,,,B106
M1,tool_wear_machine,653,21.34185870528981,0,0,,,
M2,calibration_drift_machine,653,10.120112536498274,0,0,,,
M3,healthy_control_machine,653,10.293599972096965,0,0,,,
M4,bearing_degradation_machine,653,12.974379836852043,0,0,,0.0,
M5,material_batch_machine,653,9.875374103625552,0,0,,,B106
M1,tool_wear_machine,654,21.577350305058403,0,0,,,
M2,calibration_drift_machine,654,9.960173552141004,0,0,,,
M3,healthy_control_machine,654,10.256930077388557,0,0,,,
M4,bearing_degradation_machine,654,13.044592831943081,0,0,,0.0,
M5,material_batch_machine,654,10.133476786203373,0,0,,,B106
M1,tool_wear_machine,655,21.769195804055315,0,0,,,
M2,calibration_drift_machine,655,10.16539278119562,0,0,,,
M3,healthy_control_machine,655,10.107326939434358,0,0,,,
M4,bearing_degradation_machine,655,13.081677687924486,0,0,,0.0,
M5,material_batch_machine,655,9.829713144322286,0,0,,,B106
M1,tool_wear_machine,656,21.892834957681917,0,0,,,
M2,calibration_drift_machine,656,9.90805604315204,0,0,,,
M3,healthy_control_machine,656,9.713381022939187,0,0,,,
M4,bearing_degradation_machine,656,13.13027629248646,0,0,,0.0,
M5,material_batch_machine,656,10.103263040208258,1,0,,,B106
M1,tool_wear_machine,657,22.07129006729601,0,0,,,
M2,calibration_drift_machine,657,9.897457528188855,0,0,,,
M3,healthy_control_machine,657,9.825247529439178,0,0,,,
M4,bearing_degradation_machine,657,13.163090821662095,0,0,,0.0,
M5,material_batch_machine,657,10.060131166637182,0,0,,,B106
M1,tool_wear_machine,658,22.30687331373158,1,0,,,
M2,calibration_drift_machine,658,10.24328121528245,0,0,,,
M3,healthy_control_machine,658,10.10278210785611,0,0,,,
M4,bearing_degradation_machine,658,13.196167898618619,0,0,,0.0,
M5,material_batch_machine,658,10.072977746825929,1,0,,,B106
M1,tool_wear_machine,659,22.474605871255037,0,0,,,
M2,calibration_drift_machine,659,9.992836093761797,0,0,,,
M3,healthy_control_machine,659,9.933775610414806,0,0,,,
M4,bearing_degradation_machine,659,13.26646687867084,1,0,,0.0,
M5,material_batch_machine,659,9.784929310592695,0,0,,,B106
M1,tool_wear_machine,660,22.713609376883667,1,0,,,
M2,calibration_drift_machine,660,9.84924595977471,0,0,,,
M3,healthy_control_machine,660,9.957651272111352,0,0,,,
M4,bearing_degradation_machine,660,13.298142046409641,0,0,,0.0,
M5,material_batch_machine,660,10.265663200663166,1,0,,,B106
M1,tool_wear_machine,661,22.912835334060496,0,0,,,
M2,calibration_drift_machine,661,9.766351806378372,0,0,,,
M3,healthy_control_machine,661,10.006129560447043,0,0,,,
M4,bearing_degradation_machine,661,13.375209434694241,0,0,,0.0,
M5,material_batch_machine,661,9.812303868956167,0,0,,,B106
M1,tool_wear_machine,662,23.118222409255928,0,0,,,
M2,calibration_drift_machine,662,10.211328524033787,0,0,,,
M3,healthy_control_machine,662,10.238223109750411,0,0,,,
M4,bearing_degradation_machine,662,13.42160594173716,0,0,,0.0,
M5,material_batch_machine,662,9.881573371049134,0,0,,,B106
M1,tool_wear_machine,663,23.317122308866512,0,0,,,
M2,calibration_drift_machine,663,10.104519624965716,0,0,,,
M3,healthy_control_machine,663,9.858695724008488,0,0,,,
M4,bearing_degradation_machine,663,13.454644109353374,0,0,,0.0,
M5,material_batch_machine,663,10.190047167683609,0,0,,,B106
M1,tool_wear_machine,664,23.484369510715478,0,0,,,
M2,calibration_drift_machine,664,9.704941744955176,0,0,,,
M3,healthy_control_machine,664,10.268370593853861,0,0,,,
M4,bearing_degradation_machine,664,13.507303808691397,0,0,,0.0,
M5,material_batch_machine,664,9.706719583153422,0,0,,,B106
M1,tool_wear_machine,665,23.62810010192011,0,0,,,
M2,calibration_drift_machine,665,9.959710664077402,0,0,,,
M3,healthy_control_machine,665,9.769632075630742,0,0,,,
M4,bearing_degradation_machine,665,13.538167180425372,0,0,,0.0,
M5,material_batch_machine,665,9.978922558092606,0,0,,,B106
M1,tool_wear_machine,666,23.918170483463847,0,0,,,
M2,calibration_drift_machine,666,9.972976190435807,0,0,,,
M3,healthy_control_machine,666,10.061745286854812,0,0,,,
M4,bearing_degradation_machine,666,13.579153643244432,0,0,,0.0,
M5,material_batch_machine,666,9.716579099713558,0,0,,,B106
M1,tool_wear_machine,667,24.063421785765676,0,0,,,
M2,calibration_drift_machine,667,9.798802157504383,0,0,,,
M3,healthy_control_machine,667,9.80693985934695,0,0,,,
M4,bearing_degradation_machine,667,13.629750918168837,0,0,,0.0,
M5,material_batch_machine,667,10.267785339525032,1,0,,,B106
M1,tool_wear_machine,668,24.215337811399756,0,0,,,
M2,calibration_drift_machine,668,9.702624389369806,0,0,,,
M3,healthy_control_machine,668,10.179559579575981,0,0,,,
M4,bearing_degradation_machine,668,13.663941234576175,0,0,,0.0,
M5,material_batch_machine,668,9.923081794764721,1,0,,,B106
M1,tool_wear_machine,669,24.46656022723249,0,0,,,
M2,calibration_drift_machine,669,9.90969110938486,0,0,,,
M3,healthy_control_machine,669,9.845111768238848,0,0,,,
M4,bearing_degradation_machine,669,13.71619340686427,0,0,,0.0,
M5,material_batch_machine,669,9.955258716553807,0,0,,,B106
M1,tool_wear_machine,670,24.695473094565024,0,0,,,
M2,calibration_drift_machine,670,9.988861207574564,1,0,,,
M3,healthy_control_machine,670,10.293935297343925,0,0,,,
M4,bearing_degradation_machine,670,13.744807371439636,0,0,,0.0,
M5,material_batch_machine,670,10.112790412914201,1,0,,,B106
M1,tool_wear_machine,671,24.913660961215278,0,0,,,
M2,calibration_drift_machine,671,10.228718403733385,0,0,,,
M3,healthy_control_machine,671,10.054152019155817,0,0,,,
M4,bearing_degradation_machine,671,13.80534932114272,0,0,,0.0,
M5,material_batch_machine,671,9.94954991975963,1,0,,,B106
M1,tool_wear_machine,672,25.20025893987048,0,0,,,
M2,calibration_drift_machine,672,10.018148515819746,0,0,,,
M3,healthy_control_machine,672,10.265142983702997,0,0,,,
M4,bearing_degradation_machine,672,13.879903469134693,0,0,,0.0,
M5,material_batch_machine,672,10.076425302661217,0,0,,,B106
M1,tool_wear_machine,673,25.403851463008195,0,0,,,
M2,calibration_drift_machine,673,9.997504018662415,0,0,,,
M3,healthy_control_machine,673,10.171480279112785,0,0,,,
M4,bearing_degradation_machine,673,13.938423940415234,0,0,,0.0,
M5,material_batch_machine,673,9.710622667043943,0,0,,,B106
M1,tool_wear_machine,674,25.55522162513844,0,0,,,
M2,calibration_drift_machine,674,9.939703885156339,0,0,,,
M3,healthy_control_machine,674,9.954215891199786,0,0,,,
M4,bearing_degradation_machine,674,14.017108875324976,0,0,,0.0,
M5,material_batch_machine,674,9.719271853640688,1,0,,,B106
M1,tool_wear_machine,675,25.798768627037518,0,0,,,
M2,calibration_drift_machine,675,9.735154532626082,0,0,,,
M3,healthy_control_machine,675,9.959845661552075,0,0,,,
M4,bearing_degradation_machine,675,14.05533800606097,0,0,,0.0,
M5,material_batch_machine,675,10.034585436005894,0,0,,,B106
M1,tool_wear_machine,676,25.948564979722413,0,0,,,
M2,calibration_drift_machine,676,9.940541633547475,0,0,,,
M3,healthy_control_machine,676,10.264189691943558,0,0,,,
M4,bearing_degradation_machine,676,14.106617406444926,0,0,,0.0,
M5,material_batch_machine,676,10.29960107369867,1,0,,,B106
M1,tool_wear_machine,677,26.227774355985307,0,0,,,
M2,calibration_drift_machine,677,10.026120627024474,0,0,,,
M3,healthy_control_machine,677,9.796236325003687,0,0,,,
M4,bearing_degradation_machine,677,14.153389904536885,0,0,,0.0,
M5,material_batch_machine,677,9.9253892412958,1,0,,,B106
M1,tool_wear_machine,678,26.475452649484982,0,0,,,
M2,calibration_drift_machine,678,9.71072709042089,0,0,,,
M3,healthy_control_machine,678,10.042231659745736,0,0,,,
M4,bearing_degradation_machine,678,14.18758233901273,0,0,,0.0,
M5,material_batch_machine,678,9.775661617592446,1,0,,,B106
M1,tool_wear_machine,679,26.748711614824582,0,0,,,
M2,calibration_drift_machine,679,10.056462782965255,0,0,,,
M3,healthy_control_machine,679,9.772906701722599,0,0,,,
M4,bearing_degradation_machine,679,14.242533803441379,0,0,,0.0,
M5,material_batch_machine,679,9.808174078369385,0,0,,,B106
M1,tool_wear_machine,680,27.01491473177416,0,0,,,
M2,calibration_drift_machine,680,10.038887668651709,0,0,,,
M3,healthy_control_machine,680,9.77337323270836,0,0,,,
M4,bearing_degradation_machine,680,14.293721646130045,0,0,,0.0,
M5,material_batch_machine,680,9.997275515741766,1,0,,,B106
M1,tool_wear_machine,681,27.27070240376864,0,0,,,
M2,calibration_drift_machine,681,9.752220139054932,0,0,,,
M3,healthy_control_machine,681,9.790952747141391,0,0,,,
M4,bearing_degradation_machine,681,14.373097493887098,0,0,,0.0,
M5,material_batch_machine,681,10.083732295826387,0,0,,,B106
M1,tool_wear_machine,682,27.465258503543478,1,0,,,
M2,calibration_drift_machine,682,10.107227941729212,0,0,,,
M3,healthy_control_machine,682,9.90169579899106,0,0,,,
M4,bearing_degradation_machine,682,14.449974088091546,0,0,,0.0,
M5,material_batch_machine,682,10.201883914999582,0,0,,,B106
M1,tool_wear_machine,683,27.730273150092962,0,0,,,
M2,calibration_drift_machine,683,9.91086500408241,1,0,,,
M3,healthy_control_machine,683,9.931430027656612,0,0,,,
M4,bearing_degradation_machine,683,14.491357337005864,0,0,,0.0,
M5,material_batch_machine,683,10.250681524125751,1,0,,,B106
M1,tool_wear_machine,684,27.949593421163588,0,0,,,
M2,calibration_drift_machine,684,9.729953491398028,1,0,,,
M3,healthy_control_machine,684,10.156334869311953,0,0,,,
M4,bearing_degradation_machine,684,14.538559294121406,0,0,,0.0,
M5,material_batch_machine,684,9.92866559560497,0,0,,,B106
M1,tool_wear_machine,685,28.181846091677095,0,0,,,
M2,calibration_drift_machine,685,10.291708186965216,0,0,,,
M3,healthy_control_machine,685,10.136375486343741,0,0,,,
M4,bearing_degradation_machine,685,14.572168776390697,0,0,,0.0,
M5,material_batch_machine,685,9.744377912362573,1,0,,,B106
M1,tool_wear_machine,686,28.461990962236055,0,0,,,
M2,calibration_drift_machine,686,10.29925002063479,0,0,,,
M3,healthy_control_machine,686,10.215013633095458,0,0,,,
M4,bearing_degradation_machine,686,14.635428685507716,0,0,,0.0,
M5,material_batch_machine,686,9.712698288389223,1,0,,,B106
M1,tool_wear_machine,687,28.607996587623084,0,0,,,
M2,calibration_drift_machine,687,9.722135973346461,0,0,,,
M3,healthy_control_machine,687,10.070130443179837,0,0,,,
M4,bearing_degradation_machine,687,14.675651776547504,0,0,,0.0,
M5,material_batch_machine,687,9.735277609926783,0,0,,,B106
M1,tool_wear_machine,688,28.787188739500703,0,0,,,
M2,calibration_drift_machine,688,10.042446245039992,0,0,,,
M3,healthy_control_machine,688,9.856676286659846,0,0,,,
M4,bearing_degradation_machine,688,14.729650696083517,0,0,,0.0,
M5,material_batch_machine,688,9.907348524009219,1,0,,,B106
M1,tool_wear_machine,689,29.021676003424442,0,0,,,
M2,calibration_drift_machine,689,9.92514467949815,0,0,,,
M3,healthy_control_machine,689,9.77047724367783,0,0,,,
M4,bearing_degradation_machine,689,14.780545941140122,0,0,,0.0,
M5,material_batch_machine,689,9.772648778944877,0,0,,,B106
M1,tool_wear_machine,690,29.230495973695334,0,0,,,
M2,calibration_drift_machine,690,9.946295868724805,0,0,,,
M3,healthy_control_machine,690,9.776233759214605,0,0,,,
M4,bearing_degradation_machine,690,14.848314063245525,0,0,,0.0,
M5,material_batch_machine,690,10.08663769736912,0,0,,,B106
M1,tool_wear_machine,691,29.403166264631558,0,0,,,
M2,calibration_drift_machine,691,9.884477303820116,0,0,,,
M3,healthy_control_machine,691,9.798792812953618,1,0,,,
M4,bearing_degradation_machine,691,14.878709926267373,0,0,,0.0,
M5,material_batch_machine,691,9.939579553615472,0,0,,,B106
M1,tool_wear_machine,692,29.66900331754216,0,0,,,
M2,calibration_drift_machine,692,10.005547150301725,0,0,,,
M3,healthy_control_machine,692,10.03917337597239,0,0,,,
M4,bearing_degradation_machine,692,14.930886071828862,1,0,,1.0,
M5,material_batch_machine,692,9.766213033934726,1,0,,,B106
M1,tool_wear_machine,693,29.828823190094973,0,0,,,
M2,calibration_drift_machine,693,9.77645247001564,0,0,,,
M3,healthy_control_machine,693,10.106836226072605,0,0,,,
M4,bearing_degradation_machine,693,14.990336576777185,0,0,,0.0,
M5,material_batch_machine,693,9.957913821466727,0,0,,,B106
M1,tool_wear_machine,694,30.096101350341655,1,0,,,
M2,calibration_drift_machine,694,9.80973626339752,0,0,,,
M3,healthy_control_machine,694,9.83502423942652,0,0,,,
M4,bearing_degradation_machine,694,15.02576117886733,0,0,,0.0,
M5,material_batch_machine,694,9.768871767196368,0,0,,,B106
M1,tool_wear_machine,695,30.225415536682092,1,0,,,
M2,calibration_drift_machine,695,10.27929139420476,0,0,,,
M3,healthy_control_machine,695,9.797003401332226,0,0,,,
M4,bearing_degradation_machine,695,15.082631810535538,0,0,,0.0,
M5,material_batch_machine,695,9.961810716582168,0,0,,,B106
M1,tool_wear_machine,696,30.492640169370492,0,0,,,
M2,calibration_drift_machine,696,10.261573092237162,1,0,,,
M3,healthy_control_machine,696,9.97243319356573,0,0,,,
M4,bearing_degradation_machine,696,15.15384522448894,0,0,,0.0,
M5,material_batch_machine,696,9.803594440658554,1,0,,,B106
M1,tool_wear_machine,697,30.71949763367092,0,0,,,
M2,calibration_drift_machine,697,10.289224052554589,1,0,,,
M3,healthy_control_machine,697,10.188440972432009,0,0,,,
M4,bearing_degradation_machine,697,15.236362711391827,0,0,,0.0,
M5,material_batch_machine,697,10.019183040697898,1,0,,,B106
M1,tool_wear_machine,698,30.98209669963888,0,0,,,
M2,calibration_drift_machine,698,9.708898097459025,0,0,,,
M3,healthy_control_machine,698,10.17358026946489,0,0,,,
M4,bearing_degradation_machine,698,15.268914341262917,0,0,,0.0,
M5,material_batch_machine,698,10.074654956310635,0,0,,,B106
M1,tool_wear_machine,699,31.27071601055302,0,0,,,
M2,calibration_drift_machine,699,10.080948541187238,0,0,,,
M3,healthy_control_machine,699,9.830011986223235,0,0,,,
M4,bearing_degradation_machine,699,15.296923174959288,0,0,,0.0,
M5,material_batch_machine,699,10.104804395213897,1,0,,,B106
M1,tool_wear_machine,700,10.0,0,1,tool_replacement,,
M2,calibration_drift_machine,700,9.877488017650816,0,1,recalibration,,
M3,healthy_control_machine,700,10.115091151675031,0,1,routine_check,,
M4,bearing_degradation_machine,700,15.328565748592567,0,0,,0.0,
M5,material_batch_machine,700,9.986726383391835,0,1,routine_check,,B106
M1,tool_wear_machine,701,10.121985055168402,0,0,,,
M2,calibration_drift_machine,701,9.821892362313982,0,0,,,
M3,healthy_control_machine,701,10.293510498619657,0,0,,,
M4,bearing_degradation_machine,701,15.41244167431049,0,0,,0.0,
M5,material_batch_machine,701,9.877614730912367,0,0,,,B107
M1,tool_wear_machine,702,10.24272794300983,0,0,,,
M2,calibration_drift_machine,702,9.843228810361039,0,0,,,
M3,healthy_control_machine,702,9.746491478470295,0,0,,,
M4,bearing_degradation_machine,702,15.46217243343376,0,0,,0.0,
M5,material_batch_machine,702,9.77736238325189,1,0,,,B107
M1,tool_wear_machine,703,10.51744292995438,0,0,,,
M2,calibration_drift_machine,703,9.900446330450709,0,0,,,
M3,healthy_control_machine,703,10.133111896319868,0,0,,,
M4,bearing_degradation_machine,703,15.497540393298982,0,0,,0.0,
M5,material_batch_machine,703,10.006602858126753,0,0,,,B107
M1,tool_wear_machine,704,10.811649114612853,0,0,,,
M2,calibration_drift_machine,704,9.817729390702176,0,0,,,
M3,healthy_control_machine,704,10.22665500531564,0,0,,,
M4,bearing_degradation_machine,704,15.539973836732425,0,0,,0.0,
M5,material_batch_machine,704,10.216362694209826,0,0,,,B107
M1,tool_wear_machine,705,11.096713022751354,0,0,,,
M2,calibration_drift_machine,705,9.785097297212605,1,0,,,
M3,healthy_control_machine,705,9.764294018156153,0,0,,,
M4,bearing_degradation_machine,705,15.600973055361703,0,0,,0.0,
M5,material_batch_machine,705,10.276007594351631,1,0,,,B107
M1,tool_wear_machine,706,11.392686843330438,1,0,,,
M2,calibration_drift_machine,706,9.88439510859265,0,0,,,
M3,healthy_control_machine,706,10.092583792920433,0,0,,,
M4,bearing_degradation_machine,706,15.642543524803113,0,0,,0.0,
M5,material_batch_machine,706,10.287548967221191,0,0,,,B107
M1,tool_wear_machine,707,11.571931450330533,0,0,,,
M2,calibration_drift_machine,707,9.826408238396537,0,0,,,
M3,healthy_control_machine,707,10.202026432350078,0,0,,,
M4,bearing_degradation_machine,707,15.674509148080716,0,0,,0.0,
M5,material_batch_machine,707,10.149469347415522,0,0,,,B107
M1,tool_wear_machine,708,11.772551892402536,0,0,,,
M2,calibration_drift_machine,708,9.903207762674219,0,0,,,
M3,healthy_control_machine,708,10.226108664492466,0,0,,,
M4,bearing_degradation_machine,708,15.715851843227753,0,0,,0.0,
M5,material_batch_machine,708,9.971979843187926,0,0,,,B107
M1,tool_wear_machine,709,11.909748409777059,0,0,,,
M2,calibration_drift_machine,709,10.185076173686289,0,0,,,
M3,healthy_control_machine,709,9.897889485313817,0,0,,,
M4,bearing_degradation_machine,709,15.786243549759174,0,0,,0.0,
M5,material_batch_machine,709,10.271380830760664,0,0,,,B107
M1,tool_wear_machine,710,12.133914526361663,0,0,,,
M2,calibration_drift_machine,710,9.957005676660977,0,0,,,
M3,healthy_control_machine,710,10.2180658801062,0,0,,,
M4,bearing_degradation_machine,710,15.840215263211384,0,0,,0.0,
M5,material_batch_machine,710,10.028722486382332,1,0,,,B107
M1,tool_wear_machine,711,12.391474213453279,0,0,,,
M2,calibration_drift_machine,711,9.731032529532792,0,0,,,
M3,healthy_control_machine,711,9.873348589482287,0,0,,,
M4,bearing_degradation_machine,711,15.899921678333158,0,0,,0.0,
M5,material_batch_machine,711,10.069887615124747,1,0,,,B107
M1,tool_wear_machine,712,12.5433719018211,0,0,,,
M2,calibration_drift_machine,712,10.095639447943222,0,0,,,
M3,healthy_control_machine,712,10.287670457867694,0,0,,,
M4,bearing_degradation_machine,712,15.94482131482879,0,0,,0.0,
M5,material_batch_machine,712,10.133657219703817,0,0,,,B107
M1,tool_wear_machine,713,12.810982587655428,0,0,,,
M2,calibration_drift_machine,713,9.983821075050221,0,0,,,
M3,healthy_control_machine,713,10.15599829499858,0,0,,,
M4,bearing_degradation_machine,713,15.99823709714715,0,0,,0.0,
M5,material_batch_machine,713,10.102158212096555,0,0,,,B107
M1,tool_wear_machine,714,13.041392864706875,0,0,,,
M2,calibration_drift_machine,714,9.768132726306096,0,0,,,
M3,healthy_control_machine,714,10.157713286737822,0,0,,,
M4,bearing_degradation_machine,714,16.031981832525688,0,0,,0.0,
M5,material_batch_machine,714,10.089098558528322,1,0,,,B107
M1,tool_wear_machine,715,13.16407671225474,0,0,,,
M2,calibration_drift_machine,715,9.957729474112405,0,0,,,
M3,healthy_control_machine,715,10.104034947469499,0,0,,,
M4,bearing_degradation_machine,715,16.076471822060793,0,0,,0.0,
M5,material_batch_machine,715,10.02834245672757,0,0,,,B107
M1,tool_wear_machine,716,13.345964760681316,0,0,,,
M2,calibration_drift_machine,716,10.151928063243327,0,0,,,
M3,healthy_control_machine,716,9.919030766525083,0,0,,,
M4,bearing_degradation_machine,716,16.106669462319065,0,0,,1.0,
M5,material_batch_machine,716,9.76346734413644,0,0,,,B107
M1,tool_wear_machine,717,13.626221362799773,0,0,,,
M2,calibration_drift_machine,717,9.743609293504486,0,0,,,
M3,healthy_control_machine,717,10.068426164183538,0,0,,,
M4,bearing_degradation_machine,717,16.158961388842677,0,0,,0.0,
M5,material_batch_machine,717,10.183410873326135,1,0,,,B107
M1,tool_wear_machine,718,13.798931774842622,0,0,,,
M2,calibration_drift_machine,718,10.17550100911688,0,0,,,
M3,healthy_control_machine,718,9.74101102891034,1,0,,,
M4,bearing_degradation_machine,718,16.237261905897277,0,0,,0.0,
M5,material_batch_machine,718,10.289929591992248,0,0,,,B107
M1,tool_wear_machine,719,13.998648465941681,0,0,,,
M2,calibration_drift_machine,719,9.76094472654123,0,0,,,
M3,healthy_control_machine,719,9.744016455710153,0,0,,,
M4,bearing_degradation_machine,719,16.2924360881545,0,0,,1.0,
M5,material_batch_machine,719,10.068960506750289,0,0,,,B107
M1,tool_wear_machine,720,14.13868504380764,0,0,,,
M2,calibration_drift_machine,720,10.281168289207558,0,0,,,
M3,healthy_control_machine,720,9.900228909085476,0,0,,,
M4,bearing_degradation_machine,720,16.32619472585409,0,0,,0.0,
M5,material_batch_machine,720,9.762704537585634,0,0,,,B107
M1,tool_wear_machine,721,14.43329883521144,0,0,,,
M2,calibration_drift_machine,721,10.165683642214914,0,0,,,
M3,healthy_control_machine,721,10.057484519433983,0,0,,,
M4,bearing_degradation_machine,721,16.385616891945123,0,0,,0.0,
M5,material_batch_machine,721,10.166098821668973,0,0,,,B107
M1,tool_wear_machine,722,14.560389064531584,0,0,,,
M2,calibration_drift_machine,722,9.77155010060888,0,0,,,
M3,healthy_control_machine,722,10.2580040318999,0,0,,,
M4,bearing_degradation_machine,722,16.432080773768316,0,0,,0.0,
M5,material_batch_machine,722,10.293920490422735,0,0,,,B107
M1,tool_wear_machine,723,14.755603178105567,0,0,,,
M2,calibration_drift_machine,723,10.158407575399432,0,0,,,
M3,healthy_control_machine,723,9.706859606003322,0,0,,,
M4,bearing_degradation_machine,723,16.48305967905112,0,0,,0.0,
M5,material_batch_machine,723,9.757401226256928,0,0,,,B107
M1,tool_wear_machine,724,15.045563439510849,0,0,,,
M2,calibration_drift_machine,724,10.075400308378956,0,0,,,
M3,healthy_control_machine,724,10.003070031082405,0,0,,,
M4,bearing_degradation_machine,724,16.520713863075834,0,0,,0.0,
M5,material_batch_machine,724,9.829325971062728,0,0,,,B107
M1,tool_wear_machine,725,15.199434875800375,1,0,,,
M2,calibration_drift_machine,725,9.959021787193851,0,0,,,
M3,healthy_control_machine,725,10.052420067674491,0,0,,,
M4,bearing_degradation_machine,725,16.592958014185776,0,0,,0.0,
M5,material_batch_machine,725,10.229437920859818,0,0,,,B107
M1,tool_wear_machine,726,15.381102654619635,0,0,,,
M2,calibration_drift_machine,726,10.000296937045968,0,0,,,
M3,healthy_control_machine,726,10.095838919356455,0,0,,,
M4,bearing_degradation_machine,726,16.640065330239736,0,0,,0.0,
M5,material_batch_machine,726,9.816432328147362,0,0,,,B107
M1,tool_wear_machine,727,15.654989272791628,0,0,,,
M2,calibration_drift_machine,727,10.022272448972045,0,0,,,
M3,healthy_control_machine,727,10.164181987003456,0,0,,,
M4,bearing_degradation_machine,727,16.694039795221467,0,0,,1.0,
M5,material_batch_machine,727,10.198349995068671,0,0,,,B107
M1,tool_wear_machine,728,15.825668968082702,0,0,,,
M2,calibration_drift_machine,728,9.937965279600608,0,0,,,
M3,healthy_control_machine,728,10.247052599200886,0,0,,,
M4,bearing_degradation_machine,728,16.725619492416214,0,0,,0.0,
M5,material_batch_machine,728,9.993736543736564,0,0,,,B107
M1,tool_wear_machine,729,15.982682273678513,0,0,,,
M2,calibration_drift_machine,729,10.275109765001563,0,0,,,
M3,healthy_control_machine,729,10.264430247783466,0,0,,,
M4,bearing_degradation_machine,729,16.80241077524279,0,0,,0.0,
M5,material_batch_machine,729,10.146242088971468,0,0,,,B107
M1,tool_wear_machine,730,16.17670319895221,0,0,,,
M2,calibration_drift_machine,730,9.74302631253096,1,0,,,
M3,healthy_control_machine,730,10.282643475176691,0,0,,,
M4,bearing_degradation_machine,730,16.867086728390028,0,0,,0.0,
M5,material_batch_machine,730,10.04387675396354,0,0,,,B107
M1,tool_wear_machine,731,16.362703290969648,0,0,,,
M2,calibration_drift_machine,731,9.79026913046393,0,0,,,
M3,healthy_control_machine,731,10.199335468302626,0,0,,,
M4,bearing_degradation_machine,731,16.928328710648785,0,0,,1.0,
M5,material_batch_machine,731,9.85125919573738,0,0,,,B107
M1,tool_wear_machine,732,16.569707065520248,0,0,,,
M2,calibration_drift_machine,732,9.846671326153997,0,0,,,
M3,healthy_control_machine,732,10.24794737169299,0,0,,,
M4,bearing_degradation_machine,732,16.96311247078432,0,0,,0.0,
M5,material_batch_machine,732,10.169033359592776,1,0,,,B107
M1,tool_wear_machine,733,16.836741952017633,0,0,,,
M2,calibration_drift_machine,733,9.835798503842245,0,0,,,
M3,healthy_control_machine,733,9.873332379624536,0,0,,,
M4,bearing_degradation_machine,733,17.03379739500428,0,0,,0.0,
M5,material_batch_machine,733,10.030798329815381,0,0,,,B107
M1,tool_wear_machine,734,17.083732430936998,0,0,,,
M2,calibration_drift_machine,734,9.898186603238107,0,0,,,
M3,healthy_control_machine,734,9.827573913771587,0,0,,,
M4,bearing_degradation_machine,734,17.07703410782865,0,0,,0.0,
M5,material_batch_machine,734,9.826917175518048,0,0,,,B107
M1,tool_wear_machine,735,17.215276776339728,0,0,,,
M2,calibration_drift_machine,735,10.18263786814912,0,0,,,
M3,healthy_control_machine,735,9.780543051456245,0,0,,,
M4,bearing_degradation_machine,735,17.16059572383776,0,0,,0.0,
M5,material_batch_machine,735,9.812084738914299,0,0,,,B107
M1,tool_wear_machine,736,17.40291345894444,0,0,,,
M2,calibration_drift_machine,736,10.273929345237525,0,0,,,
M3,healthy_control_machine,736,9.892811383489136,0,0,,,
M4,bearing_degradation_machine,736,17.197426289473857,0,0,,0.0,
M5,material_batch_machine,736,10.062443260359439,1,0,,,B107
M1,tool_wear_machine,737,17.674511273382286,0,0,,,
M2,calibration_drift_machine,737,9.709701723972712,0,0,,,
M3,healthy_control_machine,737,9.700722168345411,0,0,,,
M4,bearing_degradation_machine,737,17.23601124524459,0,0,,0.0,
M5,material_batch_machine,737,10.097059092836437,0,0,,,B107
M1,tool_wear_machine,738,17.840452892427628,0,0,,,
M2,calibration_drift_machine,738,9.955690929070434,0,0,,,
M3,healthy_control_machine,738,9.854044960804929,0,0,,,
M4,bearing_degradation_machine,738,17.29792318058265,0,0,,0.0,
M5,material_batch_machine,738,10.097457984052811,0,0,,,B107
M1,tool_wear_machine,739,18.05603345578136,0,0,,,
M2,calibration_drift_machine,739,10.228794933678971,0,0,,,
M3,healthy_control_machine,739,9.84922429357988,0,0,,,
M4,bearing_degradation_machine,739,17.37644605121208,0,0,,1.0,
M5,material_batch_machine,739,10.280391503338354,0,0,,,B107
M1,tool_wear_machine,740,18.195783740005844,0,0,,,
M2,calibration_drift_machine,740,9.90693350450391,1,0,,,
M3,healthy_control_machine,740,9.932707059811507,0,0,,,
M4,bearing_degradation_machine,740,17.449353593178415,0,0,,0.0,
M5,material_batch_machine,740,10.159038058819338,0,0,,,B107
M1,tool_wear_machine,741,18.444814437217943,0,0,,,
M2,calibration_drift_machine,741,9.932595940335279,0,0,,,
M3,healthy_control_machine,741,9.718874317147616,0,0,,,
M4,bearing_degradation_machine,741,17.501905611131043,0,0,,0.0,
M5,material_batch_machine,741,10.192405230040642,0,0,,,B107
M1,tool_wear_machine,742,18.673470451629022,0,0,,,
M2,calibration_drift_machine,742,10.234253322267499,0,0,,,
M3,healthy_control_machine,742,9.856640079937197,0,0,,,
M4,bearing_degradation_machine,742,17.58082978942764,0,0,,0.0,
M5,material_batch_machine,742,10.215786346339238,0,0,,,B107
M1,tool_wear_machine,743,18.829777271958584,0,0,,,
M2,calibration_drift_machine,743,9.915256940479683,0,0,,,
M3,healthy_control_machine,743,10.142915138394699,0,0,,,
M4,bearing_degradation_machine,743,17.610445832574463,0,0,,0.0,
M5,material_batch_machine,743,9.947138487017266,0,0,,,B107
M1,tool_wear_machine,744,19.022502663017704,0,0,,,
M2,calibration_drift_machine,744,10.295155970984867,0,0,,,
M3,healthy_control_machine,744,9.799372035646103,0,0,,,
M4,bearing_degradation_machine,744,17.677275952719974,0,0,,0.0,
M5,material_batch_machine,744,9.84014744987312,0,0,,,B107
M1,tool_wear_machine,745,19.143914748841016,0,0,,,
M2,calibration_drift_machine,745,9.85973697179048,0,0,,,
M3,healthy_control_machine,745,10.093014817843054,0,0,,,
M4,bearing_degradation_machine,745,17.724684320041014,0,0,,1.0,
M5,material_batch_machine,745,10.049721616715226,1,0,,,B107
M1,tool_wear_machine,746,19.324561586334543,0,0,,,
M2,calibration_drift_machine,746,10.157984846308079,0,0,,,
M3,healthy_control_machine,746,10.137293308055646,0,0,,,
M4,bearing_degradation_machine,746,17.77494173987837,0,0,,0.0,
M5,material_batch_machine,746,9.956321816369101,0,0,,,B107
M1,tool_wear_machine,747,19.5766931126387,0,0,,,
M2,calibration_drift_machine,747,10.133293347589976,0,0,,,
M3,healthy_control_machine,747,10.20156946654694,0,0,,,
M4,bearing_degradation_machine,747,17.81061178681169,0,0,,0.0,
M5,material_batch_machine,747,9.808583838386802,0,0,,,B107
M1,tool_wear_machine,748,19.778949577371744,0,0,,,
M2,calibration_drift_machine,748,9.800568553687977,0,0,,,
M3,healthy_control_machine,748,9.77325125299074,0,0,,,
M4,bearing_degradation_machine,748,17.842661178998966,0,0,,0.0,
M5,material_batch_machine,748,10.24427045150808,0,0,,,B107
M1,tool_wear_machine,749,20.065663583230844,0,0,,,
M2,calibration_drift_machine,749,10.04182471034196,0,0,,,
M3,healthy_control_machine,749,9.896320013223358,0,0,,,
M4,bearing_degradation_machine,749,17.88032994500558,0,0,,0.0,
M5,material_batch_machine,749,10.099855968489347,0,0,,,B107
M1,tool_wear_machine,750,20.27349420689712,0,0,,,
M2,calibration_drift_machine,750,9.849121601207703,1,0,,,
M3,healthy_control_machine,750,9.8053693205987,0,0,,,
M4,bearing_degradation_machine,750,10.0,0,1,bearing_replacement,0.0,
M5,material_batch_machine,750,10.22474588603092,0,0,,,B107
M1,tool_wear_machine,751,20.45206448313814,0,0,,,
M2,calibration_drift_machine,751,9.951921754522184,0,0,,,
M3,healthy_control_machine,751,10.027421809619769,0,0,,,
M4,bearing_degradation_machine,751,10.080374017606083,0,0,,0.0,
M5,material_batch_machine,751,9.98070280787483,0,0,,,B107
M1,tool_wear_machine,752,20.60415394863611,0,0,,,
M2,calibration_drift_machine,752,9.988813499264712,0,0,,,
M3,healthy_control_machine,752,9.781704485416943,0,0,,,
M4,bearing_degradation_machine,752,10.138765287452454,0,0,,0.0,
M5,material_batch_machine,752,9.804614024590522,0,0,,,B107
M1,tool_wear_machine,753,20.896128498290405,0,0,,,
M2,calibration_drift_machine,753,10.194278569261021,0,0,,,
M3,healthy_control_machine,753,9.960990507502277,0,0,,,
M4,bearing_degradation_machine,753,10.17001588232549,0,0,,0.0,
M5,material_batch_machine,753,9.988786227134977,0,0,,,B107
M1,tool_wear_machine,754,21.067852157403966,0,0,,,
M2,calibration_drift_machine,754,9.733294432642637,1,0,,,
M3,healthy_control_machine,754,10.175350420098411,0,0,,,
M4,bearing_degradation_machine,754,10.22192598948524,0,0,,0.0,
M5,material_batch_machine,754,9.817419123581823,0,0,,,B107
M1,tool_wear_machine,755,21.192082593511266,0,0,,,
M2,calibration_drift_machine,755,9.91148526495742,0,0,,,
M3,healthy_control_machine,755,9.950513683664518,0,0,,,
M4,bearing_degradation_machine,755,10.286696818655734,0,0,,0.0,
M5,material_batch_machine,755,9.973006619384174,0,0,,,B107
M1,tool_wear_machine,756,21.393033509009545,0,0,,,
M2,calibration_drift_machine,756,10.230442065649438,1,0,,,
M3,healthy_control_machine,756,9.835035007308804,0,0,,,
M4,bearing_degradation_machine,756,10.363800306557817,0,0,,0.0,
M5,material_batch_machine,756,9.830490612317787,0,0,,,B107
M1,tool_wear_machine,757,21.68580532582248,0,0,,,
M2,calibration_drift_machine,757,10.012853225408994,0,0,,,
M3,healthy_control_machine,757,9.807223672559566,0,0,,,
M4,bearing_degradation_machine,757,10.429051736352756,0,0,,0.0,
M5,material_batch_machine,757,10.07395450580388,0,0,,,B107
M1,tool_wear_machine,758,21.904177793388698,0,0,,,
M2,calibration_drift_machine,758,10.18225118458245,0,0,,,
M3,healthy_control_machine,758,9.76836290987679,0,0,,,
M4,bearing_degradation_machine,758,10.476067367704314,0,0,,0.0,
M5,material_batch_machine,758,10.28707400331057,0,0,,,B107
M1,tool_wear_machine,759,22.0434244018292,0,0,,,
M2,calibration_drift_machine,759,10.232374601066399,1,0,,,
M3,healthy_control_machine,759,9.862890530499914,0,0,,,
M4,bearing_degradation_machine,759,10.551543622844635,0,0,,0.0,
M5,material_batch_machine,759,10.031648468558021,0,0,,,B107
M1,tool_wear_machine,760,22.342730831397198,0,0,,,
M2,calibration_drift_machine,760,9.999893354649153,0,0,,,
M3,healthy_control_machine,760,9.733579334357204,0,0,,,
M4,bearing_degradation_machine,760,10.628313494766127,0,0,,0.0,
M5,material_batch_machine,760,10.011671659910533,0,0,,,B107
M1,tool_wear_machine,761,22.60685553556221,0,0,,,
M2,calibration_drift_machine,761,10.020232396811249,0,0,,,
M3,healthy_control_machine,761,10.130633352846095,0,0,,,
M4,bearing_degradation_machine,761,10.659483933261672,0,0,,0.0,
M5,material_batch_machine,761,9.85920548488416,0,0,,,B107
M1,tool_wear_machine,762,22.821879304592116,0,0,,,
M2,calibration_drift_machine,762,9.75122126759594,0,0,,,
M3,healthy_control_machine,762,10.069506336652742,0,0,,,
M4,bearing_degradation_machine,762,10.711046504897155,0,0,,0.0,
M5,material_batch_machine,762,9.716577853485049,0,0,,,B107
M1,tool_wear_machine,763,22.97778258822207,1,0,,,
M2,calibration_drift_machine,763,9.955660092388516,0,0,,,
M3,healthy_control_machine,763,9.842572730536252,0,0,,,
M4,bearing_degradation_machine,763,10.790914494799473,0,0,,0.0,
M5,material_batch_machine,763,9.801044769406017,0,0,,,B107
M1,tool_wear_machine,764,23.130855594873704,0,0,,,
M2,calibration_drift_machine,764,10.252531694698117,0,0,,,
M3,healthy_control_machine,764,10.266925385146326,1,0,,,
M4,bearing_degradation_machine,764,10.844906065282602,0,0,,0.0,
M5,material_batch_machine,764,10.264140515723733,0,0,,,B107
M1,tool_wear_machine,765,23.40702699078775,0,0,,,
M2,calibration_drift_machine,765,10.284590582322648,1,0,,,
M3,healthy_control_machine,765,9.921206454309488,1,0,,,
M4,bearing_degradation_machine,765,10.911498870259175,0,0,,0.0,
M5,material_batch_machine,765,10.14365074819952,0,0,,,B107
M1,tool_wear_machine,766,23.699648266405347,0,0,,,
M2,calibration_drift_machine,766,10.024039429170504,0,0,,,
M3,healthy_control_machine,766,10.049272822491902,0,0,,,
M4,bearing_degradation_machine,766,10.992883244455687,0,0,,0.0,
M5,material_batch_machine,766,9.852855277119907,0,0,,,B107
M1,tool_wear_machine,767,23.884460055244478,0,0,,,
M2,calibration_drift_machine,767,9.72541715917167,0,0,,,
M3,healthy_control_machine,767,9.966486521332072,0,0,,,
M4,bearing_degradation_machine,767,11.067233291259086,0,0,,0.0,
M5,material_batch_machine,767,9.806242553149565,0,0,,,B107
M1,tool_wear_machine,768,24.181099147649398,0,0,,,
M2,calibration_drift_machine,768,9.944400952301956,0,0,,,
M3,healthy_control_machine,768,9.72536139654156,0,0,,,
M4,bearing_degradation_machine,768,11.110609362217144,0,0,,0.0,
M5,material_batch_machine,768,10.284361344462656,0,0,,,B107
M1,tool_wear_machine,769,24.409346865709168,0,0,,,
M2,calibration_drift_machine,769,10.248817446112728,0,0,,,
M3,healthy_control_machine,769,10.217428230714564,0,0,,,
M4,bearing_degradation_machine,769,11.169086620643327,0,0,,0.0,
M5,material_batch_machine,769,9.863753036519642,0,0,,,B107
M1,tool_wear_machine,770,24.616465200769024,0,0,,,
M2,calibration_drift_machine,770,9.7024608702581,0,0,,,
M3,healthy_control_machine,770,10.116980476363509,0,0,,,
M4,bearing_degradation_machine,770,11.207870882094749,0,0,,0.0,
M5,material_batch_machine,770,9.732713535326967,0,0,,,B107
M1,tool_wear_machine,771,24.81956385330608,0,0,,,
M2,calibration_drift_machine,771,9.820522441414994,0,0,,,
M3,healthy_control_machine,771,10.080970909456589,0,0,,,
M4,bearing_degradation_machine,771,11.286777174808346,0,0,,0.0,
M5,material_batch_machine,771,10.049074758866626,0,0,,,B107
M1,tool_wear_machine,772,24.99912739826012,0,0,,,
M2,calibration_drift_machine,772,9.823610442574825,0,0,,,
M3,healthy_control_machine,772,9.73984984268886,0,0,,,
M4,bearing_degradation_machine,772,11.320653768906713,0,0,,0.0,
M5,material_batch_machine,772,9.809485798659537,0,0,,,B107
M1,tool_wear_machine,773,25.193280140641367,0,0,,,
M2,calibration_drift_machine,773,10.262690179139538,1,0,,,
M3,healthy_control_machine,773,9.73989447710486,0,0,,,
M4,bearing_degradation_machine,773,11.364436006936295,0,0,,0.0,
M5,material_batch_machine,773,10.129510009316087,0,0,,,B107
M1,tool_wear_machine,774,25.360586710060897,1,0,,,
M2,calibration_drift_machine,774,9.910389569772411,0,0,,,
M3,healthy_control_machine,774,9.8077169754962,0,0,,,
M4,bearing_degradation_machine,774,11.443669196250868,0,0,,0.0,
M5,material_batch_machine,774,9.730762199477892,0,0,,,B107
M1,tool_wear_machine,775,25.514534517689782,0,0,,,
M2,calibration_drift_machine,775,10.019271916122824,0,0,,,
M3,healthy_control_machine,775,10.205015060858202,0,0,,,
M4,bearing_degradation_machine,775,11.512785423264484,0,0,,0.0,
M5,material_batch_machine,775,9.766961919671136,0,0,,,B107
M1,tool_wear_machine,776,25.725286345350632,0,0,,,
M2,calibration_drift_machine,776,10.261097206448067,0,0,,,
M3,healthy_control_machine,776,10.202537640805794,0,0,,,
M4,bearing_degradation_machine,776,11.54485572228063,0,0,,0.0,
M5,material_batch_machine,776,9.81154102693376,1,0,,,B107
M1,tool_wear_machine,777,25.93692680999863,0,0,,,
M2,calibration_drift_machine,777,10.00274618073568,0,0,,,
M3,healthy_control_machine,777,10.20420174293265,0,0,,,
M4,bearing_degradation_machine,777,11.62075454557756,0,0,,0.0,
M5,material_batch_machine,777,9.88808517396046,0,0,,,B107
M1,tool_wear_machine,778,26.20806009976105,0,0,,,
M2,calibration_drift_machine,778,10.289150670700849,0,0,,,
M3,healthy_control_machine,778,9.963257332390977,0,0,,,
M4,bearing_degradation_machine,778,11.671818899639202,0,0,,0.0,
M5,material_batch_machine,778,9.714798212978806,0,0,,,B107
M1,tool_wear_machine,779,26.495909357173524,0,0,,,
M2,calibration_drift_machine,779,10.28506114066012,0,0,,,
M3,healthy_control_machine,779,9.760198631927242,0,0,,,
M4,bearing_degradation_machine,779,11.739132897074201,0,0,,0.0,
M5,material_batch_machine,779,10.137300488273382,0,0,,,B107
M1,tool_wear_machine,780,26.67686450221709,0,0,,,
M2,calibration_drift_machine,780,9.859447825711996,1,0,,,
M3,healthy_control_machine,780,9.721941887417774,0,0,,,
M4,bearing_degradation_machine,780,11.80895204197289,0,0,,0.0,
M5,material_batch_machine,780,10.143191590352885,0,0,,,B107
M1,tool_wear_machine,781,26.952073413500617,0,0,,,
M2,calibration_drift_machine,781,9.80347110392588,0,0,,,
M3,healthy_control_machine,781,9.890244261617834,0,0,,,
M4,bearing_degradation_machine,781,11.875643593896877,0,0,,0.0,
M5,material_batch_machine,781,10.034510958800364,0,0,,,B107
M1,tool_wear_machine,782,27.230304574320023,0,0,,,
M2,calibration_drift_machine,782,9.840643446644956,0,0,,,
M3,healthy_control_machine,782,10.029565004876948,1,0,,,
M4,bearing_degradation_machine,782,11.921779173218644,0,0,,0.0,
M5,material_batch_machine,782,9.828068728795625,0,0,,,B107
M1,tool_wear_machine,783,27.500669798072224,0,0,,,
M2,calibration_drift_machine,783,10.024618173437688,0,0,,,
M3,healthy_control_machine,783,10.007633920644132,0,0,,,
M4,bearing_degradation_machine,783,11.975516045547893,0,0,,0.0,
M5,material_batch_machine,783,10.232553394431315,0,0,,,B107
M1,tool_wear_machine,784,27.743346098109747,0,0,,,
M2,calibration_drift_machine,784,9.96842789358284,0,0,,,
M3,healthy_control_machine,784,9.995980129743376,0,0,,,
M4,bearing_degradation_machine,784,12.021782408979455,0,0,,0.0,
M5,material_batch_machine,784,10.146319168532903,0,0,,,B107
M1,tool_wear_machine,785,27.91914904215768,0,0,,,
M2,calibration_drift_machine,785,10.199713485170752,1,0,,,
M3,healthy_control_machine,785,10.107645134557078,0,0,,,
M4,bearing_degradation_machine,785,12.074214613099903,0,0,,0.0,
M5,material_batch_machine,785,10.22069710129896,0,0,,,B107
M1,tool_wear_machine,786,28.04281039174985,0,0,,,
M2,calibration_drift_machine,786,10.298428676088287,0,0,,,
M3,healthy_control_machine,786,9.854446738118023,0,0,,,
M4,bearing_degradation_machine,786,12.122159963157511,0,0,,0.0,
M5,material_batch_machine,786,9.985889924713163,0,0,,,B107
M1,tool_wear_machine,787,28.207296504355302,1,0,,,
M2,calibration_drift_machine,787,9.97474564417883,0,0,,,
M3,healthy_control_machine,787,10.281955344139567,0,0,,,
M4,bearing_degradation_machine,787,12.192947076189247,0,0,,0.0,
M5,material_batch_machine,787,10.064413830086647,0,0,,,B107
M1,tool_wear_machine,788,28.440141434631805,0,0,,,
M2,calibration_drift_machine,788,9.898214613219437,0,0,,,
M3,healthy_control_machine,788,9.732972072321177,0,0,,,
M4,bearing_degradation_machine,788,12.251675374101898,0,0,,0.0,
M5,material_batch_machine,788,9.982259348597944,0,0,,,B107
M1,tool_wear_machine,789,28.622218715696583,0,0,,,
M2,calibration_drift_machine,789,9.81047801384871,0,0,,,
M3,healthy_control_machine,789,9.828995334153035,0,0,,,
M4,bearing_degradation_machine,789,12.287560838379106,0,0,,0.0,
M5,material_batch_machine,789,10.260083675168534,0,0,,,B107
M1,tool_wear_machine,790,28.8927651884384,0,0,,,
M2,calibration_drift_machine,790,10.178146939445577,0,0,,,
M3,healthy_control_machine,790,9.857473781790935,0,0,,,
M4,bearing_degradation_machine,790,12.321603558543593,0,0,,0.0,
M5,material_batch_machine,790,10.167127492853613,0,0,,,B107
M1,tool_wear_machine,791,29.091174357984972,0,0,,,
M2,calibration_drift_machine,791,10.24773758818374,0,0,,,
M3,healthy_control_machine,791,10.232984648462622,0,0,,,
M4,bearing_degradation_machine,791,12.381872405603158,0,0,,0.0,
M5,material_batch_machine,791,9.952409342224557,0,0,,,B107
M1,tool_wear_machine,792,29.214636064607188,1,0,,,
M2,calibration_drift_machine,792,9.86823650715421,0,0,,,
M3,healthy_control_machine,792,9.916656665804402,0,0,,,
M4,bearing_degradation_machine,792,12.446707996408495,0,0,,0.0,
M5,material_batch_machine,792,10.057564957438423,0,0,,,B107
M1,tool_wear_machine,793,29.394727636188996,0,0,,,
M2,calibration_drift_machine,793,9.755162761552503,0,0,,,
M3,healthy_control_machine,793,10.218874133199938,0,0,,,
M4,bearing_degradation_machine,793,12.475161649140745,0,0,,0.0,
M5,material_batch_machine,793,9.84238849653685,0,0,,,B107
M1,tool_wear_machine,794,29.668824795991544,0,0,,,
M2,calibration_drift_machine,794,9.967260205171618,0,0,,,
M3,healthy_control_machine,794,10.256639367869802,0,0,,,
M4,bearing_degradation_machine,794,12.523926684203257,0,0,,0.0,
M5,material_batch_machine,794,10.25799086988048,0,0,,,B107
M1,tool_wear_machine,795,29.93216703557788,0,0,,,
M2,calibration_drift_machine,795,9.996971280222995,0,0,,,
M3,healthy_control_machine,795,10.138325578897948,0,0,,,
M4,bearing_degradation_machine,795,12.582708185667464,0,0,,0.0,
M5,material_batch_machine,795,9.77751035068525,0,0,,,B107
M1,tool_wear_machine,796,30.152656809970583,0,0,,,
M2,calibration_drift_machine,796,9.869225412873803,0,0,,,
M3,healthy_control_machine,796,10.249151130418454,0,0,,,
M4,bearing_degradation_machine,796,12.632754051965248,0,0,,0.0,
M5,material_batch_machine,796,9.88250948657711,0,0,,,B107
M1,tool_wear_machine,797,30.429944369700994,1,0,,,
M2,calibration_drift_machine,797,9.8315106073914,0,0,,,
M3,healthy_control_machine,797,10.03176444891355,0,0,,,
M4,bearing_degradation_machine,797,12.66644209200935,0,0,,0.0,
M5,material_batch_machine,797,9.813348313860217,0,0,,,B107
M1,tool_wear_machine,798,30.566306171966414,0,0,,,
M2,calibration_drift_machine,798,9.913850713094673,0,0,,,
M3,healthy_control_machine,798,9.9427932507428,0,0,,,
M4,bearing_degradation_machine,798,12.707141186996992,1,0,,0.0,
M5,material_batch_machine,798,10.016049849928448,0,0,,,B107
M1,tool_wear_machine,799,30.82683541119359,0,0,,,
M2,calibration_drift_machine,799,10.281197747888042,0,0,,,
M3,healthy_control_machine,799,9.779936048790612,0,0,,,
M4,bearing_degradation_machine,799,12.778077040764554,1,0,,0.0,
M5,material_batch_machine,799,9.84101727227088,0,0,,,B107
M1,tool_wear_machine,800,10.0,0,1,tool_replacement,,
M2,calibration_drift_machine,800,9.946539942995084,0,1,recalibration,,
M3,healthy_control_machine,800,9.731310995179818,0,1,routine_check,,
M4,bearing_degradation_machine,800,12.816532183917674,0,0,,0.0,
M5,material_batch_machine,800,10.110238416106323,0,1,routine_check,,B107
M1,tool_wear_machine,801,10.196142600323517,0,0,,,
M2,calibration_drift_machine,801,9.895642301396274,0,0,,,
M3,healthy_control_machine,801,10.148032961010438,0,0,,,
M4,bearing_degradation_machine,801,12.868314459452705,0,0,,0.0,
M5,material_batch_machine,801,9.972359777045794,0,0,,,B108
M1,tool_wear_machine,802,10.40564678675764,0,0,,,
M2,calibration_drift_machine,802,10.298981893440375,0,0,,,
M3,healthy_control_machine,802,9.786146478069156,0,0,,,
M4,bearing_degradation_machine,802,12.933355146405948,0,0,,0.0,
M5,material_batch_machine,802,9.985390590670981,0,0,,,B108
M1,tool_wear_machine,803,10.625992205573256,0,0,,,
M2,calibration_drift_machine,803,10.131517936308192,0,0,,,
M3,healthy_control_machine,803,10.109078086770632,0,0,,,
M4,bearing_degradation_machine,803,12.974888735060414,0,0,,0.0,
M5,material_batch_machine,803,9.821079748805314,1,0,,,B108
M1,tool_wear_machine,804,10.88509701428837,0,0,,,
M2,calibration_drift_machine,804,10.112663821327288,0,0,,,
M3,healthy_control_machine,804,9.966276904587838,0,0,,,
M4,bearing_degradation_machine,804,13.053065604346266,0,0,,0.0,
M5,material_batch_machine,804,10.035109691896494,0,0,,,B108
M1,tool_wear_machine,805,11.165065911318663,0,0,,,
M2,calibration_drift_machine,805,10.264731717247395,0,0,,,
M3,healthy_control_machine,805,10.007370845830128,0,0,,,
M4,bearing_degradation_machine,805,13.09110939246508,0,0,,0.0,
M5,material_batch_machine,805,10.1578116386894,0,0,,,B108
M1,tool_wear_machine,806,11.398731153402558,0,0,,,
M2,calibration_drift_machine,806,9.875034332308216,0,0,,,
M3,healthy_control_machine,806,10.267601316003429,0,0,,,
M4,bearing_degradation_machine,806,13.160642402233293,0,0,,0.0,
M5,material_batch_machine,806,10.177948564009089,0,0,,,B108
M1,tool_wear_machine,807,11.545972579967035,0,0,,,
M2,calibration_drift_machine,807,9.813600252098242,0,0,,,
M3,healthy_control_machine,807,10.17223399239422,0,0,,,
M4,bearing_degradation_machine,807,13.19338391183271,0,0,,0.0,
M5,material_batch_machine,807,10.294279439236945,0,0,,,B108
M1,tool_wear_machine,808,11.699845730417264,0,0,,,
M2,calibration_drift_machine,808,9.890879518800094,0,0,,,
M3,healthy_control_machine,808,10.134405275296933,0,0,,,
M4,bearing_degradation_machine,808,13.272317343156999,0,0,,0.0,
M5,material_batch_machine,808,10.092282795630599,0,0,,,B108
M1,tool_wear_machine,809,11.87723905602585,0,0,,,
M2,calibration_drift_machine,809,10.138045099961998,0,0,,,
M3,healthy_control_machine,809,9.866141013844562,0,0,,,
M4,bearing_degradation_machine,809,13.31345181279889,0,0,,0.0,
M5,material_batch_machine,809,9.708194701855648,0,0,,,B108
M1,tool_wear_machine,810,12.007289935783614,0,0,,,
M2,calibration_drift_machine,810,9.994066885981873,0,0,,,
M3,healthy_control_machine,810,10.155258250421127,0,0,,,
M4,bearing_degradation_machine,810,13.37327147988299,0,0,,0.0,
M5,material_batch_machine,810,10.041261461513727,0,0,,,B108
M1,tool_wear_machine,811,12.252775102293857,0,0,,,
M2,calibration_drift_machine,811,9.913079929189474,0,0,,,
M3,healthy_control_machine,811,9.833517869499332,0,0,,,
M4,bearing_degradation_machine,811,13.406018010386408,0,0,,0.0,
M5,material_batch_machine,811,10.22589136785242,0,0,,,B108
M1,tool_wear_machine,812,12.54645404124335,0,0,,,
M2,calibration_drift_machine,812,10.185107963956247,0,0,,,
M3,healthy_control_machine,812,10.279541795119487,0,0,,,
M4,bearing_degradation_machine,812,13.4787162578026,0,0,,0.0,
M5,material_batch_machine,812,9.705545388748646,0,0,,,B108
M1,tool_wear_machine,813,12.697847939022305,0,0,,,
M2,calibration_drift_machine,813,9.85539907271686,0,0,,,
M3,healthy_control_machine,813,9.772782822739098,0,0,,,
M4,bearing_degradation_machine,813,13.520558043499893,0,0,,0.0,
M5,material_batch_machine,813,9.720845287553397,0,0,,,B108
M1,tool_wear_machine,814,12.889606610775619,0,0,,,
M2,calibration_drift_machine,814,10.295742094539559,0,0,,,
M3,healthy_control_machine,814,10.277785565418691,0,0,,,
M4,bearing_degradation_machine,814,13.574516968004843,0,0,,0.0,
M5,material_batch_machine,814,9.77860873266017,0,0,,,B108
M1,tool_wear_machine,815,13.09172981870522,0,0,,,
M2,calibration_drift_machine,815,9.783862996656097,0,0,,,
M3,healthy_control_machine,815,9.757750349942635,0,0,,,
M4,bearing_degradation_machine,815,13.651206678530965,0,0,,0.0,
M5,material_batch_machine,815,9.883481549469687,0,0,,,B108
M1,tool_wear_machine,816,13.342012960136682,0,0,,,
M2,calibration_drift_machine,816,9.854268797802487,0,0,,,
M3,healthy_control_machine,816,10.169464981120116,0,0,,,
M4,bearing_degradation_machine,816,13.715224681075679,0,0,,0.0,
M5,material_batch_machine,816,10.270619754849164,0,0,,,B108
M1,tool_wear_machine,817,13.545927201564677,0,0,,,
M2,calibration_drift_machine,817,9.852103713355008,0,0,,,
M3,healthy_control_machine,817,9.70806642639005,0,0,,,
M4,bearing_degradation_machine,817,13.781463567973297,0,0,,0.0,
M5,material_batch_machine,817,10.058043317667945,0,0,,,B108
M1,tool_wear_machine,818,13.839287840253956,0,0,,,
M2,calibration_drift_machine,818,10.188176728133788,0,0,,,
M3,healthy_control_machine,818,10.009441713024428,0,0,,,
M4,bearing_degradation_machine,818,13.861086915947974,0,0,,0.0,
M5,material_batch_machine,818,10.232864751406883,0,0,,,B108
M1,tool_wear_machine,819,14.093669841538565,0,0,,,
M2,calibration_drift_machine,819,10.255197842124758,0,0,,,
M3,healthy_control_machine,819,9.728686638221488,0,0,,,
M4,bearing_degradation_machine,819,13.897105976165268,0,0,,0.0,
M5,material_batch_machine,819,9.914851181136028,0,0,,,B108
M1,tool_wear_machine,820,14.226305231591954,0,0,,,
M2,calibration_drift_machine,820,9.81007855238131,0,0,,,
M3,healthy_control_machine,820,9.957605670022465,0,0,,,
M4,bearing_degradation_machine,820,13.93354699097387,0,0,,0.0,
M5,material_batch_machine,820,9.956449072112626,0,0,,,B108
M1,tool_wear_machine,821,14.508069981276343,0,0,,,
M2,calibration_drift_machine,821,10.282474594341418,0,0,,,
M3,healthy_control_machine,821,10.124362435566674,0,0,,,
M4,bearing_degradation_machine,821,13.98405452144546,0,0,,0.0,
M5,material_batch_machine,821,10.161538722124863,0,0,,,B108
M1,tool_wear_machine,822,14.801581597846234,0,0,,,
M2,calibration_drift_machine,822,10.012245258809559,0,0,,,
M3,healthy_control_machine,822,10.159211196351793,0,0,,,
M4,bearing_degradation_machine,822,14.05627839396125,0,0,,0.0,
M5,material_batch_machine,822,10.205631474123681,0,0,,,B108
M1,tool_wear_machine,823,14.972827232245994,0,0,,,
M2,calibration_drift_machine,823,9.705751384086637,0,0,,,
M3,healthy_control_machine,823,9.761685137041512,0,0,,,
M4,bearing_degradation_machine,823,14.117500924291072,0,0,,0.0,
M5,material_batch_machine,823,9.939301968903854,0,0,,,B108
M1,tool_wear_machine,824,15.105998750024234,0,0,,,
M2,calibration_drift_machine,824,9.99216442794355,0,0,,,
M3,healthy_control_machine,824,9.933020126602928,0,0,,,
M4,bearing_degradation_machine,824,14.173539935447609,0,0,,0.0,
M5,material_batch_machine,824,9.825245520057035,0,0,,,B108
M1,tool_wear_machine,825,15.22947354503345,0,0,,,
M2,calibration_drift_machine,825,10.19166284907596,0,0,,,
M3,healthy_control_machine,825,9.83005462679319,0,0,,,
M4,bearing_degradation_machine,825,14.22103328610805,0,0,,0.0,
M5,material_batch_machine,825,10.23290674622703,0,0,,,B108
M1,tool_wear_machine,826,15.452860095396474,0,0,,,
M2,calibration_drift_machine,826,9.945404642041764,0,0,,,
M3,healthy_control_machine,826,9.715589376235469,0,0,,,
M4,bearing_degradation_machine,826,14.284137088898248,0,0,,0.0,
M5,material_batch_machine,826,9.71157947933619,0,0,,,B108
M1,tool_wear_machine,827,15.642053702961206,0,0,,,
M2,calibration_drift_machine,827,9.834099252612786,0,0,,,
M3,healthy_control_machine,827,10.193521611348084,0,0,,,
M4,bearing_degradation_machine,827,14.367279479917501,0,0,,0.0,
M5,material_batch_machine,827,10.278487477519334,0,0,,,B108
M1,tool_wear_machine,828,15.905820526252882,0,0,,,
M2,calibration_drift_machine,828,9.80790888904552,0,0,,,
M3,healthy_control_machine,828,9.787654419863852,0,0,,,
M4,bearing_degradation_machine,828,14.428484919201436,0,0,,0.0,
M5,material_batch_machine,828,9.828855639977483,0,0,,,B108
M1,tool_wear_machine,829,16.10770883917642,0,0,,,
M2,calibration_drift_machine,829,9.711927945218369,0,0,,,
M3,healthy_control_machine,829,9.934766113244168,0,0,,,
M4,bearing_degradation_machine,829,14.510743415359823,0,0,,0.0,
M5,material_batch_machine,829,10.119627319439934,0,0,,,B108
M1,tool_wear_machine,830,16.279982805162025,0,0,,,
M2,calibration_drift_machine,830,9.87802377350194,0,0,,,
M3,healthy_control_machine,830,10.190190028485441,0,0,,,
M4,bearing_degradation_machine,830,14.585192427186476,0,0,,0.0,
M5,material_batch_machine,830,9.737991548183393,0,0,,,B108
M1,tool_wear_machine,831,16.405659038225647,0,0,,,
M2,calibration_drift_machine,831,10.08760617456802,0,0,,,
M3,healthy_control_machine,831,10.137541305681017,0,0,,,
M4,bearing_degradation_machine,831,14.619574298142531,0,0,,0.0,
M5,material_batch_machine,831,10.12289449923443,0,0,,,B108
M1,tool_wear_machine,832,16.58240953058435,0,0,,,
M2,calibration_drift_machine,832,10.04069565483975,0,0,,,
M3,healthy_control_machine,832,10.022414649536126,0,0,,,
M4,bearing_degradation_machine,832,14.676208472587556,0,0,,0.0,
M5,material_batch_machine,832,10.223723971460275,0,0,,,B108
M1,tool_wear_machine,833,16.732923159443654,0,0,,,
M2,calibration_drift_machine,833,10.22834946587258,0,0,,,
M3,healthy_control_machine,833,9.709248975069045,0,0,,,
M4,bearing_degradation_machine,833,14.709392732342472,0,0,,0.0,
M5,material_batch_machine,833,9.802259921127998,0,0,,,B108
M1,tool_wear_machine,834,16.99227402944778,1,0,,,
M2,calibration_drift_machine,834,10.189838635816942,0,0,,,
M3,healthy_control_machine,834,9.89163047010021,0,0,,,
M4,bearing_degradation_machine,834,14.7417211679589,0,0,,0.0,
M5,material_batch_machine,834,9.960028508868964,0,0,,,B108
M1,tool_wear_machine,835,17.286796998778364,0,0,,,
M2,calibration_drift_machine,835,9.952037601747667,1,0,,,
M3,healthy_control_machine,835,10.188005997427066,0,0,,,
M4,bearing_degradation_machine,835,14.773618311413092,0,0,,0.0,
M5,material_batch_machine,835,10.16001869430009,0,0,,,B108
M1,tool_wear_machine,836,17.55318421302148,0,0,,,
M2,calibration_drift_machine,836,10.21880665155139,0,0,,,
M3,healthy_control_machine,836,9.73093292395975,0,0,,,
M4,bearing_degradation_machine,836,14.817139305788366,0,0,,0.0,
M5,material_batch_machine,836,9.993111012358495,0,0,,,B108
M1,tool_wear_machine,837,17.850735956788835,0,0,,,
M2,calibration_drift_machine,837,10.013089420829953,0,0,,,
M3,healthy_control_machine,837,9.70526485303715,1,0,,,
M4,bearing_degradation_machine,837,14.850608619603431,0,0,,0.0,
M5,material_batch_machine,837,10.263448782932212,0,0,,,B108
M1,tool_wear_machine,838,18.062495788835466,0,0,,,
M2,calibration_drift_machine,838,10.233059023086458,0,0,,,
M3,healthy_control_machine,838,10.155204330812069,0,0,,,
M4,bearing_degradation_machine,838,14.880862326758109,0,0,,0.0,
M5,material_batch_machine,838,10.196290117302325,0,0,,,B108
M1,tool_wear_machine,839,18.34737434908064,0,0,,,
M2,calibration_drift_machine,839,9.791000176214572,1,0,,,
M3,healthy_control_machine,839,10.196993781185105,0,0,,,
M4,bearing_degradation_machine,839,14.955302380699816,0,0,,0.0,
M5,material_batch_machine,839,10.00008884989864,0,0,,,B108
M1,tool_wear_machine,840,18.498304569325683,0,0,,,
M2,calibration_drift_machine,840,9.822331885276315,0,0,,,
M3,healthy_control_machine,840,10.17875882050679,0,0,,,
M4,bearing_degradation_machine,840,15.033321949658664,0,0,,0.0,
M5,material_batch_machine,840,10.215910883149398,0,0,,,B108
M1,tool_wear_machine,841,18.662445961807386,0,0,,,
M2,calibration_drift_machine,841,9.830347943488528,1,0,,,
M3,healthy_control_machine,841,10.153524490707031,0,0,,,
M4,bearing_degradation_machine,841,15.061572924484894,0,0,,0.0,
M5,material_batch_machine,841,9.98547808899676,0,0,,,B108
M1,tool_wear_machine,842,18.808702404659087,0,0,,,
M2,calibration_drift_machine,842,9.843220482819387,0,0,,,
M3,healthy_control_machine,842,10.092273790502034,0,0,,,
M4,bearing_degradation_machine,842,15.133027463374887,0,0,,0.0,
M5,material_batch_machine,842,9.713279965334872,0,0,,,B108
M1,tool_wear_machine,843,19.033529106027594,0,0,,,
M2,calibration_drift_machine,843,9.946505906488547,0,0,,,
M3,healthy_control_machine,843,9.791444152022729,0,0,,,
M4,bearing_degradation_machine,843,15.168435351023426,0,0,,0.0,
M5,material_batch_machine,843,9.923480168695404,0,0,,,B108
M1,tool_wear_machine,844,19.21195326467734,0,0,,,
M2,calibration_drift_machine,844,10.267047518684699,0,0,,,
M3,healthy_control_machine,844,9.79020752483906,0,0,,,
M4,bearing_degradation_machine,844,15.206870025698713,0,0,,0.0,
M5,material_batch_machine,844,9.956876830426085,0,0,,,B108
M1,tool_wear_machine,845,19.391143213115956,0,0,,,
M2,calibration_drift_machine,845,10.271235050978326,0,0,,,
M3,healthy_control_machine,845,10.213950666536475,0,0,,,
M4,bearing_degradation_machine,845,15.260788542501846,0,0,,0.0,
M5,material_batch_machine,845,10.156301202650344,0,0,,,B108
M1,tool_wear_machine,846,19.6775059992625,0,0,,,
M2,calibration_drift_machine,846,10.103805460577831,0,0,,,
M3,healthy_control_machine,846,10.261393077645726,0,0,,,
M4,bearing_degradation_machine,846,15.305484548886142,0,0,,0.0,
M5,material_batch_machine,846,9.882442170868154,1,0,,,B108
M1,tool_wear_machine,847,19.94755535982638,0,0,,,
M2,calibration_drift_machine,847,10.002444968104053,0,0,,,
M3,healthy_control_machine,847,9.718969006762745,0,0,,,
M4,bearing_degradation_machine,847,15.336399483194711,0,0,,0.0,
M5,material_batch_machine,847,9.724300411889152,0,0,,,B108
M1,tool_wear_machine,848,20.212655487004895,0,0,,,
M2,calibration_drift_machine,848,10.179897672429941,0,0,,,
M3,healthy_control_machine,848,10.067831215521688,0,0,,,
M4,bearing_degradation_machine,848,15.405509474124052,0,0,,0.0,
M5,material_batch_machine,848,9.759676958471314,0,0,,,B108
M1,tool_wear_machine,849,20.471143733368265,0,0,,,
M2,calibration_drift_machine,849,10.027956558098346,1,0,,,
M3,healthy_control_machine,849,10.238377953119977,0,0,,,
M4,bearing_degradation_machine,849,15.481593850542602,0,0,,0.0,
M5,material_batch_machine,849,9.893535541979961,0,0,,,B108
M1,tool_wear_machine,850,20.61734592992572,0,0,,,
M2,calibration_drift_machine,850,9.940089732343507,0,0,,,
M3,healthy_control_machine,850,10.026552345610519,0,0,,,
M4,bearing_degradation_machine,850,15.55925052799872,0,0,,0.0,
M5,material_batch_machine,850,9.768593868471475,0,0,,,B108
M1,tool_wear_machine,851,20.87595141429199,0,0,,,
M2,calibration_drift_machine,851,9.846011496420159,1,0,,,
M3,healthy_control_machine,851,9.904270417326163,0,0,,,
M4,bearing_degradation_machine,851,15.637984019744685,0,0,,0.0,
M5,material_batch_machine,851,9.934309418610637,0,0,,,B108
M1,tool_wear_machine,852,21.160618289929687,0,0,,,
M2,calibration_drift_machine,852,9.827710462575949,1,0,,,
M3,healthy_control_machine,852,9.708162637270402,0,0,,,
M4,bearing_degradation_machine,852,15.670093524677199,0,0,,0.0,
M5,material_batch_machine,852,10.147759636799323,0,0,,,B108
M1,tool_wear_machine,853,21.293560185288037,0,0,,,
M2,calibration_drift_machine,853,10.159647999470932,0,0,,,
M3,healthy_control_machine,853,9.970723244927438,0,0,,,
M4,bearing_degradation_machine,853,15.74861786072346,0,0,,0.0,
M5,material_batch_machine,853,10.259470252648386,0,0,,,B108
M1,tool_wear_machine,854,21.58170814717078,0,0,,,
M2,calibration_drift_machine,854,9.838690820537606,0,0,,,
M3,healthy_control_machine,854,9.996946962865996,0,0,,,
M4,bearing_degradation_machine,854,15.830168375812992,0,0,,0.0,
M5,material_batch_machine,854,9.908643869377556,0,0,,,B108
M1,tool_wear_machine,855,21.76665337589501,0,0,,,
M2,calibration_drift_machine,855,10.014216599346813,0,0,,,
M3,healthy_control_machine,855,9.99277458387445,0,0,,,
M4,bearing_degradation_machine,855,15.866633445471532,0,0,,0.0,
M5,material_batch_machine,855,9.810137744871945,0,0,,,B108
M1,tool_wear_machine,856,21.96164710891651,0,0,,,
M2,calibration_drift_machine,856,10.059784086441379,0,0,,,
M3,healthy_control_machine,856,9.884649709964693,0,0,,,
M4,bearing_degradation_machine,856,15.937238667791673,0,0,,0.0,
M5,material_batch_machine,856,9.724961940013193,0,0,,,B108
M1,tool_wear_machine,857,22.0928018901728,0,0,,,
M2,calibration_drift_machine,857,9.970729187967038,0,0,,,
M3,healthy_control_machine,857,10.233571277244558,0,0,,,
M4,bearing_degradation_machine,857,15.988283317554028,0,0,,0.0,
M5,material_batch_machine,857,10.291324288404423,0,0,,,B108
M1,tool_wear_machine,858,22.238127066467733,0,0,,,
M2,calibration_drift_machine,858,9.725482546293048,0,0,,,
M3,healthy_control_machine,858,10.167601759191692,0,0,,,
M4,bearing_degradation_machine,858,16.071306048200245,0,0,,0.0,
M5,material_batch_machine,858,10.03342212443218,0,0,,,B108
M1,tool_wear_machine,859,22.508432459495765,0,0,,,
M2,calibration_drift_machine,859,9.93792353653869,0,0,,,
M3,healthy_control_machine,859,9.852129865559146,0,0,,,
M4,bearing_degradation_machine,859,16.11452340512338,0,0,,0.0,
M5,material_batch_machine,859,9.934500129560334,0,0,,,B108
M1,tool_wear_machine,860,22.75032667641159,0,0,,,
M2,calibration_drift_machine,860,10.231137390526703,0,0,,,
M3,healthy_control_machine,860,10.166585541806613,0,0,,,
M4,bearing_degradation_machine,860,16.19231938987513,0,0,,0.0,
M5,material_batch_machine,860,9.866001965307449,0,0,,,B108
M1,tool_wear_machine,861,22.891897995489003,0,0,,,
M2,calibration_drift_machine,861,9.814448958223482,0,0,,,
M3,healthy_control_machine,861,9.810721030441986,0,0,,,
M4,bearing_degradation_machine,861,16.243222634084226,0,0,,0.0,
M5,material_batch_machine,861,10.172194050030894,0,0,,,B108
M1,tool_wear_machine,862,23.170522910587074,0,0,,,
M2,calibration_drift_machine,862,10.02776746287417,0,0,,,
M3,healthy_control_machine,862,9.922666998265953,0,0,,,
M4,bearing_degradation_machine,862,16.29786708642137,0,0,,0.0,
M5,material_batch_machine,862,10.173402930736417,0,0,,,B108
M1,tool_wear_machine,863,23.386936608099575,0,0,,,
M2,calibration_drift_machine,863,9.787533547889973,0,0,,,
M3,healthy_control_machine,863,9.934117580349941,0,0,,,
M4,bearing_degradation_machine,863,16.374903676131147,0,0,,1.0,
M5,material_batch_machine,863,9.943075644002116,0,0,,,B108
M1,tool_wear_machine,864,23.601383965512383,1,0,,,
M2,calibration_drift_machine,864,9.76613974523274,0,0,,,
M3,healthy_control_machine,864,9.907267831483308,0,0,,,
M4,bearing_degradation_machine,864,16.45634063214983,0,0,,0.0,
M5,material_batch_machine,864,9.881502376210847,0,0,,,B108
M1,tool_wear_machine,865,23.790318027503957,0,0,,,
M2,calibration_drift_machine,865,10.296703062532336,1,0,,,
M3,healthy_control_machine,865,10.044199958529406,0,0,,,
M4,bearing_degradation_machine,865,16.512676930896777,0,0,,1.0,
M5,material_batch_machine,865,10.03029548167955,0,0,,,B108
M1,tool_wear_machine,866,24.006366459778537,0,0,,,
M2,calibration_drift_machine,866,10.23671274612996,0,0,,,
M3,healthy_control_machine,866,10.068095663111187,0,0,,,
M4,bearing_degradation_machine,866,16.56053272887928,0,0,,0.0,
M5,material_batch_machine,866,10.259456669787289,0,0,,,B108
M1,tool_wear_machine,867,24.14893465891801,0,0,,,
M2,calibration_drift_machine,867,10.024860685965907,1,0,,,
M3,healthy_control_machine,867,10.232848229355284,0,0,,,
M4,bearing_degradation_machine,867,16.608539900511058,0,0,,0.0,
M5,material_batch_machine,867,9.974379878798139,0,0,,,B108
M1,tool_wear_machine,868,24.287939547240807,0,0,,,
M2,calibration_drift_machine,868,9.819131442122256,0,0,,,
M3,healthy_control_machine,868,9.963892442699947,0,0,,,
M4,bearing_degradation_machine,868,16.66547254695186,0,0,,0.0,
M5,material_batch_machine,868,9.943109262280577,0,0,,,B108
M1,tool_wear_machine,869,24.471507339651666,0,0,,,
M2,calibration_drift_machine,869,9.819594315370344,1,0,,,
M3,healthy_control_machine,869,10.22107920472742,0,0,,,
M4,bearing_degradation_machine,869,16.722268148722588,0,0,,1.0,
M5,material_batch_machine,869,10.237500806014097,0,0,,,B108
M1,tool_wear_machine,870,24.749828722421967,0,0,,,
M2,calibration_drift_machine,870,10.164909907920459,0,0,,,
M3,healthy_control_machine,870,9.752396423535082,0,0,,,
M4,bearing_degradation_machine,870,16.77578189082268,0,0,,0.0,
M5,material_batch_machine,870,9.81201035554859,0,0,,,B108
M1,tool_wear_machine,871,25.00132953698351,0,0,,,
M2,calibration_drift_machine,871,10.264209026602115,1,0,,,
M3,healthy_control_machine,871,10.034622857144003,0,0,,,
M4,bearing_degradation_machine,871,16.85015296930896,0,0,,0.0,
M5,material_batch_machine,871,10.054056039692805,0,0,,,B108
M1,tool_wear_machine,872,25.201739417061688,0,0,,,
M2,calibration_drift_machine,872,10.013257142148873,0,0,,,
M3,healthy_control_machine,872,9.88476622459716,0,0,,,
M4,bearing_degradation_machine,872,16.900186065889486,0,0,,0.0,
M5,material_batch_machine,872,10.011455038203836,0,0,,,B108
M1,tool_wear_machine,873,25.39872562780915,0,0,,,
M2,calibration_drift_machine,873,9.950641716706938,0,0,,,
M3,healthy_control_machine,873,9.903151583164945,0,0,,,
M4,bearing_degradation_machine,873,16.94829622269567,0,0,,0.0,
M5,material_batch_machine,873,10.05631261882348,0,0,,,B108
M1,tool_wear_machine,874,25.669122698072606,0,0,,,
M2,calibration_drift_machine,874,9.817683609840323,0,0,,,
M3,healthy_control_machine,874,10.002422804577254,0,0,,,
M4,bearing_degradation_machine,874,17.00922051174559,0,0,,0.0,
M5,material_batch_machine,874,9.7257023927134,0,0,,,B108
M1,tool_wear_machine,875,25.863766925822446,1,0,,,
M2,calibration_drift_machine,875,9.816539757817349,0,0,,,
M3,healthy_control_machine,875,10.143034982161634,0,0,,,
M4,bearing_degradation_machine,875,17.071214116391126,0,0,,1.0,
M5,material_batch_machine,875,10.047532713742664,0,0,,,B108
M1,tool_wear_machine,876,26.059337906646363,0,0,,,
M2,calibration_drift_machine,876,9.74520647054389,0,0,,,
M3,healthy_control_machine,876,10.11065961374896,0,0,,,
M4,bearing_degradation_machine,876,17.10441424687596,0,0,,0.0,
M5,material_batch_machine,876,9.953868058597472,0,0,,,B108
M1,tool_wear_machine,877,26.208230681396888,1,0,,,
M2,calibration_drift_machine,877,10.129290507864633,0,0,,,
M3,healthy_control_machine,877,10.003932289528851,0,0,,,
M4,bearing_degradation_machine,877,17.136295957512754,0,0,,0.0,
M5,material_batch_machine,877,10.168463940932314,0,0,,,B108
M1,tool_wear_machine,878,26.46072040400379,0,0,,,
M2,calibration_drift_machine,878,10.244373736871543,0,0,,,
M3,healthy_control_machine,878,10.006905018859383,0,0,,,
M4,bearing_degradation_machine,878,17.216700748078395,0,0,,0.0,
M5,material_batch_machine,878,9.902653456896152,0,0,,,B108
M1,tool_wear_machine,879,26.750551040417772,0,0,,,
M2,calibration_drift_machine,879,9.920121036571738,0,0,,,
M3,healthy_control_machine,879,9.820650093043628,0,0,,,
M4,bearing_degradation_machine,879,17.26402359676043,0,0,,0.0,
M5,material_batch_machine,879,10.042810939424168,0,0,,,B108
M1,tool_wear_machine,880,27.011655268923473,0,0,,,
M2,calibration_drift_machine,880,10.129383541640175,0,0,,,
M3,healthy_control_machine,880,10.064985416862136,0,0,,,
M4,bearing_degradation_machine,880,17.320203058284626,0,0,,0.0,
M5,material_batch_machine,880,9.89933665843977,0,0,,,B108
M1,tool_wear_machine,881,27.240167323345016,0,0,,,
M2,calibration_drift_machine,881,9.825096684972557,1,0,,,
M3,healthy_control_machine,881,10.035290340950993,0,0,,,
M4,bearing_degradation_machine,881,17.359696158184324,0,0,,0.0,
M5,material_batch_machine,881,10.156481003053662,0,0,,,B108
M1,tool_wear_machine,882,27.50296939235999,0,0,,,
M2,calibration_drift_machine,882,10.212867007777348,0,0,,,
M3,healthy_control_machine,882,9.842481344333647,0,0,,,
M4,bearing_degradation_machine,882,17.43016127814107,0,0,,0.0,
M5,material_batch_machine,882,10.148048063507556,0,0,,,B108
M1,tool_wear_machine,883,27.637963857320113,0,0,,,
M2,calibration_drift_machine,883,9.854718552186906,0,0,,,
M3,healthy_control_machine,883,9.821896023018525,0,0,,,
M4,bearing_degradation_machine,883,17.467761481591655,0,0,,0.0,
M5,material_batch_machine,883,9.815651206247628,0,0,,,B108
M1,tool_wear_machine,884,27.806993081587503,0,0,,,
M2,calibration_drift_machine,884,10.163883203731167,1,0,,,
M3,healthy_control_machine,884,9.882522710881002,0,0,,,
M4,bearing_degradation_machine,884,17.52306160919439,0,0,,1.0,
M5,material_batch_machine,884,10.184388580461432,0,0,,,B108
M1,tool_wear_machine,885,28.011924817058272,0,0,,,
M2,calibration_drift_machine,885,10.02079574004945,1,0,,,
M3,healthy_control_machine,885,10.08501190478488,0,0,,,
M4,bearing_degradation_machine,885,17.583687261654322,0,0,,0.0,
M5,material_batch_machine,885,9.750393700833495,0,0,,,B108
M1,tool_wear_machine,886,28.216842904265242,0,0,,,
M2,calibration_drift_machine,886,10.10243171542423,0,0,,,
M3,healthy_control_machine,886,9.710117722049263,0,0,,,
M4,bearing_degradation_machine,886,17.616843769269245,0,0,,1.0,
M5,material_batch_machine,886,10.267096874306738,0,0,,,B108
M1,tool_wear_machine,887,28.377433462719015,0,0,,,
M2,calibration_drift_machine,887,10.259073125830705,0,0,,,
M3,healthy_control_machine,887,9.905499995804883,0,0,,,
M4,bearing_degradation_machine,887,17.666848657874155,0,0,,1.0,
M5,material_batch_machine,887,10.184499238993997,0,0,,,B108
M1,tool_wear_machine,888,28.604600668697817,0,0,,,
M2,calibration_drift_machine,888,10.083681063695263,0,0,,,
M3,healthy_control_machine,888,10.055711202935333,0,0,,,
M4,bearing_degradation_machine,888,17.711843773553042,1,0,,0.0,
M5,material_batch_machine,888,10.036305240446783,0,0,,,B108
M1,tool_wear_machine,889,28.883505690951743,1,0,,,
M2,calibration_drift_machine,889,10.04980388980273,1,0,,,
M3,healthy_control_machine,889,10.146541155062343,0,0,,,
M4,bearing_degradation_machine,889,17.740318990229714,1,0,,0.0,
M5,material_batch_machine,889,10.041427944936204,1,0,,,B108
M1,tool_wear_machine,890,29.095939664795992,0,0,,,
M2,calibration_drift_machine,890,9.863997749874798,0,0,,,
M3,healthy_control_machine,890,10.214808194540996,0,0,,,
M4,bearing_degradation_machine,890,17.783251931099453,0,0,,0.0,
M5,material_batch_machine,890,9.864217309579809,0,0,,,B108
M1,tool_wear_machine,891,29.363417042018447,0,0,,,
M2,calibration_drift_machine,891,10.126907740187091,0,0,,,
M3,healthy_control_machine,891,10.299675440311841,0,0,,,
M4,bearing_degradation_machine,891,17.85390608703435,0,0,,0.0,
M5,material_batch_machine,891,10.002357404634546,0,0,,,B108
M1,tool_wear_machine,892,29.52796123332869,0,0,,,
M2,calibration_drift_machine,892,9.900074212318989,0,0,,,
M3,healthy_control_machine,892,9.96961952297509,0,0,,,
M4,bearing_degradation_machine,892,17.898627057386495,0,0,,0.0,
M5,material_batch_machine,892,9.765133214663589,0,0,,,B108
M1,tool_wear_machine,893,29.7028897328254,0,0,,,
M2,calibration_drift_machine,893,9.896053628345818,0,0,,,
M3,healthy_control_machine,893,9.747486800966925,0,0,,,
M4,bearing_degradation_machine,893,17.9364750987402,0,0,,0.0,
M5,material_batch_machine,893,9.82846974604776,0,0,,,B108
M1,tool_wear_machine,894,29.99913731598067,1,0,,,
M2,calibration_drift_machine,894,9.845798555716497,0,0,,,
M3,healthy_control_machine,894,10.190865870846501,0,0,,,
M4,bearing_degradation_machine,894,17.975799143637904,0,0,,0.0,
M5,material_batch_machine,894,9.940728896626798,0,0,,,B108
M1,tool_wear_machine,895,30.256586100630006,1,0,,,
M2,calibration_drift_machine,895,10.244892365936503,0,0,,,
M3,healthy_control_machine,895,9.73489067233984,0,0,,,
M4,bearing_degradation_machine,895,18.034007028454173,0,0,,0.0,
M5,material_batch_machine,895,10.295634771756177,0,0,,,B108
M1,tool_wear_machine,896,30.37765561668199,1,0,,,
M2,calibration_drift_machine,896,9.909317258062163,0,0,,,
M3,healthy_control_machine,896,9.81210064377675,0,0,,,
M4,bearing_degradation_machine,896,18.113379299617826,0,0,,0.0,
M5,material_batch_machine,896,9.71040755611223,0,0,,,B108
M1,tool_wear_machine,897,30.595492859473495,0,0,,,
M2,calibration_drift_machine,897,9.793516220552247,1,0,,,
M3,healthy_control_machine,897,9.856498648015005,0,0,,,
M4,bearing_degradation_machine,897,18.156585174660705,0,0,,0.0,
M5,material_batch_machine,897,10.169793014359442,0,0,,,B108
M1,tool_wear_machine,898,30.859521342073158,0,0,,,
M2,calibration_drift_machine,898,10.19935773158209,0,0,,,
M3,healthy_control_machine,898,10.081984621215236,0,0,,,
M4,bearing_degradation_machine,898,18.194810614001582,0,0,,1.0,
M5,material_batch_machine,898,10.151386582404074,0,0,,,B108
M1,tool_wear_machine,899,31.067001962756038,0,0,,,
M2,calibration_drift_machine,899,9.91368349720898,0,0,,,
M3,healthy_control_machine,899,10.208816741594369,0,0,,,
M4,bearing_degradation_machine,899,18.247962436555305,0,0,,0.0,
M5,material_batch_machine,899,9.909103479898954,0,0,,,B108
M1,tool_wear_machine,900,10.0,0,1,tool_replacement,,
M2,calibration_drift_machine,900,10.171361075453813,0,1,recalibration,,
M3,healthy_control_machine,900,10.075298102270022,0,1,routine_check,,
M4,bearing_degradation_machine,900,10.0,0,1,bearing_replacement,0.0,
M5,material_batch_machine,900,10.258734855507338,0,1,routine_check,,B108
M1,tool_wear_machine,901,10.132181236598438,0,0,,,
M2,calibration_drift_machine,901,9.797368494588413,0,0,,,
M3,healthy_control_machine,901,10.202905552411442,0,0,,,
M4,bearing_degradation_machine,901,10.041056249002613,0,0,,0.0,
M5,material_batch_machine,901,9.83621910056936,0,0,,,B109
M1,tool_wear_machine,902,10.368153104773437,0,0,,,
M2,calibration_drift_machine,902,9.992893573652385,0,0,,,
M3,healthy_control_machine,902,10.05176070591596,0,0,,,
M4,bearing_degradation_machine,902,10.09846609323893,0,0,,0.0,
M5,material_batch_machine,902,9.936198048433384,0,0,,,B109
M1,tool_wear_machine,903,10.488761297198952,0,0,,,
M2,calibration_drift_machine,903,9.937024321408899,0,0,,,
M3,healthy_control_machine,903,10.07331858776808,0,0,,,
M4,bearing_degradation_machine,903,10.153830151476459,0,0,,0.0,
M5,material_batch_machine,903,9.939026605395659,0,0,,,B109
M1,tool_wear_machine,904,10.768446856963898,0,0,,,
M2,calibration_drift_machine,904,9.749442660750427,0,0,,,
M3,healthy_control_machine,904,10.216994293298228,0,0,,,
M4,bearing_degradation_machine,904,10.182055567092283,0,0,,0.0,
M5,material_batch_machine,904,10.093677282620321,0,0,,,B109
M1,tool_wear_machine,905,11.01810522688265,0,0,,,
M2,calibration_drift_machine,905,10.23333276379389,0,0,,,
M3,healthy_control_machine,905,10.206034987797443,0,0,,,
M4,bearing_degradation_machine,905,10.246766826147654,0,0,,0.0,
M5,material_batch_machine,905,9.87478168522309,0,0,,,B109
M1,tool_wear_machine,906,11.303754042450926,0,0,,,
M2,calibration_drift_machine,906,10.181332791382781,0,0,,,
M3,healthy_control_machine,906,10.073697542176708,0,0,,,
M4,bearing_degradation_machine,906,10.322075086323869,0,0,,0.0,
M5,material_batch_machine,906,9.886001111669383,0,0,,,B109
M1,tool_wear_machine,907,11.523980763685417,0,0,,,
M2,calibration_drift_machine,907,10.115195513234047,0,0,,,
M3,healthy_control_machine,907,9.940353614391887,0,0,,,
M4,bearing_degradation_machine,907,10.369993580157955,0,0,,0.0,
M5,material_batch_machine,907,10.066860542043685,0,0,,,B109
M1,tool_wear_machine,908,11.799586606336627,0,0,,,
M2,calibration_drift_machine,908,10.287467301846881,0,0,,,
M3,healthy_control_machine,908,9.967191770934251,0,0,,,
M4,bearing_degradation_machine,908,10.442659143729383,0,0,,0.0,
M5,material_batch_machine,908,10.058290422689888,0,0,,,B109
M1,tool_wear_machine,909,11.980924034419427,0,0,,,
M2,calibration_drift_machine,909,9.962873408248518,0,0,,,
M3,healthy_control_machine,909,9.84275449734699,0,0,,,
M4,bearing_degradation_machine,909,10.498707861118783,0,0,,0.0,
M5,material_batch_machine,909,9.801734796622082,0,0,,,B109
M1,tool_wear_machine,910,12.167323266446747,0,0,,,
M2,calibration_drift_machine,910,10.083115027715,0,0,,,
M3,healthy_control_machine,910,10.144490594759269,0,0,,,
M4,bearing_degradation_machine,910,10.52977328072974,0,0,,0.0,
M5,material_batch_machine,910,10.02790102833873,0,0,,,B109
M1,tool_wear_machine,911,12.320287633329666,0,0,,,
M2,calibration_drift_machine,911,10.06843899083644,0,0,,,
M3,healthy_control_machine,911,10.189044394409565,0,0,,,
M4,bearing_degradation_machine,911,10.562100497400701,0,0,,0.0,
M5,material_batch_machine,911,9.934022966592583,0,0,,,B109
M1,tool_wear_machine,912,12.51365533341946,1,0,,,
M2,calibration_drift_machine,912,10.213746425014973,0,0,,,
M3,healthy_control_machine,912,9.918620976460048,0,0,,,
M4,bearing_degradation_machine,912,10.627217470237744,0,0,,0.0,
M5,material_batch_machine,912,10.166875396771912,0,0,,,B109
M1,tool_wear_machine,913,12.764058209604713,0,0,,,
M2,calibration_drift_machine,913,9.73416876921907,0,0,,,
M3,healthy_control_machine,913,10.065472373327978,1,0,,,
M4,bearing_degradation_machine,913,10.710641952103856,0,0,,0.0,
M5,material_batch_machine,913,10.016461650957536,0,0,,,B109
M1,tool_wear_machine,914,12.89980453863988,0,0,,,
M2,calibration_drift_machine,914,9.755946951532815,0,0,,,
M3,healthy_control_machine,914,9.870606345891876,0,0,,,
M4,bearing_degradation_machine,914,10.768591769340672,0,0,,0.0,
M5,material_batch_machine,914,10.102435444047234,0,0,,,B109
M1,tool_wear_machine,915,13.063673622430034,1,0,,,
M2,calibration_drift_machine,915,9.994683121417497,0,0,,,
M3,healthy_control_machine,915,9.737632954540834,0,0,,,
M4,bearing_degradation_machine,915,10.84165704496762,0,0,,0.0,
M5,material_batch_machine,915,10.178827949702093,0,0,,,B109
M1,tool_wear_machine,916,13.231770932246217,0,0,,,
M2,calibration_drift_machine,916,9.893096504901449,0,0,,,
M3,healthy_control_machine,916,10.2243443432711,0,0,,,
M4,bearing_degradation_machine,916,10.918843838897326,0,0,,0.0,
M5,material_batch_machine,916,10.150784377391306,0,0,,,B109
M1,tool_wear_machine,917,13.42345708589448,0,0,,,
M2,calibration_drift_machine,917,9.766445872114712,0,0,,,
M3,healthy_control_machine,917,9.937938230078249,0,0,,,
M4,bearing_degradation_machine,917,10.948626976592019,0,0,,0.0,
M5,material_batch_machine,917,9.777715965940212,0,0,,,B109
M1,tool_wear_machine,918,13.677899743858474,0,0,,,
M2,calibration_drift_machine,918,10.279968995358528,0,0,,,
M3,healthy_control_machine,918,9.858754620861237,0,0,,,
M4,bearing_degradation_machine,918,11.020526324607426,0,0,,0.0,
M5,material_batch_machine,918,9.911661079514174,0,0,,,B109
M1,tool_wear_machine,919,13.853495480040662,0,0,,,
M2,calibration_drift_machine,919,10.299954896099907,0,0,,,
M3,healthy_control_machine,919,10.205553027660201,0,0,,,
M4,bearing_degradation_machine,919,11.089466573984561,0,0,,0.0,
M5,material_batch_machine,919,9.95701017028789,0,0,,,B109
M1,tool_wear_machine,920,14.149466246194937,0,0,,,
M2,calibration_drift_machine,920,9.715634731591356,0,0,,,
M3,healthy_control_machine,920,10.200669974408658,0,0,,,
M4,bearing_degradation_machine,920,11.14325508693942,0,0,,0.0,
M5,material_batch_machine,920,10.192375355840317,0,0,,,B109
M1,tool_wear_machine,921,14.295259524652506,1,0,,,
M2,calibration_drift_machine,921,10.164514295028594,0,0,,,
M3,healthy_control_machine,921,9.851144959220452,0,0,,,
M4,bearing_degradation_machine,921,11.226312175174458,0,0,,0.0,
M5,material_batch_machine,921,10.116932251484368,0,0,,,B109
M1,tool_wear_machine,922,14.51322447326172,1,0,,,
M2,calibration_drift_machine,922,9.733234438012564,0,0,,,
M3,healthy_control_machine,922,9.818660576570512,0,0,,,
M4,bearing_degradation_machine,922,11.305332942542604,0,0,,0.0,
M5,material_batch_machine,922,9.705685078757018,1,0,,,B109
M1,tool_wear_machine,923,14.769972572122736,0,0,,,
M2,calibration_drift_machine,923,10.258016102732897,0,0,,,
M3,healthy_control_machine,923,10.242234952224285,0,0,,,
M4,bearing_degradation_machine,923,11.371537781526893,0,0,,0.0,
M5,material_batch_machine,923,10.07312989687296,0,0,,,B109
M1,tool_wear_machine,924,14.94373568920928,0,0,,,
M2,calibration_drift_machine,924,9.717111096346775,0,0,,,
M3,healthy_control_machine,924,9.95116311140315,0,0,,,
M4,bearing_degradation_machine,924,11.43252515012431,0,0,,0.0,
M5,material_batch_machine,924,10.22936865702723,1,0,,,B109
M1,tool_wear_machine,925,15.20014185494986,0,0,,,
M2,calibration_drift_machine,925,9.941047123254988,0,0,,,
M3,healthy_control_machine,925,9.74275161119282,0,0,,,
M4,bearing_degradation_machine,925,11.463379696128642,0,0,,0.0,
M5,material_batch_machine,925,10.25361699037262,0,0,,,B109
M1,tool_wear_machine,926,15.41126716715938,0,0,,,
M2,calibration_drift_machine,926,10.150619776922564,0,0,,,
M3,healthy_control_machine,926,9.942204194574417,0,0,,,
M4,bearing_degradation_machine,926,11.54277625119084,0,0,,0.0,
M5,material_batch_machine,926,9.72275016644418,0,0,,,B109
M1,tool_wear_machine,927,15.679920785340393,0,0,,,
M2,calibration_drift_machine,927,10.245686265020735,0,0,,,
M3,healthy_control_machine,927,9.86008226925535,0,0,,,
M4,bearing_degradation_machine,927,11.571675545260927,0,0,,0.0,
M5,material_batch_machine,927,10.079189255789984,0,0,,,B109
M1,tool_wear_machine,928,15.89905861608738,0,0,,,
M2,calibration_drift_machine,928,9.758013829802646,0,0,,,
M3,healthy_control_machine,928,10.287815047861496,0,0,,,
M4,bearing_degradation_machine,928,11.65101764961424,0,0,,0.0,
M5,material_batch_machine,928,9.935188667744177,0,0,,,B109
M1,tool_wear_machine,929,16.09762633896277,0,0,,,
M2,calibration_drift_machine,929,9.904928870153906,0,0,,,
M3,healthy_control_machine,929,9.97512926288764,0,0,,,
M4,bearing_degradation_machine,929,11.724434551788947,0,0,,0.0,
M5,material_batch_machine,929,9.99638499298316,0,0,,,B109
M1,tool_wear_machine,930,16.319997368459436,0,0,,,
M2,calibration_drift_machine,930,9.767183782292197,0,0,,,
M3,healthy_control_machine,930,10.231529642543046,0,0,,,
M4,bearing_degradation_machine,930,11.758788339874334,0,0,,0.0,
M5,material_batch_machine,930,10.261205368838143,0,0,,,B109
M1,tool_wear_machine,931,16.474609878641033,0,0,,,
M2,calibration_drift_machine,931,10.175552296020141,0,0,,,
M3,healthy_control_machine,931,9.863987415192232,0,0,,,
M4,bearing_degradation_machine,931,11.818189958851198,0,0,,0.0,
M5,material_batch_machine,931,10.181528982036747,0,0,,,B109
M1,tool_wear_machine,932,16.756895291358806,0,0,,,
M2,calibration_drift_machine,932,10.235120922628795,0,0,,,
M3,healthy_control_machine,932,9.89385324837673,0,0,,,
M4,bearing_degradation_machine,932,11.848736724124336,0,0,,0.0,
M5,material_batch_machine,932,10.097276409312549,0,0,,,B109
M1,tool_wear_machine,933,17.0396447544709,0,0,,,
M2,calibration_drift_machine,933,10.2105437932906,0,0,,,
M3,healthy_control_machine,933,9.996751750721588,0,0,,,
M4,bearing_degradation_machine,933,11.931916028370825,0,0,,0.0,
M5,material_batch_machine,933,10.224666632923697,0,0,,,B109
M1,tool_wear_machine,934,17.21828301600671,1,0,,,
M2,calibration_drift_machine,934,10.020942870513878,0,0,,,
M3,healthy_control_machine,934,9.800727340649708,1,0,,,
M4,bearing_degradation_machine,934,11.964021749689588,0,0,,0.0,
M5,material_batch_machine,934,9.822670795739517,0,0,,,B109
M1,tool_wear_machine,935,17.401150699059283,0,0,,,
M2,calibration_drift_machine,935,9.722410980889487,0,0,,,
M3,healthy_control_machine,935,10.05278454902221,0,0,,,
M4,bearing_degradation_machine,935,12.01429189325771,0,0,,0.0,
M5,material_batch_machine,935,9.858958531733444,0,0,,,B109
M1,tool_wear_machine,936,17.55639920785321,0,0,,,
M2,calibration_drift_machine,936,9.786513678343692,0,0,,,
M3,healthy_control_machine,936,10.259808923878252,0,0,,,
M4,bearing_degradation_machine,936,12.086515061355378,0,0,,0.0,
M5,material_batch_machine,936,10.167191290644945,0,0,,,B109
M1,tool_wear_machine,937,17.84346300133599,0,0,,,
M2,calibration_drift_machine,937,9.708777123523042,0,0,,,
M3,healthy_control_machine,937,10.216884887405616,0,0,,,
M4,bearing_degradation_machine,937,12.135130542394322,0,0,,0.0,
M5,material_batch_machine,937,9.922554055065438,0,0,,,B109
M1,tool_wear_machine,938,18.008862312124297,0,0,,,
M2,calibration_drift_machine,938,9.864278794841148,0,0,,,
M3,healthy_control_machine,938,9.855634964452513,0,0,,,
M4,bearing_degradation_machine,938,12.176431832737814,0,0,,0.0,
M5,material_batch_machine,938,9.891729437727044,0,0,,,B109
M1,tool_wear_machine,939,18.274716876844323,0,0,,,
M2,calibration_drift_machine,939,10.022662466676765,1,0,,,
M3,healthy_control_machine,939,10.174804914411782,0,0,,,
M4,bearing_degradation_machine,939,12.219288989464557,0,0,,0.0,
M5,material_batch_machine,939,10.23032566719153,1,0,,,B109
M1,tool_wear_machine,940,18.56276785030579,0,0,,,
M2,calibration_drift_machine,940,10.213374739705527,0,0,,,
M3,healthy_control_machine,940,9.806571891673121,0,0,,,
M4,bearing_degradation_machine,940,12.284107386120501,0,0,,0.0,
M5,material_batch_machine,940,9.89181741199975,0,0,,,B109
M1,tool_wear_machine,941,18.77852457428869,0,0,,,
M2,calibration_drift_machine,941,10.278893875283348,0,0,,,
M3,healthy_control_machine,941,9.704554849704348,0,0,,,
M4,bearing_degradation_machine,941,12.352269851945117,0,0,,0.0,
M5,material_batch_machine,941,10.284719532197425,0,0,,,B109
M1,tool_wear_machine,942,18.98360422557436,1,0,,,
M2,calibration_drift_machine,942,9.927973675088445,1,0,,,
M3,healthy_control_machine,942,9.934861612133714,0,0,,,
M4,bearing_degradation_machine,942,12.391911460772603,0,0,,0.0,
M5,material_batch_machine,942,10.117825509922339,0,0,,,B109
M1,tool_wear_machine,943,19.183011014082787,0,0,,,
M2,calibration_drift_machine,943,10.121619419690338,0,0,,,
M3,healthy_control_machine,943,10.22541962376554,0,0,,,
M4,bearing_degradation_machine,943,12.431681826575408,0,0,,0.0,
M5,material_batch_machine,943,10.050681958986768,0,0,,,B109
M1,tool_wear_machine,944,19.32273863074311,0,0,,,
M2,calibration_drift_machine,944,10.217912409020833,0,0,,,
M3,healthy_control_machine,944,10.253319834301411,0,0,,,
M4,bearing_degradation_machine,944,12.491431053211182,0,0,,0.0,
M5,material_batch_machine,944,10.157087858125518,0,0,,,B109
M1,tool_wear_machine,945,19.6221493829335,0,0,,,
M2,calibration_drift_machine,945,9.917570170951278,0,0,,,
M3,healthy_control_machine,945,9.868921024064136,0,0,,,
M4,bearing_degradation_machine,945,12.557987735762117,0,0,,0.0,
M5,material_batch_machine,945,10.278811333868106,0,0,,,B109
M1,tool_wear_machine,946,19.89981748951366,0,0,,,
M2,calibration_drift_machine,946,9.745835990077184,0,0,,,
M3,healthy_control_machine,946,10.034017402492513,0,0,,,
M4,bearing_degradation_machine,946,12.599620691267727,0,0,,0.0,
M5,material_batch_machine,946,10.267704222877807,0,0,,,B109
M1,tool_wear_machine,947,20.12697500775458,0,0,,,
M2,calibration_drift_machine,947,10.227824789442431,0,0,,,
M3,healthy_control_machine,947,9.934384392882603,0,0,,,
M4,bearing_degradation_machine,947,12.675373949028716,0,0,,0.0,
M5,material_batch_machine,947,9.983204489270397,0,0,,,B109
M1,tool_wear_machine,948,20.255335794866014,0,0,,,
M2,calibration_drift_machine,948,9.837955098127336,0,0,,,
M3,healthy_control_machine,948,10.195248662544287,0,0,,,
M4,bearing_degradation_machine,948,12.755849008508399,0,0,,0.0,
M5,material_batch_machine,948,9.926196297526273,0,0,,,B109
M1,tool_wear_machine,949,20.47040100517529,0,0,,,
M2,calibration_drift_machine,949,10.245114418300307,0,0,,,
M3,healthy_control_machine,949,10.258152591991033,0,0,,,
M4,bearing_degradation_machine,949,12.787038369076956,0,0,,0.0,
M5,material_batch_machine,949,9.971115199080545,0,0,,,B109
M1,tool_wear_machine,950,20.751340372886922,0,0,,,
M2,calibration_drift_machine,950,9.762406178636885,0,0,,,
M3,healthy_control_machine,950,9.912802495966186,0,0,,,
M4,bearing_degradation_machine,950,12.869684954904788,0,0,,0.0,
M5,material_batch_machine,950,9.740311117914342,0,0,,,B109
M1,tool_wear_machine,951,20.9069542098289,0,0,,,
M2,calibration_drift_machine,951,10.06514303458361,0,0,,,
M3,healthy_control_machine,951,10.200543057784383,0,0,,,
M4,bearing_degradation_machine,951,12.953000261504467,0,0,,0.0,
M5,material_batch_machine,951,10.298392366983862,0,0,,,B109
M1,tool_wear_machine,952,21.130520821497527,0,0,,,
M2,calibration_drift_machine,952,9.794471774313909,0,0,,,
M3,healthy_control_machine,952,9.969796997867753,0,0,,,
M4,bearing_degradation_machine,952,12.988886933453037,0,0,,0.0,
M5,material_batch_machine,952,9.727465803657235,0,0,,,B109
M1,tool_wear_machine,953,21.363549570291433,0,0,,,
M2,calibration_drift_machine,953,10.126066535143728,1,0,,,
M3,healthy_control_machine,953,10.158789766954214,0,0,,,
M4,bearing_degradation_machine,953,13.060013185977931,0,0,,0.0,
M5,material_batch_machine,953,10.11357044905058,0,0,,,B109
M1,tool_wear_machine,954,21.657745348498594,0,0,,,
M2,calibration_drift_machine,954,9.956828675165244,0,0,,,
M3,healthy_control_machine,954,9.778633446053,0,0,,,
M4,bearing_degradation_machine,954,13.142926344911,0,0,,0.0,
M5,material_batch_machine,954,10.267214880673919,0,0,,,B109
M1,tool_wear_machine,955,21.940287695548847,1,0,,,
M2,calibration_drift_machine,955,9.791177515526929,1,0,,,
M3,healthy_control_machine,955,9.868159180104657,0,0,,,
M4,bearing_degradation_machine,955,13.202011118937477,0,0,,0.0,
M5,material_batch_machine,955,9.881664155414015,0,0,,,B109
M1,tool_wear_machine,956,22.1579503321623,0,0,,,
M2,calibration_drift_machine,956,10.103540317056774,0,0,,,
M3,healthy_control_machine,956,9.903246696546203,0,0,,,
M4,bearing_degradation_machine,956,13.235437079962672,0,0,,0.0,
M5,material_batch_machine,956,10.131572680091368,0,0,,,B109
M1,tool_wear_machine,957,22.419573739793925,0,0,,,
M2,calibration_drift_machine,957,9.812265053750352,0,0,,,
M3,healthy_control_machine,957,10.048138772235973,0,0,,,
M4,bearing_degradation_machine,957,13.282335662884725,0,0,,0.0,
M5,material_batch_machine,957,9.827175454154784,0,0,,,B109
M1,tool_wear_machine,958,22.571353494397634,0,0,,,
M2,calibration_drift_machine,958,10.174919571200135,0,0,,,
M3,healthy_control_machine,958,9.80848638102258,0,0,,,
M4,bearing_degradation_machine,958,13.365931735907486,0,0,,0.0,
M5,material_batch_machine,958,10.206883400221601,0,0,,,B109
M1,tool_wear_machine,959,22.749969554248615,0,0,,,
M2,calibration_drift_machine,959,10.00158960077337,0,0,,,
M3,healthy_control_machine,959,10.078608516102719,0,0,,,
M4,bearing_degradation_machine,959,13.412953728420323,0,0,,0.0,
M5,material_batch_machine,959,10.077210600054762,0,0,,,B109
M1,tool_wear_machine,960,22.876482817804543,0,0,,,
M2,calibration_drift_machine,960,10.00137664521627,0,0,,,
M3,healthy_control_machine,960,9.845449547526918,0,0,,,
M4,bearing_degradation_machine,960,13.49044973518192,0,0,,0.0,
M5,material_batch_machine,960,9.703892850268316,0,0,,,B109
M1,tool_wear_machine,961,23.165226911611015,0,0,,,
M2,calibration_drift_machine,961,10.147875855533066,0,0,,,
M3,healthy_control_machine,961,10.282176239649251,0,0,,,
M4,bearing_degradation_machine,961,13.538045733073119,0,0,,0.0,
M5,material_batch_machine,961,9.90701239996628,0,0,,,B109
M1,tool_wear_machine,962,23.350022144882814,1,0,,,
M2,calibration_drift_machine,962,9.774256399650406,1,0,,,
M3,healthy_control_machine,962,9.705703721450863,0,0,,,
M4,bearing_degradation_machine,962,13.594900033463425,0,0,,0.0,
M5,material_batch_machine,962,9.856292547434409,0,0,,,B109
M1,tool_wear_machine,963,23.537459701380403,1,0,,,
M2,calibration_drift_machine,963,10.092713361406565,0,0,,,
M3,healthy_control_machine,963,9.734029082969336,0,0,,,
M4,bearing_degradation_machine,963,13.665252549199606,0,0,,0.0,
M5,material_batch_machine,963,10.01755332457045,0,0,,,B109
M1,tool_wear_machine,964,23.670641372150307,0,0,,,
M2,calibration_drift_machine,964,10.009739858761497,0,0,,,
M3,healthy_control_machine,964,9.724463964604823,0,0,,,
M4,bearing_degradation_machine,964,13.71258136719122,0,0,,0.0,
M5,material_batch_machine,964,9.9894852666507,0,0,,,B109
M1,tool_wear_machine,965,23.965950710150324,1,0,,,
M2,calibration_drift_machine,965,10.04916232839642,0,0,,,
M3,healthy_control_machine,965,9.972302728754189,0,0,,,
M4,bearing_degradation_machine,965,13.790753698983567,0,0,,0.0,
M5,material_batch_machine,965,10.12489101264436,0,0,,,B109
M1,tool_wear_machine,966,24.187457112576098,0,0,,,
M2,calibration_drift_machine,966,10.066798451981711,0,0,,,
M3,healthy_control_machine,966,10.101969508601847,0,0,,,
M4,bearing_degradation_machine,966,13.83247912636517,0,0,,0.0,
M5,material_batch_machine,966,10.058176172107316,0,0,,,B109
M1,tool_wear_machine,967,24.436238286032943,0,0,,,
M2,calibration_drift_machine,967,9.880372335913385,0,0,,,
M3,healthy_control_machine,967,10.12245981063847,0,0,,,
M4,bearing_degradation_machine,967,13.882476358514513,0,0,,0.0,
M5,material_batch_machine,967,10.19601178220287,0,0,,,B109
M1,tool_wear_machine,968,24.719438672663678,0,0,,,
M2,calibration_drift_machine,968,9.79483678017499,1,0,,,
M3,healthy_control_machine,968,9.744877988798164,0,0,,,
M4,bearing_degradation_machine,968,13.9482649585722,0,0,,0.0,
M5,material_batch_machine,968,10.118414840100263,0,0,,,B109
M1,tool_wear_machine,969,24.851760243160363,0,0,,,
M2,calibration_drift_machine,969,10.13766639299593,0,0,,,
M3,healthy_control_machine,969,10.040463550758684,0,0,,,
M4,bearing_degradation_machine,969,13.997432293079958,0,0,,0.0,
M5,material_batch_machine,969,9.923454217705004,0,0,,,B109
M1,tool_wear_machine,970,24.978837750940688,0,0,,,
M2,calibration_drift_machine,970,10.088547094484115,0,0,,,
M3,healthy_control_machine,970,10.292126108165032,0,0,,,
M4,bearing_degradation_machine,970,14.027160908502335,0,0,,0.0,
M5,material_batch_machine,970,9.773571532274463,0,0,,,B109
M1,tool_wear_machine,971,25.25839624090466,0,0,,,
M2,calibration_drift_machine,971,10.067228247794654,0,0,,,
M3,healthy_control_machine,971,9.921408819607567,0,0,,,
M4,bearing_degradation_machine,971,14.074803088528299,0,0,,0.0,
M5,material_batch_machine,971,10.223539911014779,0,0,,,B109
M1,tool_wear_machine,972,25.464936896135498,0,0,,,
M2,calibration_drift_machine,972,9.766929944408114,0,0,,,
M3,healthy_control_machine,972,10.201510792707973,0,0,,,
M4,bearing_degradation_machine,972,14.133852581288831,0,0,,0.0,
M5,material_batch_machine,972,10.078704522405404,0,0,,,B109
M1,tool_wear_machine,973,25.61390888387771,0,0,,,
M2,calibration_drift_machine,973,10.080225846053867,0,0,,,
M3,healthy_control_machine,973,10.188248977340528,0,0,,,
M4,bearing_degradation_machine,973,14.187087359972928,0,0,,0.0,
M5,material_batch_machine,973,9.994626893063426,0,0,,,B109
M1,tool_wear_machine,974,25.76267028505815,0,0,,,
M2,calibration_drift_machine,974,10.27821229957399,0,0,,,
M3,healthy_control_machine,974,10.083848627222608,0,0,,,
M4,bearing_degradation_machine,974,14.26076023088181,0,0,,0.0,
M5,material_batch_machine,974,10.245067723414241,0,0,,,B109
M1,tool_wear_machine,975,25.99210816667353,0,0,,,
M2,calibration_drift_machine,975,9.894770345386886,0,0,,,
M3,healthy_control_machine,975,10.14669303396956,0,0,,,
M4,bearing_degradation_machine,975,14.343739202548896,0,0,,0.0,
M5,material_batch_machine,975,10.099988479419567,0,0,,,B109
M1,tool_wear_machine,976,26.179488838006364,0,0,,,
M2,calibration_drift_machine,976,9.862531633015825,1,0,,,
M3,healthy_control_machine,976,9.927945726894473,0,0,,,
M4,bearing_degradation_machine,976,14.408314520085117,0,0,,0.0,
M5,material_batch_machine,976,10.164480795224456,0,0,,,B109
M1,tool_wear_machine,977,26.429548575397273,0,0,,,
M2,calibration_drift_machine,977,9.829078135854807,0,0,,,
M3,healthy_control_machine,977,10.299188730960532,0,0,,,
M4,bearing_degradation_machine,977,14.465614729203285,0,0,,0.0,
M5,material_batch_machine,977,9.80916484104906,0,0,,,B109
M1,tool_wear_machine,978,26.55841901165787,0,0,,,
M2,calibration_drift_machine,978,10.188861208808214,0,0,,,
M3,healthy_control_machine,978,9.989990932931352,0,0,,,
M4,bearing_degradation_machine,978,14.521155192086795,0,0,,0.0,
M5,material_batch_machine,978,9.757585418017667,0,0,,,B109
M1,tool_wear_machine,979,26.77107876761795,0,0,,,
M2,calibration_drift_machine,979,9.909097208947601,0,0,,,
M3,healthy_control_machine,979,9.873974993082273,0,0,,,
M4,bearing_degradation_machine,979,14.576779632598305,0,0,,0.0,
M5,material_batch_machine,979,9.718289956186833,1,0,,,B109
M1,tool_wear_machine,980,26.962272752143207,0,0,,,
M2,calibration_drift_machine,980,10.006865700350573,0,0,,,
M3,healthy_control_machine,980,9.82930069350026,0,0,,,
M4,bearing_degradation_machine,980,14.647033846429245,0,0,,0.0,
M5,material_batch_machine,980,10.240502188169394,0,0,,,B109
M1,tool_wear_machine,981,27.145011149431816,0,0,,,
M2,calibration_drift_machine,981,10.299489740067195,0,0,,,
M3,healthy_control_machine,981,9.953955485659497,0,0,,,
M4,bearing_degradation_machine,981,14.694164345927417,0,0,,0.0,
M5,material_batch_machine,981,9.861324909604908,0,0,,,B109
M1,tool_wear_machine,982,27.318487523812273,0,0,,,
M2,calibration_drift_machine,982,9.994848252773728,0,0,,,
M3,healthy_control_machine,982,10.169238712943459,0,0,,,
M4,bearing_degradation_machine,982,14.76599111011573,0,0,,0.0,
M5,material_batch_machine,982,9.733328340092587,0,0,,,B109
M1,tool_wear_machine,983,27.542309671341776,0,0,,,
M2,calibration_drift_machine,983,10.252458888473392,0,0,,,
M3,healthy_control_machine,983,9.988746073226102,0,0,,,
M4,bearing_degradation_machine,983,14.812379121846053,0,0,,0.0,
M5,material_batch_machine,983,9.87859870355759,0,0,,,B109
M1,tool_wear_machine,984,27.71885980564433,0,0,,,
M2,calibration_drift_machine,984,10.157515406256385,0,0,,,
M3,healthy_control_machine,984,9.71931064192924,0,0,,,
M4,bearing_degradation_machine,984,14.884584567644616,0,0,,0.0,
M5,material_batch_machine,984,10.250190038308842,0,0,,,B109
M1,tool_wear_machine,985,27.937045167537203,0,0,,,
M2,calibration_drift_machine,985,10.01011511532239,0,0,,,
M3,healthy_control_machine,985,10.245443515816778,0,0,,,
M4,bearing_degradation_machine,985,14.941949594897316,0,0,,0.0,
M5,material_batch_machine,985,9.815941594890921,0,0,,,B109
M1,tool_wear_machine,986,28.179788097500143,0,0,,,
M2,calibration_drift_machine,986,10.239619917352556,0,0,,,
M3,healthy_control_machine,986,9.737350353964873,0,0,,,
M4,bearing_degradation_machine,986,14.979868122743305,0,0,,0.0,
M5,material_batch_machine,986,10.03860470072389,0,0,,,B109
M1,tool_wear_machine,987,28.46080853801807,0,0,,,
M2,calibration_drift_machine,987,10.029532059932118,0,0,,,
M3,healthy_control_machine,987,10.244973174092397,0,0,,,
M4,bearing_degradation_machine,987,15.025475084220236,0,0,,0.0,
M5,material_batch_machine,987,9.917692018282798,0,0,,,B109
M1,tool_wear_machine,988,28.73888747386743,0,0,,,
M2,calibration_drift_machine,988,9.725554572382189,0,0,,,
M3,healthy_control_machine,988,9.901578189132191,0,0,,,
M4,bearing_degradation_machine,988,15.061506526505468,0,0,,0.0,
M5,material_batch_machine,988,10.17492460379992,0,0,,,B109
M1,tool_wear_machine,989,29.03299330592192,0,0,,,
M2,calibration_drift_machine,989,10.13397396900569,1,0,,,
M3,healthy_control_machine,989,10.11202999576291,0,0,,,
M4,bearing_degradation_machine,989,15.110390725923793,0,0,,0.0,
M5,material_batch_machine,989,9.823865615277441,0,0,,,B109
M1,tool_wear_machine,990,29.189714860493858,1,0,,,
M2,calibration_drift_machine,990,9.747489172569837,0,0,,,
M3,healthy_control_machine,990,9.764028983121026,0,0,,,
M4,bearing_degradation_machine,990,15.171509541046134,0,0,,0.0,
M5,material_batch_machine,990,10.103351500044528,1,0,,,B109
M1,tool_wear_machine,991,29.46367744085691,0,0,,,
M2,calibration_drift_machine,991,10.194778880793468,0,0,,,
M3,healthy_control_machine,991,10.107176202992951,0,0,,,
M4,bearing_degradation_machine,991,15.236609454714365,0,0,,1.0,
M5,material_batch_machine,991,10.123736901974784,0,0,,,B109
M1,tool_wear_machine,992,29.70743552385201,1,0,,,
M2,calibration_drift_machine,992,9.87077794716359,0,0,,,
M3,healthy_control_machine,992,9.861132463725808,0,0,,,
M4,bearing_degradation_machine,992,15.285819535827045,0,0,,0.0,
M5,material_batch_machine,992,10.240678743571703,1,0,,,B109
M1,tool_wear_machine,993,29.98098284303298,0,0,,,
M2,calibration_drift_machine,993,9.754822864336848,0,0,,,
M3,healthy_control_machine,993,9.852535018049505,0,0,,,
M4,bearing_degradation_machine,993,15.359317069049618,0,0,,0.0,
M5,material_batch_machine,993,9.852379838987334,0,0,,,B109
M1,tool_wear_machine,994,30.211026388572506,0,0,,,
M2,calibration_drift_machine,994,10.198039223317467,0,0,,,
M3,healthy_control_machine,994,9.741268394618595,0,0,,,
M4,bearing_degradation_machine,994,15.439698475650655,0,0,,0.0,
M5,material_batch_machine,994,10.279860886050592,0,0,,,B109
M1,tool_wear_machine,995,30.34222673964991,0,0,,,
M2,calibration_drift_machine,995,10.271659538291999,0,0,,,
M3,healthy_control_machine,995,9.819795811989387,0,0,,,
M4,bearing_degradation_machine,995,15.495038234434137,0,0,,0.0,
M5,material_batch_machine,995,10.140594044931115,0,0,,,B109
M1,tool_wear_machine,996,30.53873901090079,0,0,,,
M2,calibration_drift_machine,996,9.860402537446998,1,0,,,
M3,healthy_control_machine,996,10.073055631657239,0,0,,,
M4,bearing_degradation_machine,996,15.53221179959542,0,0,,0.0,
M5,material_batch_machine,996,10.00908260407666,0,0,,,B109
M1,tool_wear_machine,997,30.665166981725857,0,0,,,
M2,calibration_drift_machine,997,9.81185011312611,1,0,,,
M3,healthy_control_machine,997,10.263658976259878,0,0,,,
M4,bearing_degradation_machine,997,15.579756847497798,0,0,,0.0,
M5,material_batch_machine,997,9.797649464669428,0,0,,,B109
M1,tool_wear_machine,998,30.94529523284825,0,0,,,
M2,calibration_drift_machine,998,10.159705839681946,0,0,,,
M3,healthy_control_machine,998,10.196366172923163,0,0,,,
M4,bearing_degradation_machine,998,15.637660976619657,0,0,,0.0,
M5,material_batch_machine,998,10.26240373787482,0,0,,,B109
M1,tool_wear_machine,999,31.182149304082817,0,0,,,
M2,calibration_drift_machine,999,9.759699648553969,0,0,,,
M3,healthy_control_machine,999,9.912950704218824,0,0,,,
M4,bearing_degradation_machine,999,15.713301894956475,0,0,,0.0,
M5,material_batch_machine,999,9.742263991582156,0,0,,,B109
M1,tool_wear_machine,1000,10.0,0,1,tool_replacement,,
M2,calibration_drift_machine,1000,9.890249450435771,0,1,recalibration,,
M3,healthy_control_machine,1000,10.12209106629794,0,1,routine_check,,
M4,bearing_degradation_machine,1000,15.786826966265373,0,0,,0.0,
M5,material_batch_machine,1000,9.928685989175786,0,1,routine_check,,B109
