machine_id,cycle,sensor_name,sensor_value
M1,1,tool_wear,0.04124217733388137
M2,1,calibration_offset,0.039247746304049855
M3,1,component_condition,0.013636499344142012
M4,1,bearing_degradation,0.020495128632644757
M4,1,vibration,0.5013925533172694
M4,1,temperature,39.880886022708616
M4,1,motor_current,5.029543873965902
M5,1,machine_health,0.017327236865873834
M5,1,defect_pressure,0.05064715224379434
M1,2,tool_wear,0.06723239079863216
M2,2,calibration_offset,0.06905811052560092
M3,2,component_condition,0.027046981817887842
M4,2,bearing_degradation,0.04980776929413594
M4,2,vibration,0.5507628425293005
M4,2,temperature,39.790508012730015
M4,2,motor_current,4.9369671420542245
M5,2,machine_health,0.02976800156276941
M5,2,defect_pressure,0.051255475352961016
M1,3,tool_wear,0.11451200286099562
M2,3,calibration_offset,0.10062116763445046
M3,3,component_condition,0.047981187404753434
M4,3,bearing_degradation,0.07531042576135823
M4,3,vibration,0.5740740644609622
M4,3,temperature,40.070946749442015
M4,3,motor_current,5.045938644778692
M5,3,machine_health,0.043687658811152316
M5,3,defect_pressure,0.05182729907557769
M1,4,tool_wear,0.14617232155168008
M2,4,calibration_offset,0.13633960536324868
M3,4,component_condition,0.0688351090679184
M4,4,bearing_degradation,0.08680143863495364
M4,4,vibration,0.5834092691140331
M4,4,temperature,40.25323936766629
M4,4,motor_current,4.970123639829068
M5,4,machine_health,0.06782480568810466
M5,4,defect_pressure,0.052364813374837366
M1,5,tool_wear,0.1683936611037028
M2,5,calibration_offset,0.15423633185137692
M3,5,component_condition,0.08545306956497138
M4,5,bearing_degradation,0.10330510507548858
M4,5,vibration,0.5642826598640018
M4,5,temperature,40.34144144523544
M4,5,motor_current,5.113599335291687
M5,5,machine_health,0.09208970143256456
M5,5,defect_pressure,0.05287007681614146
M1,6,tool_wear,0.21152267650233963
M2,6,calibration_offset,0.18230465258592676
M3,6,component_condition,0.09761089810483747
M4,6,bearing_degradation,0.11959222469701511
M4,6,vibration,0.5486939589952764
M4,6,temperature,40.58771485247665
M4,6,motor_current,4.99171572447373
M5,6,machine_health,0.10666566474239701
M5,6,defect_pressure,0.05334502445096731
M1,7,tool_wear,0.23635931511995978
M2,7,calibration_offset,0.2175076620750372
M3,7,component_condition,0.12368433964281976
M4,7,bearing_degradation,0.14037906953532814
M4,7,vibration,0.5868956433305376
M4,7,temperature,40.80871186804368
M4,7,motor_current,5.0127333693317375
M5,7,machine_health,0.12520782051492213
M5,7,defect_pressure,0.05379147522770361
M1,8,tool_wear,0.2565678790358955
M2,8,calibration_offset,0.24294293715375667
M3,8,component_condition,0.14043664307089232
M4,8,bearing_degradation,0.16075488197019547
M4,8,vibration,0.584603848677596
M4,8,temperature,40.694244907257946
M4,8,motor_current,5.150620625233761
M5,8,machine_health,0.14515279063276984
M5,8,defect_pressure,0.05421113895783573
M1,9,tool_wear,0.2776744874565315
M2,9,calibration_offset,0.2705099127344782
M3,9,component_condition,0.16860196079022538
M4,9,bearing_degradation,0.18054393717574674
M4,9,vibration,0.6207826202813588
M4,9,temperature,40.52421676059178
M4,9,motor_current,5.097617487492688
M5,9,machine_health,0.16971711760500702
M5,9,defect_pressure,0.054605622864159924
M1,10,tool_wear,0.31668037877935834
M2,10,calibration_offset,0.28776715698583843
M3,10,component_condition,0.18233233099822246
M4,10,bearing_degradation,0.20409522441259237
M4,10,vibration,0.5332968726578226
M4,10,temperature,40.54027948683594
M4,10,motor_current,5.016732483583995
M5,10,machine_health,0.19353587236705633
M5,10,defect_pressure,0.054976437736104666
M1,11,tool_wear,0.34080600710373815
M2,11,calibration_offset,0.30560399501685315
M3,11,component_condition,0.19749116355252558
M4,11,bearing_degradation,0.2251992406445816
M4,11,vibration,0.5930447540934333
M4,11,temperature,40.398922684885996
M4,11,motor_current,4.997440287786783
M5,11,machine_health,0.2161979015125217
M5,11,defect_pressure,0.05532500371573272
M1,12,tool_wear,0.3825846774698453
M2,12,calibration_offset,0.3427811556234811
M3,12,component_condition,0.20917396285242656
M4,12,bearing_degradation,0.2473278218377734
M4,12,vibration,0.5498508338967723
M4,12,temperature,40.19411168866835
M4,12,motor_current,5.119265091464832
M5,12,machine_health,0.23717257729985342
M5,12,defect_pressure,0.055652655736583095
M1,13,tool_wear,0.40931275675366213
M2,13,calibration_offset,0.3637123828109011
M3,13,component_condition,0.23216662083337086
M4,13,bearing_degradation,0.26869399390448284
M4,13,vibration,0.5668450743446024
M4,13,temperature,40.17593819980852
M4,13,motor_current,5.0470833714029135
M5,13,machine_health,0.25503453179318863
M5,13,defect_pressure,0.05596064863618245
M1,14,tool_wear,0.4531570958599116
M2,14,calibration_offset,0.3931349799265601
M3,14,component_condition,0.25661566313860096
M4,14,bearing_degradation,0.2916034398226262
M4,14,vibration,0.5843524438697555
M4,14,temperature,40.51010056238621
M4,14,motor_current,5.192846919338437
M5,14,machine_health,0.265343664123766
M5,14,defect_pressure,0.056250161961805836
M1,15,tool_wear,0.5021567404312217
M2,15,calibration_offset,0.4294602163132441
M3,15,component_condition,0.2836383965689381
M4,15,bearing_degradation,0.31273946507179323
M4,15,vibration,0.6687112634447954
M4,15,temperature,40.670530223674106
M4,15,motor_current,5.123471046793
M5,15,machine_health,0.29514474112585126
M5,15,defect_pressure,0.05652230448789182
M1,16,tool_wear,0.5484779325890604
M2,16,calibration_offset,0.4618856098381258
M3,16,component_condition,0.29951023345422795
M4,16,bearing_degradation,0.3400809114433953
M4,16,vibration,0.6773564198330052
M4,16,temperature,40.71230691405628
M4,16,motor_current,5.119331577942629
M5,16,machine_health,0.31918407867100534
M5,16,defect_pressure,0.056778118462412645
M1,17,tool_wear,0.5786177872946064
M2,17,calibration_offset,0.47923515833414754
M3,17,component_condition,0.31882219381687715
M4,17,bearing_degradation,0.3618975766547755
M4,17,vibration,0.5978090556558151
M4,17,temperature,40.47205440889661
M4,17,motor_current,5.191184263961103
M5,17,machine_health,0.3396289438721014
M5,17,defect_pressure,0.05701858359846222
M1,18,tool_wear,0.6173045015691765
M2,18,calibration_offset,0.4955272013633627
M3,18,component_condition,0.3415707918468413
M4,18,bearing_degradation,0.38222358362079945
M4,18,vibration,0.6351850807424443
M4,18,temperature,40.716627759954406
M4,18,motor_current,5.087944704519694
M5,18,machine_health,0.35013595874041054
M5,18,defect_pressure,0.057244620826348826
M1,19,tool_wear,0.6581837277519874
M2,19,calibration_offset,0.5148595593651338
M3,19,component_condition,0.3625553251409637
M4,19,bearing_degradation,0.3978222615597183
M4,19,vibration,0.7046154326902067
M4,19,temperature,40.907049812444335
M4,19,motor_current,5.150108602048181
M5,19,machine_health,0.3650905785304337
M5,19,defect_pressure,0.057457095820562236
M1,20,tool_wear,0.6786155324108801
M2,20,calibration_offset,0.5310096254156776
M3,20,component_condition,0.38662848232856417
M4,20,bearing_degradation,0.41765457906205494
M4,20,vibration,0.6644090087028786
M4,20,temperature,40.74556232686453
M4,20,motor_current,5.132949432519314
M5,20,machine_health,0.3877924515477866
M5,20,defect_pressure,0.05765682231512284
M1,21,tool_wear,0.7173913298823072
M2,21,calibration_offset,0.5674218714453857
M3,21,component_condition,0.39803985727657276
M4,21,bearing_degradation,0.4393700906875242
M4,21,vibration,0.7197710604175054
M4,21,temperature,40.848101628109866
M4,21,motor_current,5.131413516981938
M5,21,machine_health,0.40870478733410526
M5,21,defect_pressure,0.05784456522000981
M1,22,tool_wear,0.7662270467970247
M2,22,calibration_offset,0.5873166498151181
M3,22,component_condition,0.40840429378960375
M4,22,bearing_degradation,0.4507938636567288
M4,22,vibration,0.6622151084920677
M4,22,temperature,41.10545481097757
M4,22,motor_current,5.06243223942702
M5,22,machine_health,0.4210680838865384
M5,22,defect_pressure,0.05802104355060356
M1,23,tool_wear,0.8125512072028362
M2,23,calibration_offset,0.6224036730747393
M3,23,component_condition,0.4334165888224209
M4,23,bearing_degradation,0.4690462171949573
M4,23,vibration,0.6748202954572612
M4,23,temperature,41.301470971483496
M4,23,motor_current,5.1323268840688385
M5,23,machine_health,0.43964796443403875
M5,23,defect_pressure,0.05818693318136168
M1,24,tool_wear,0.8356449232679142
M2,24,calibration_offset,0.6500349823859357
M3,24,component_condition,0.4613270533923449
M4,24,bearing_degradation,0.49715385672334256
M4,24,vibration,0.6579902103679504
M4,24,temperature,41.2120582139064
M4,24,motor_current,5.264016243263331
M5,24,machine_health,0.46228470867743476
M5,24,defect_pressure,0.058342869434274316
M1,25,tool_wear,0.8655048596290117
M2,25,calibration_offset,0.6838443456218777
M3,25,component_condition,0.47315117545331875
M4,25,bearing_degradation,0.5181444343698173
M4,25,vibration,0.7014108238852645
M4,25,temperature,41.47891823248169
M4,25,motor_current,5.151533554539851
M5,25,machine_health,0.4875149213117842
M5,25,defect_pressure,0.058489449512012195
M1,26,tool_wear,0.8880280638124616
M2,26,calibration_offset,0.7006634207809825
M3,26,component_condition,0.48477815106615674
M4,26,bearing_degradation,0.5356298502849397
M4,26,vibration,0.701316154820665
M4,26,temperature,41.6793951046735
M4,26,motor_current,5.276920163076501
M5,26,machine_health,0.5050401130224025
M5,26,defect_pressure,0.0586272347850858
M1,27,tool_wear,0.9247801913045357
M2,27,calibration_offset,0.7383222804083509
M3,27,component_condition,0.4950052239615051
M4,27,bearing_degradation,0.5480062086103011
M4,27,vibration,0.6809551081218309
M4,27,temperature,41.765383638058886
M4,27,motor_current,5.24101114886669
M5,27,machine_health,0.5225375246128766
M5,27,defect_pressure,0.058756752941774994
M1,28,tool_wear,0.9514880664601193
M2,28,calibration_offset,0.7536261422755963
M3,28,component_condition,0.5228280862354665
M4,28,bearing_degradation,0.5594821399050092
M4,28,vibration,0.7291782844021358
M4,28,temperature,42.03827143759596
M4,28,motor_current,5.200438317800783
M5,28,machine_health,0.5416283459082321
M5,28,defect_pressure,0.05887850000906283
M1,29,tool_wear,0.998522806774849
M2,29,calibration_offset,0.7756502220154021
M3,29,component_condition,0.5419412212911807
M4,29,bearing_degradation,0.5732445630994843
M4,29,vibration,0.7256676657337919
M4,29,temperature,41.91842899958184
M4,29,motor_current,5.217366819454995
M5,29,machine_health,0.5713525607978241
M5,29,defect_pressure,0.05899294225231339
M1,30,tool_wear,1.0278086352634388
M2,30,calibration_offset,0.8077685013292492
M3,30,component_condition,0.568391966149644
M4,30,bearing_degradation,0.5955128670182002
M4,30,vibration,0.730029450436342
M4,30,temperature,42.16487704974153
M4,30,motor_current,5.281642281356452
M5,30,machine_health,0.5888818281353851
M5,30,defect_pressure,0.05910051796096893
M1,31,tool_wear,1.0523211419965446
M2,31,calibration_offset,0.8322907727450247
M3,31,component_condition,0.5951585402438668
M4,31,bearing_degradation,0.6109810084568142
M4,31,vibration,0.7000299530478185
M4,31,temperature,42.35051707305745
M4,31,motor_current,5.2764235547859
M5,31,machine_health,0.6099904622474377
M5,31,defect_pressure,0.059201639127105125
M1,32,tool_wear,1.097810563716867
M2,32,calibration_offset,0.8585543761277771
M3,32,component_condition,0.6172820329328844
M4,32,bearing_degradation,0.6333435732659721
M4,32,vibration,0.7391537011096728
M4,32,temperature,42.073602993051274
M4,32,motor_current,5.25598488976165
M5,32,machine_health,0.6303937322696775
M5,32,defect_pressure,0.05929669302327315
M1,33,tool_wear,1.1346387028629286
M2,33,calibration_offset,0.883641447783087
M3,33,component_condition,0.6423847780463567
M4,33,bearing_degradation,0.6476028564961503
M4,33,vibration,0.7226782901571372
M4,33,temperature,41.769250350095724
M4,33,motor_current,5.196778511534973
M5,33,machine_health,0.6491432307101521
M5,33,defect_pressure,0.059386043685671096
M1,34,tool_wear,1.1700583875377228
M2,34,calibration_offset,0.9085550173411188
M3,34,component_condition,0.6713751905195096
M4,34,bearing_degradation,0.6674451823577411
M4,34,vibration,0.7428025117729922
M4,34,temperature,41.76804032353643
M4,34,motor_current,5.329612328882305
M5,34,machine_health,0.6718112477964866
M5,34,defect_pressure,0.05947003330832517
M1,35,tool_wear,1.1939247791950423
M2,35,calibration_offset,0.9273525846789261
M3,35,component_condition,0.6850127922074924
M4,35,bearing_degradation,0.6869244151629985
M4,35,vibration,0.7915255399173021
M4,35,temperature,41.600705538452665
M4,35,motor_current,5.178881349068783
M5,35,machine_health,0.6873830545771258
M5,35,defect_pressure,0.05954898355362
M1,36,tool_wear,1.2175438553280602
M2,36,calibration_offset,0.947510927639071
M3,36,component_condition,0.7088206887800798
M4,36,bearing_degradation,0.7094824229528167
M4,36,vibration,0.7419688723760139
M4,36,temperature,41.87762688595731
M4,36,motor_current,5.332493328139848
M5,36,machine_health,0.713507080172987
M5,36,defect_pressure,0.059623196784197134
M1,37,tool_wear,1.2438243350281615
M2,37,calibration_offset,0.9746240022688465
M3,37,component_condition,0.7280713831027427
M4,37,bearing_degradation,0.7245311618396971
M4,37,vibration,0.8111474233243341
M4,37,temperature,42.14434764852581
M4,37,motor_current,5.255921395067028
M5,37,machine_health,0.7324553275094561
M5,37,defect_pressure,0.05969295722093964
M1,38,tool_wear,1.271901631956643
M2,38,calibration_offset,0.9901257822132896
M3,38,component_condition,0.7446213301463009
M4,38,bearing_degradation,0.7464030109107781
M4,38,vibration,0.8164714362787603
M4,38,temperature,42.32733653011087
M4,38,motor_current,5.260929493604584
M5,38,machine_health,0.7541921498698737
M5,38,defect_pressure,0.059758532031477594
M1,39,tool_wear,1.2957290410405098
M2,39,calibration_offset,1.0142028396232554
M3,39,component_condition,0.7617432646642579
M4,39,bearing_degradation,0.761147546745498
M4,39,vibration,0.7646372659602396
M4,39,temperature,42.114662624634036
M4,39,motor_current,5.215593187037826
M5,39,machine_health,0.7698940532437506
M5,39,defect_pressure,0.05982017235338327
M1,40,tool_wear,1.318136053410359
M2,40,calibration_offset,1.039462760297997
M3,40,component_condition,0.7797003766451728
M4,40,bearing_degradation,0.7874889881644836
M4,40,vibration,0.7907858779702874
M4,40,temperature,41.94197561105401
M4,40,motor_current,5.309349789842455
M5,40,machine_health,0.7913263070331485
M5,40,defect_pressure,0.05987811425597461
M1,41,tool_wear,1.3437473658670847
M2,41,calibration_offset,1.0650986712634074
M3,41,component_condition,0.7919971131399568
M4,41,bearing_degradation,0.8091137525929359
M4,41,vibration,0.7890817725645947
M4,41,temperature,41.979196236839385
M4,41,motor_current,5.2897076999178445
M5,41,machine_health,0.8040146005719281
M5,41,defect_pressure,0.05993257964441047
M1,42,tool_wear,1.3734179812163263
M2,42,calibration_offset,1.0864646876325015
M3,42,component_condition,0.8139098879521137
M4,42,bearing_degradation,0.8260911179237959
M4,42,vibration,0.8733893615943009
M4,42,temperature,42.22747559320523
M4,42,motor_current,5.382137273406631
M5,42,machine_health,0.8327814097083488
M5,42,defect_pressure,0.05998377710954018
M1,43,tool_wear,1.4156516006950282
M2,43,calibration_offset,1.1225104070514582
M3,43,component_condition,0.8279424343530686
M4,43,bearing_degradation,0.8523826123284235
M4,43,vibration,0.8574727670009894
M4,43,temperature,42.274282072444706
M4,43,motor_current,5.270100011139649
M5,43,machine_health,0.8591133984977803
M5,43,defect_pressure,0.0600319027267621
M1,44,tool_wear,1.4495319942651164
M2,44,calibration_offset,1.1562006415558646
M3,44,component_condition,0.85593392581856
M4,44,bearing_degradation,0.8805120545477144
M4,44,vibration,0.864628621410485
M4,44,temperature,42.08114630598957
M4,44,motor_current,5.396145643814395
M5,44,machine_health,0.8718988399510481
M5,44,defect_pressure,0.06007714080695071
M1,45,tool_wear,1.485535827024406
M2,45,calibration_offset,1.190915571836478
M3,45,component_condition,0.8709037086148493
M4,45,bearing_degradation,0.9019098482451408
M4,45,vibration,0.8870098078721255
M4,45,temperature,42.36966401192121
M4,45,motor_current,5.284084796628981
M5,45,machine_health,0.8988278857857385
M5,45,defect_pressure,0.060119664602328
M1,46,tool_wear,1.5294546879977926
M2,46,calibration_offset,1.211646856717294
M3,46,component_condition,0.8937266612725553
M4,46,bearing_degradation,0.9169458294232798
M4,46,vibration,0.8513479311197039
M4,46,temperature,42.21673998963692
M4,46,motor_current,5.4026211525648735
M5,46,machine_health,0.9180680018586211
M5,46,defect_pressure,0.06015963696998266
M1,47,tool_wear,1.5670415829582964
M2,47,calibration_offset,1.2419332126031601
M3,47,component_condition,0.9223690269222276
M4,47,bearing_degradation,0.9453958170468257
M4,47,vibration,0.8988821902500701
M4,47,temperature,42.07020816153583
M4,47,motor_current,5.346146207999752
M5,47,machine_health,0.9427968865711156
M5,47,defect_pressure,0.06019721099557804
M1,48,tool_wear,1.6005667641004204
M2,48,calibration_offset,1.2815542425772186
M3,48,component_condition,0.950785864574575
M4,48,bearing_degradation,0.9672213257617244
M4,48,vibration,0.8767888006917028
M4,48,temperature,41.88621072640398
M4,48,motor_current,5.305566912345784
M5,48,machine_health,0.9594668700049385
M5,48,defect_pressure,0.06023253057963769
M1,49,tool_wear,1.6481624325928033
M2,49,calibration_offset,1.3052280726246244
M3,49,component_condition,0.9652779610333747
M4,49,bearing_degradation,0.9807490654918488
M4,49,vibration,0.8921364034706875
M4,49,temperature,41.94316964311387
M4,49,motor_current,5.426231353135767
M5,49,machine_health,0.9821121557633291
M5,49,defect_pressure,0.060265730988653766
M1,50,tool_wear,1.6735035115988959
M2,50,calibration_offset,1.323944640818452
M3,50,component_condition,0.9952154460702937
M4,50,bearing_degradation,0.9920905950396174
M4,50,vibration,0.9218322850557648
M4,50,temperature,41.87242321317172
M4,50,motor_current,5.4268425661520086
M5,50,machine_health,0.992843149120291
M5,50,defect_pressure,0.060296939373128876
M1,51,tool_wear,1.6954747707817464
M2,51,calibration_offset,1.3502768616871528
M3,51,component_condition,1.0132307072878002
M4,51,bearing_degradation,1.0057291576495229
M4,51,vibration,0.938470225161161
M4,51,temperature,42.254568916429584
M4,51,motor_current,5.3266670684332835
M5,51,machine_health,1.011017832542253
M5,51,defect_pressure,0.06032627525453548
M1,52,tool_wear,1.7369539376471683
M2,52,calibration_offset,1.3659542614997398
M3,52,component_condition,1.0366685621597747
M4,52,bearing_degradation,1.0317274793569866
M4,52,vibration,0.880545457948228
M4,52,temperature,42.43027793330484
M4,52,motor_current,5.3087411739842905
M5,52,machine_health,1.0354631711793663
M5,52,defect_pressure,0.06035385098305769
M1,53,tool_wear,1.768869443535722
M2,53,calibration_offset,1.3860788688851353
M3,53,component_condition,1.0469286006299894
M4,53,bearing_degradation,1.042258123434463
M4,53,vibration,0.8850467928827649
M4,53,temperature,42.54975251358651
M4,53,motor_current,5.349075253320561
M5,53,machine_health,1.0522995182133237
M5,53,defect_pressure,0.060379772167868564
M1,54,tool_wear,1.8065782918111661
M2,54,calibration_offset,1.4166825915813637
M3,54,component_condition,1.0656511312126957
M4,54,bearing_degradation,1.0675302393176582
M4,54,vibration,0.8910234133037086
M4,54,temperature,42.836117119561905
M4,54,motor_current,5.371121823411083
M5,54,machine_health,1.0708037883027084
M5,54,defect_pressure,0.060404138081590786
M1,55,tool_wear,1.8428273182509922
M2,55,calibration_offset,1.4381297837171938
M3,55,component_condition,1.0953391748267667
M4,55,bearing_degradation,1.0829763858480457
M4,55,vibration,0.885029621993965
M4,55,temperature,43.12597760729643
M4,55,motor_current,5.302591951624844
M5,55,machine_health,1.0918873483530243
M5,55,defect_pressure,0.060427042040489674
M1,56,tool_wear,1.8690199564038104
M2,56,calibration_offset,1.456551924468914
M3,56,component_condition,1.1172874368701728
M4,56,bearing_degradation,1.0964838114205147
M4,56,vibration,0.9800347191607018
M4,56,temperature,43.09358730492818
M4,56,motor_current,5.360397039647079
M5,56,machine_health,1.105213015728146
M5,56,defect_pressure,0.06044857176185463
M1,57,tool_wear,1.907114519687802
M2,57,calibration_offset,1.4812843148199635
M3,57,component_condition,1.1416683549738578
M4,57,bearing_degradation,1.1160048194644967
M4,57,vibration,0.9627690443220634
M4,57,temperature,43.38112786386956
M4,57,motor_current,5.437116106254624
M5,57,machine_health,1.1204582966141423
M5,57,defect_pressure,0.06046880969993769
M1,58,tool_wear,1.9420055071038391
M2,58,calibration_offset,1.5046404120903876
M3,58,component_condition,1.153171110608574
M4,58,bearing_degradation,1.1397728673930514
M4,58,vibration,0.9493918808175952
M4,58,temperature,43.23278815764398
M4,58,motor_current,5.462740967122407
M5,58,machine_health,1.1359011993587416
M5,58,defect_pressure,0.060487833361735764
M1,59,tool_wear,1.964752969303638
M2,59,calibration_offset,1.5230608778633616
M3,59,component_condition,1.1668737691853464
M4,59,bearing_degradation,1.1644173651212426
M4,59,vibration,0.9964230608346419
M4,59,temperature,43.35410457144239
M4,59,motor_current,5.446001390696005
M5,59,machine_health,1.1556896986316043
M5,59,defect_pressure,0.060505715603825956
M1,60,tool_wear,2.0130747494942365
M2,60,calibration_offset,1.555700257176254
M3,60,component_condition,1.1882326737963989
M4,60,bearing_degradation,1.1883657704661794
M4,60,vibration,0.9550812089237268
M4,60,temperature,43.62984156266393
M4,60,motor_current,5.510139668696237
M5,60,machine_health,1.1829305516513906
M5,60,defect_pressure,0.060522524911390735
M1,61,tool_wear,2.0579422137187566
M2,61,calibration_offset,1.5856070041383052
M3,61,component_condition,1.199771737828983
M4,61,bearing_degradation,1.2128611058967547
M4,61,vibration,0.9416800764385962
M4,61,temperature,43.51988994086492
M4,61,motor_current,5.432399645538931
M5,61,machine_health,1.2054483791801307
M5,61,defect_pressure,0.06053832566050163
M1,62,tool_wear,2.0849309979613655
M2,62,calibration_offset,1.6223594759858284
M3,62,component_condition,1.220350480509527
M4,62,bearing_degradation,1.2428197881074214
M4,62,vibration,0.9821990967881397
M4,62,temperature,43.70105985656934
M4,62,motor_current,5.415373108559446
M5,62,machine_health,1.2329219214638574
M5,62,defect_pressure,0.060553178364665866
M1,63,tool_wear,2.1174640014263857
M2,63,calibration_offset,1.6557990335255508
M3,63,component_condition,1.2374429236623425
M4,63,bearing_degradation,1.2574919431284197
M4,63,vibration,0.9572060962150041
M4,63,temperature,43.41892581469098
M4,63,motor_current,5.537666658042153
M5,63,machine_health,1.2565148671177189
M5,63,defect_pressure,0.06056713990658025
M1,64,tool_wear,2.1610543518588523
M2,64,calibration_offset,1.681238552920174
M3,64,component_condition,1.2567909538873399
M4,64,bearing_degradation,1.2873153156511592
M4,64,vibration,0.9880932963988082
M4,64,temperature,43.72886689239831
M4,64,motor_current,5.4804896902763796
M5,64,machine_health,1.271128263352074
M5,64,defect_pressure,0.06058026375597977
M1,65,tool_wear,2.18664749972318
M2,65,calibration_offset,1.7049916843993425
M3,65,component_condition,1.2844666715866084
M4,65,bearing_degradation,1.300793220635549
M4,65,vibration,1.0099414901444854
M4,65,temperature,43.901161254771594
M4,65,motor_current,5.4944817508332005
M5,65,machine_health,1.2856170747888072
M5,65,defect_pressure,0.06059260017441532
M1,66,tool_wear,2.224435697768431
M2,66,calibration_offset,1.7222788553342863
M3,66,component_condition,1.2970569700122645
M4,66,bearing_degradation,1.328035772980858
M4,66,vibration,1.062165916664831
M4,66,temperature,44.0026010495721
M4,66,motor_current,5.474983994665128
M5,66,machine_health,1.3030708451290534
M5,66,defect_pressure,0.06060419640774473
M1,67,tool_wear,2.259311969820794
M2,67,calibration_offset,1.7427834353830316
M3,67,component_condition,1.3240811082932398
M4,67,bearing_degradation,1.3498839286740485
M4,67,vibration,1.0724216680621341
M4,67,temperature,43.91599164795842
M4,67,motor_current,5.508062605547729
M5,67,machine_health,1.3306434448561566
M5,67,defect_pressure,0.060615096867074385
M1,68,tool_wear,2.3048294216936216
M2,68,calibration_offset,1.7754925098009076
M3,68,component_condition,1.3476839237284457
M4,68,bearing_degradation,1.36305603077991
M4,68,vibration,1.0833094882318568
M4,68,temperature,44.15641540904369
M4,68,motor_current,5.382919067379881
M5,68,machine_health,1.3473458219413394
M5,68,defect_pressure,0.06062534329884426
M1,69,tool_wear,2.3493684324171933
M2,69,calibration_offset,1.8031792031449285
M3,69,component_condition,1.3700224620959605
M4,69,bearing_degradation,1.3782521024011931
M4,69,vibration,1.0647014112704383
M4,69,temperature,44.17824072668919
M4,69,motor_current,5.538357314870646
M5,69,machine_health,1.3681711535148617
M5,69,defect_pressure,0.06063497494470794
M1,70,tool_wear,2.3883470892112117
M2,70,calibration_offset,1.8207419463446954
M3,70,component_condition,1.3813792032780638
M4,70,bearing_degradation,1.3895991144305686
M4,70,vibration,1.0640566917898548
M4,70,temperature,44.084826222521215
M4,70,motor_current,5.510542793604194
M5,70,machine_health,1.3976409328984096
M5,70,defect_pressure,0.0606440286918198
M1,71,tool_wear,2.4122496764151307
M2,71,calibration_offset,1.8363566192561656
M3,71,component_condition,1.4011520670861572
M4,71,bearing_degradation,1.4085171685581035
M4,71,vibration,1.0407695340514078
M4,71,temperature,44.39717345093115
M4,71,motor_current,5.478217269442531
M5,71,machine_health,1.4235371238734082
M5,71,defect_pressure,0.06065253921410495
M1,72,tool_wear,2.4347211077836057
M2,72,calibration_offset,1.867719399613194
M3,72,component_condition,1.4141732249217753
M4,72,bearing_degradation,1.426911714896626
M4,72,vibration,1.084617280725059
M4,72,temperature,44.3240862590847
M4,72,motor_current,5.454262140683553
M5,72,machine_health,1.451419107946991
M5,72,defect_pressure,0.06066053910505299
M1,73,tool_wear,2.455655130270141
M2,73,calibration_offset,1.891932558206288
M3,73,component_condition,1.4435370934800698
M4,73,bearing_degradation,1.4524436519524608
M4,73,vibration,1.1080696452453895
M4,73,temperature,44.5342806656321
M4,73,motor_current,5.560560076371961
M5,73,machine_health,1.462069631536816
M5,73,defect_pressure,0.06066805900254414
M1,74,tool_wear,2.4995512489994263
M2,74,calibration_offset,1.9098652629303479
M3,74,component_condition,1.462143211378059
M4,74,bearing_degradation,1.4637278306939636
M4,74,vibration,1.0936882724690253
M4,74,temperature,44.38136699093814
M4,74,motor_current,5.5718165608703245
M5,74,machine_health,1.472302042334978
M5,74,defect_pressure,0.06067512770618583
M1,75,tool_wear,2.53394941404094
M2,75,calibration_offset,1.9321568273980805
M3,75,component_condition,1.487740231155926
M4,75,bearing_degradation,1.475826434262327
M4,75,vibration,1.0645350752911837
M4,75,temperature,44.67797577808331
M4,75,motor_current,5.445038360572117
M5,75,machine_health,1.49635134174586
M5,75,defect_pressure,0.060681772287609015
M1,76,tool_wear,2.56374325328826
M2,76,calibration_offset,1.9493534898767013
M3,76,component_condition,1.4993118010990265
M4,76,bearing_degradation,1.4971772512275583
M4,76,vibration,1.1178173974047498
M4,76,temperature,44.8396833951087
M4,76,motor_current,5.4640420867786075
M5,76,machine_health,1.5190799467367329
M5,76,defect_pressure,0.06068801819414681
M1,77,tool_wear,2.6118296206755707
M2,77,calibration_offset,1.977885898259228
M3,77,component_condition,1.523593539741675
M4,77,bearing_degradation,1.5234737535024885
M4,77,vibration,1.067400986039463
M4,77,temperature,45.049647175284896
M4,77,motor_current,5.542734288956618
M5,77,machine_health,1.5419515006406634
M5,77,defect_pressure,0.06069388934629234
M1,78,tool_wear,2.634278520136488
M2,78,calibration_offset,1.9990634791094817
M3,78,component_condition,1.537977819488836
M4,78,bearing_degradation,1.5371161118162624
M4,78,vibration,1.143816295440753
M4,78,temperature,45.10104195660181
M4,78,motor_current,5.537629782426319
M5,78,machine_health,1.5565205954672894
M5,78,defect_pressure,0.06069940822930914
M1,79,tool_wear,2.6737882907268964
M2,79,calibration_offset,2.031069185170264
M3,79,component_condition,1.5531314772590603
M4,79,bearing_degradation,1.5616594932115886
M4,79,vibration,1.1489344494046336
M4,79,temperature,45.01473160957395
M4,79,motor_current,5.515767821133448
M5,79,machine_health,1.567322779295539
M5,79,defect_pressure,0.060704595979344925
M1,80,tool_wear,2.706946753302584
M2,80,calibration_offset,2.0582359087058815
M3,80,component_condition,1.5715658957965295
M4,80,bearing_degradation,1.5899067601239225
M4,80,vibration,1.1070289229501356
M4,80,temperature,45.064010426791825
M4,80,motor_current,5.582779410061877
M5,80,machine_health,1.5916392785891809
M5,80,defect_pressure,0.060709472464378564
M1,81,tool_wear,2.7340730530503006
M2,81,calibration_offset,2.077760332523619
M3,81,component_condition,1.586510517284593
M4,81,bearing_degradation,1.6102031072025162
M4,81,vibration,1.130004579820983
M4,81,temperature,45.09644082713436
M4,81,motor_current,5.496275862037885
M5,81,machine_health,1.6068019472432034
M5,81,defect_pressure,0.06071405636031019
M1,82,tool_wear,2.7772772468208986
M2,82,calibration_offset,2.1170058586505824
M3,82,component_condition,1.5979804522311933
M4,82,bearing_degradation,1.626943170731142
M4,82,vibration,1.1836656048807177
M4,82,temperature,45.033412209837344
M4,82,motor_current,5.519172964273425
M5,82,machine_health,1.6201427854012223
M5,82,defect_pressure,0.060718365222485915
M1,83,tool_wear,2.8193693072728676
M2,83,calibration_offset,2.1438716305443277
M3,83,component_condition,1.6196875395191284
M4,83,bearing_degradation,1.6391815631190965
M4,83,vibration,1.1326475863993375
M4,83,temperature,44.75607757144293
M4,83,motor_current,5.57994745269189
M5,83,machine_health,1.6325849836814228
M5,83,defect_pressure,0.0607224155529311
M1,84,tool_wear,2.84885399042217
M2,84,calibration_offset,2.1599109520205877
M3,84,component_condition,1.6489899134478492
M4,84,bearing_degradation,1.6619639618754065
M4,84,vibration,1.201577414202165
M4,84,temperature,44.751902916241576
M4,84,motor_current,5.584806592372242
M5,84,machine_health,1.645378008776549
M5,84,defect_pressure,0.06072622286354957
M1,85,tool_wear,2.8899944133042696
M2,85,calibration_offset,2.1917467628537106
M3,85,component_condition,1.6724419558123518
M4,85,bearing_degradation,1.6755069576643542
M4,85,vibration,1.1894653782883582
M4,85,temperature,44.9822338857056
M4,85,motor_current,5.675350279077329
M5,85,machine_health,1.6677349535805732
M5,85,defect_pressure,0.06072980173553093
M1,86,tool_wear,2.9109060250951746
M2,86,calibration_offset,2.2239849316294995
M3,86,component_condition,1.695619665217005
M4,86,bearing_degradation,1.687638818270514
M4,86,vibration,1.1908400577685092
M4,86,temperature,45.28995037807859
M4,86,motor_current,5.500315994166791
M5,86,machine_health,1.6951500225873184
M5,86,defect_pressure,0.06073316587519341
M1,87,tool_wear,2.9530595013727146
M2,87,calibration_offset,2.2490884396707753
M3,87,component_condition,1.7217765840558301
M4,87,bearing_degradation,1.7063504845667727
M4,87,vibration,1.2143236154442114
M4,87,temperature,45.04498591886313
M4,87,motor_current,5.60612048919054
M5,87,machine_health,1.7124792532847464
M5,87,defect_pressure,0.060736328166476145
M1,88,tool_wear,2.984716244410825
M2,88,calibration_offset,2.2700270429426337
M3,88,component_condition,1.733240502531199
M4,88,bearing_degradation,1.728740291486965
M4,88,vibration,1.1878455209748433
M4,88,temperature,44.986980882530446
M4,88,motor_current,5.6777258319348025
M5,88,machine_health,1.722992094600875
M5,88,defect_pressure,0.060739300720281914
M1,89,tool_wear,3.016680927837732
M2,89,calibration_offset,2.298367106610806
M3,89,component_condition,1.7595002173055208
M4,89,bearing_degradation,1.7391049431404921
M4,89,vibration,1.1652197758245517
M4,89,temperature,44.71455200220643
M4,89,motor_current,5.638181672930092
M5,89,machine_health,1.751532785496801
M5,89,defect_pressure,0.06074209492085934
M1,90,tool_wear,3.047229608454921
M2,90,calibration_offset,2.325513900590464
M3,90,component_condition,1.7756460166040464
M4,90,bearing_degradation,1.7553310971236122
M4,90,vibration,1.2131658171805368
M4,90,temperature,44.89938653565679
M4,90,motor_current,5.56889068413997
M5,90,machine_health,1.7651557724874947
M5,90,defect_pressure,0.060744721469402116
M1,91,tool_wear,3.0829845099649327
M2,91,calibration_offset,2.3431858236678327
M3,91,component_condition,1.804904554108798
M4,91,bearing_degradation,1.7763356279667375
M4,91,vibration,1.1648755044721768
M4,91,temperature,45.022239395837545
M4,91,motor_current,5.711998138229689
M5,91,machine_health,1.7928399017544627
M5,91,defect_pressure,0.06074719042503233
M1,92,tool_wear,3.1213139396304626
M2,92,calibration_offset,2.3791823562395007
M3,92,component_condition,1.8196419652882876
M4,92,bearing_degradation,1.8027879143370111
M4,92,vibration,1.213488991099681
M4,92,temperature,45.16138177012978
M4,92,motor_current,5.550082832784887
M5,92,machine_health,1.8145720710179722
M5,92,defect_pressure,0.06074951124332473
M1,93,tool_wear,3.1671978519567596
M2,93,calibration_offset,2.3965752201275046
M3,93,component_condition,1.8417838460100633
M4,93,bearing_degradation,1.8206060342551214
M4,93,vibration,1.2376900472206658
M4,93,temperature,45.18948551870884
M4,93,motor_current,5.734769216032269
M5,93,machine_health,1.8326584463800581
M5,93,defect_pressure,0.06075169281251958
M1,94,tool_wear,3.2079709364964906
M2,94,calibration_offset,2.4147850773638577
M3,94,component_condition,1.8633515843501915
M4,94,bearing_degradation,1.83231919924705
M4,94,vibration,1.2723467671652318
M4,94,temperature,45.03535312144332
M4,94,motor_current,5.605986032159572
M5,94,machine_health,1.84404692323498
M5,94,defect_pressure,0.060753743487562746
M1,95,tool_wear,3.2519816317311614
M2,95,calibration_offset,2.4432853752289705
M3,95,component_condition,1.8840107400812183
M4,95,bearing_degradation,1.8557089383510137
M4,95,vibration,1.2916975114625222
M4,95,temperature,45.185634004713926
M4,95,motor_current,5.66105481189686
M5,95,machine_health,1.8552497700869959
M5,95,defect_pressure,0.06075567112210332
M1,96,tool_wear,3.2772407200018914
M2,96,calibration_offset,2.463308717445447
M3,96,component_condition,1.903018158806382
M4,96,bearing_degradation,1.879007172840758
M4,96,vibration,1.2811478652152761
M4,96,temperature,45.48707944778243
M4,96,motor_current,5.604580926865356
M5,96,machine_health,1.8850994401301633
M5,96,defect_pressure,0.06075748309857146
M1,97,tool_wear,3.322501718833184
M2,97,calibration_offset,2.493898359645516
M3,97,component_condition,1.9155724284790867
M4,97,bearing_degradation,1.9031820667956176
M4,97,vibration,1.2148888647707234
M4,97,temperature,45.391203136610066
M4,97,motor_current,5.618736237360634
M5,97,machine_health,1.9138385965907845
M5,97,defect_pressure,0.06075918635645151
M1,98,tool_wear,3.3544111643454126
M2,98,calibration_offset,2.5239132179795316
M3,98,component_condition,1.9355116981372034
M4,98,bearing_degradation,1.9173522770827645
M4,98,vibration,1.3100004322974974
M4,98,temperature,45.19710834480518
M4,98,motor_current,5.734563238677206
M5,98,machine_health,1.9411997303929336
M5,98,defect_pressure,0.06076078741885875
M1,99,tool_wear,3.3835515385183537
M2,99,calibration_offset,2.548987722448661
M3,99,component_condition,1.952433692667959
M4,99,bearing_degradation,1.9438018883554518
M4,99,vibration,1.2407732226163657
M4,99,temperature,45.47774676619487
M4,99,motor_current,5.764882099027087
M5,99,machine_health,1.9664959264109936
M5,99,defect_pressure,0.06076229241752156
M1,100,tool_wear,0.0
M2,100,calibration_offset,0.0
M3,100,component_condition,0.0
M4,100,bearing_degradation,1.9731183315785161
M4,100,vibration,1.2824971204644195
M4,100,temperature,45.408997268900094
M4,100,motor_current,5.6918197886205295
M5,100,machine_health,0.0
M5,100,defect_pressure,0.0607637071162646
M1,101,tool_wear,0.0395060327719446
M2,101,calibration_offset,0.016533740677766702
M3,101,component_condition,0.011163275910109516
M4,101,bearing_degradation,1.9970190361556872
M4,101,vibration,1.3471755069886162
M4,101,temperature,45.31071131538635
M4,101,motor_current,5.62740653639193
M5,101,machine_health,0.012020916220212934
M5,101,defect_pressure,0.058068541735290316
M1,102,tool_wear,0.07478869661643829
M2,102,calibration_offset,0.05188299741541717
M3,102,component_condition,0.033641192635942285
M4,102,bearing_degradation,2.0096332436904913
M4,102,vibration,1.3425137190002434
M4,102,temperature,45.352400946247656
M4,102,motor_current,5.642296137655825
M5,102,machine_health,0.038571674131550424
M5,102,defect_pressure,0.05553508627717449
M1,103,tool_wear,0.09511963454929771
M2,103,calibration_offset,0.07891660120630026
M3,103,component_condition,0.05884698909838498
M4,103,bearing_degradation,2.023937281130836
M4,103,vibration,1.2607869899167239
M4,103,temperature,45.26906291052187
M4,103,motor_current,5.803552799377804
M5,103,machine_health,0.05832875501007767
M5,103,defect_pressure,0.05315363814654561
M1,104,tool_wear,0.12875095458609653
M2,104,calibration_offset,0.09636866572590637
M3,104,component_condition,0.07534050763618619
M4,104,bearing_degradation,2.0414550468337516
M4,104,vibration,1.3060296465905041
M4,104,temperature,45.3302611945634
M4,104,motor_current,5.771512575159225
M5,104,machine_health,0.08406682273518357
M5,104,defect_pressure,0.050915076903754464
M1,105,tool_wear,0.1618790483077583
M2,105,calibration_offset,0.13239045521155443
M3,105,component_condition,0.09457005692868087
M4,105,bearing_degradation,2.069357401647882
M4,105,vibration,1.3414099288758736
M4,105,temperature,45.48640244645746
M4,105,motor_current,5.637605498688897
M5,105,machine_health,0.10881549810961327
M5,105,defect_pressure,0.048810829335530784
M1,106,tool_wear,0.1831292353258298
M2,106,calibration_offset,0.1652985399131215
M3,106,component_condition,0.10481222643337862
M4,106,bearing_degradation,2.0864224298179233
M4,106,vibration,1.314222530055935
M4,106,temperature,45.473510868604606
M4,106,motor_current,5.785178556672509
M5,106,machine_health,0.12229768481629497
M5,106,defect_pressure,0.046832836621400524
M1,107,tool_wear,0.22606041519248188
M2,107,calibration_offset,0.1808221639388943
M3,107,component_condition,0.12072112198292703
M4,107,bearing_degradation,2.1040612226109814
M4,107,vibration,1.312193215263948
M4,107,temperature,45.33020999942308
M4,107,motor_current,5.759424021521617
M5,107,machine_health,0.14290372748127814
M5,107,defect_pressure,0.044973523470118085
M1,108,tool_wear,0.2700218409421191
M2,108,calibration_offset,0.22032142217286557
M3,108,component_condition,0.14568258557151767
M4,108,bearing_degradation,2.1166231375383053
M4,108,vibration,1.330476005614772
M4,108,temperature,45.6890261249379
M4,108,motor_current,5.685741220507177
M5,108,machine_health,0.16169182727516718
M5,108,defect_pressure,0.043225769107912586
M1,109,tool_wear,0.29724262229709425
M2,109,calibration_offset,0.240258184419364
M3,109,component_condition,0.16140072135630087
M4,109,bearing_degradation,2.143553424312111
M4,109,vibration,1.3993140230888
M4,109,temperature,45.61453415184175
M4,109,motor_current,5.801252084258495
M5,109,machine_health,0.18626164081839944
M5,109,defect_pressure,0.04158288000743942
M1,110,tool_wear,0.32256548538118546
M2,110,calibration_offset,0.2798749279074767
M3,110,component_condition,0.17469701767088963
M4,110,bearing_degradation,2.1699091309092498
M4,110,vibration,1.3393147889947672
M4,110,temperature,45.70756509170145
M4,110,motor_current,5.827608801420477
M5,110,machine_health,0.2080685946275749
M5,110,defect_pressure,0.040038564252994645
M1,111,tool_wear,0.35951614516695596
M2,111,calibration_offset,0.3167080008039969
M3,111,component_condition,0.1878984503699811
M4,111,bearing_degradation,2.184842708199682
M4,111,vibration,1.3965832547911734
M4,111,temperature,46.087347365800824
M4,111,motor_current,5.684530567787332
M5,111,machine_health,0.22214930732015287
M5,111,defect_pressure,0.03858690744381656
M1,112,tool_wear,0.3979957086747613
M2,112,calibration_offset,0.3405926150211404
M3,112,component_condition,0.19800304264083934
M4,112,bearing_degradation,2.2097573838543068
M4,112,vibration,1.3541510095582465
M4,112,temperature,46.41638393244867
M4,112,motor_current,5.747003234609425
M5,112,machine_health,0.23826139162995716
M5,112,defect_pressure,0.037222350043189155
M1,113,tool_wear,0.42904499458996675
M2,113,calibration_offset,0.37364438847620884
M3,113,component_condition,0.21583355660439593
M4,113,bearing_degradation,2.2198217491263925
M4,113,vibration,1.399887633396541
M4,113,temperature,46.35398787020653
M4,113,motor_current,5.835777078449654
M5,113,machine_health,0.25788084942767964
M5,113,defect_pressure,0.035939666086599396
M1,114,tool_wear,0.4664445082128107
M2,114,calibration_offset,0.4026608908366131
M3,114,component_condition,0.24193333659801133
M4,114,bearing_degradation,2.2397868627716617
M4,114,vibration,1.353620573022098
M4,114,temperature,46.12565569956376
M4,114,motor_current,5.750773065709294
M5,114,machine_health,0.2836531487211278
M5,114,defect_pressure,0.034733943167405024
M1,115,tool_wear,0.49086808401399923
M2,115,calibration_offset,0.42851137499096
M3,115,component_condition,0.2638978424792861
M4,115,bearing_degradation,2.2684491293985327
M4,115,vibration,1.4216361717129324
M4,115,temperature,46.14637370040339
M4,115,motor_current,5.8211926682311335
M5,115,machine_health,0.3018512465150536
M5,115,defect_pressure,0.03360056362336231
M1,116,tool_wear,0.5280242521508148
M2,116,calibration_offset,0.44812328131930096
M3,116,component_condition,0.2744217766499274
M4,116,bearing_degradation,2.283910545597989
M4,116,vibration,1.4153720948630772
M4,116,temperature,46.09614483819571
M4,116,motor_current,5.8875045399823644
M5,116,machine_health,0.3293058515247456
M5,116,defect_pressure,0.03253518685196216
M1,117,tool_wear,0.5721035514446862
M2,117,calibration_offset,0.4751975031214348
M3,117,component_condition,0.2989805627894027
M4,117,bearing_degradation,2.308500710171037
M4,117,vibration,1.449951573967526
M4,117,temperature,45.97442546802907
M4,117,motor_current,5.830020278455391
M5,117,machine_health,0.3524449546500884
M5,117,defect_pressure,0.031533732686846026
M1,118,tool_wear,0.5938151930792238
M2,118,calibration_offset,0.49674014521483245
M3,118,component_condition,0.31397148678639286
M4,118,bearing_degradation,2.327495507020048
M4,118,vibration,1.4586692585035375
M4,118,temperature,45.81445126787081
M4,118,motor_current,5.812137666191694
M5,118,machine_health,0.38057370371697663
M5,118,defect_pressure,0.03059236577163686
M1,119,tool_wear,0.626148061157245
M2,119,calibration_offset,0.5342359788570142
M3,119,component_condition,0.34323937547066385
M4,119,bearing_degradation,2.3385406646057687
M4,119,vibration,1.4272955977497237
M4,119,temperature,45.79066301504269
M4,119,motor_current,5.864653425608165
M5,119,machine_health,0.40365719574645814
M5,119,defect_pressure,0.02970748087134024
M1,120,tool_wear,0.660066035757895
M2,120,calibration_offset,0.5644491606744259
M3,120,component_condition,0.3562643120453625
M4,120,bearing_degradation,2.3655529857625917
M4,120,vibration,1.4523434731332892
M4,120,temperature,45.93529715609181
M4,120,motor_current,5.750897319390751
M5,120,machine_health,0.41501056298445815
M5,120,defect_pressure,0.02887568906506142
M1,121,tool_wear,0.6825177961302984
M2,121,calibration_offset,0.591566567852677
M3,121,component_condition,0.38326381947497573
M4,121,bearing_degradation,2.383788296594282
M4,121,vibration,1.4686126653528084
M4,121,temperature,46.08416305110506
M4,121,motor_current,5.746780524984376
M5,121,machine_health,0.4341953605363973
M5,121,defect_pressure,0.02809380476715933
M1,122,tool_wear,0.7085587095943776
M2,122,calibration_offset,0.6106842266884844
M3,122,component_condition,0.4036515366650545
M4,122,bearing_degradation,2.4113799336933126
M4,122,vibration,1.5016098159819258
M4,122,temperature,46.04243845293147
M4,122,motor_current,5.834230845628857
M5,122,machine_health,0.4447387089609085
M5,122,defect_pressure,0.027358833527131362
M1,123,tool_wear,0.7558353157702244
M2,123,calibration_offset,0.6381295393893417
M3,123,component_condition,0.430093599877059
M4,123,bearing_degradation,2.440669466771329
M4,123,vibration,1.4466444326213006
M4,123,temperature,46.18439322638656
M4,123,motor_current,5.81166190498688
M5,123,machine_health,0.46743035731191457
M5,123,defect_pressure,0.026667960561505073
M1,124,tool_wear,0.8032880178224358
M2,124,calibration_offset,0.6570784099602254
M3,124,component_condition,0.4464288334184095
M4,124,bearing_degradation,2.4562075565188852
M4,124,vibration,1.5308351698790765
M4,124,temperature,46.087243087532826
M4,124,motor_current,5.800075778462108
M5,124,machine_health,0.4905162083584138
M5,124,defect_pressure,0.02601853997381636
M1,125,tool_wear,0.8417469585745299
M2,125,calibration_offset,0.6941388191704089
M3,125,component_condition,0.4757713657235929
M4,125,bearing_degradation,2.479565956494958
M4,125,vibration,1.5052935099233773
M4,125,temperature,46.021961502905505
M4,125,motor_current,5.944233636434164
M5,125,machine_health,0.500768358757929
M5,125,defect_pressure,0.025408084621388972
M1,126,tool_wear,0.8833275672456046
M2,126,calibration_offset,0.7111239837864846
M3,126,component_condition,0.5029349067867361
M4,126,bearing_degradation,2.5037708124674243
M4,126,vibration,1.4829433363053446
M4,126,temperature,46.15359733571487
M4,126,motor_current,5.940647163905693
M5,126,machine_health,0.520652607702935
M5,126,defect_pressure,0.02483425659010723
M1,127,tool_wear,0.9085404150396769
M2,127,calibration_offset,0.7467734391041866
M3,127,component_condition,0.515774346581956
M4,127,bearing_degradation,2.5287473392066904
M4,127,vibration,1.5266136941708437
M4,127,temperature,46.36941894439245
M4,127,motor_current,5.855536558044273
M5,127,machine_health,0.550234706463238
M5,127,defect_pressure,0.02429485824070239
M1,128,tool_wear,0.9488257419019399
M2,128,calibration_offset,0.778931619021339
M3,128,component_condition,0.5428890917600717
M4,128,bearing_degradation,2.5443328609757785
M4,128,vibration,1.5320213353961822
M4,128,temperature,46.612267252351835
M4,128,motor_current,5.893047451970533
M5,128,machine_health,0.5608984935544865
M5,128,defect_pressure,0.023787823792261843
M1,129,tool_wear,0.9969748864553944
M2,129,calibration_offset,0.8130832384347215
M3,129,component_condition,0.5580948289113917
M4,129,bearing_degradation,2.565541673595387
M4,129,vibration,1.487315616359503
M4,129,temperature,46.68893635547912
M4,129,motor_current,5.8900112399987705
M5,129,machine_health,0.5785065045338947
M5,129,defect_pressure,0.023311211410727724
M1,130,tool_wear,1.0296513393047528
M2,130,calibration_offset,0.8465808414538948
M3,130,component_condition,0.5852616624473741
M4,130,bearing_degradation,2.590620911667323
M4,130,vibration,1.566739042351073
M4,130,temperature,46.50803292679168
M4,130,motor_current,5.9992793904983674
M5,130,machine_health,0.6050943978310717
M5,130,defect_pressure,0.022863195772085655
M1,131,tool_wear,1.053028751017111
M2,131,calibration_offset,0.8750983033700176
M3,131,component_condition,0.5955097431729204
M4,131,bearing_degradation,2.612588061353278
M4,131,vibration,1.524759005312173
M4,131,temperature,46.52095751942268
M4,131,motor_current,5.963044461219967
M5,131,machine_health,0.6321396753188953
M5,131,defect_pressure,0.02244206107176211
M1,132,tool_wear,1.0997978259613006
M2,132,calibration_offset,0.8920725324247883
M3,132,component_condition,0.60620314850745
M4,132,bearing_degradation,2.639701983230029
M4,132,vibration,1.5580253621963704
M4,132,temperature,46.398956908021404
M4,132,motor_current,5.9901703970076525
M5,132,machine_health,0.6440168210153624
M5,132,defect_pressure,0.022046194453457978
M1,133,tool_wear,1.1446764299408032
M2,133,calibration_offset,0.9213668412259964
M3,133,component_condition,0.6225420802632724
M4,133,bearing_degradation,2.661740451850332
M4,133,vibration,1.6039485097356174
M4,133,temperature,46.523611361401876
M4,133,motor_current,5.953027073891366
M5,133,machine_health,0.6680694964770727
M5,133,defect_pressure,0.021674079832252093
M1,134,tool_wear,1.1678031740250536
M2,134,calibration_offset,0.948558517941528
M3,134,component_condition,0.6445551015942396
M4,134,bearing_degradation,2.6844225324778583
M4,134,vibration,1.5308622346045209
M4,134,temperature,46.529211933510155
M4,134,motor_current,5.911918505008279
M5,134,machine_health,0.680869978428139
M5,134,defect_pressure,0.021324292088318562
M1,135,tool_wear,1.1977435842381452
M2,135,calibration_offset,0.9684609607599879
M3,135,component_condition,0.6586949531630081
M4,135,bearing_degradation,2.694575813130843
M4,135,vibration,1.5497372061625232
M4,135,temperature,46.406696301598885
M4,135,motor_current,5.864706685421933
M5,135,machine_health,0.702310951295525
M5,135,defect_pressure,0.020995491609021043
M1,136,tool_wear,1.2456961958211297
M2,136,calibration_offset,0.9856382799298822
M3,136,component_condition,0.6755994160190419
M4,136,bearing_degradation,2.7144467447376455
M4,136,vibration,1.6060045744982248
M4,136,temperature,46.87605079825973
M4,136,motor_current,5.876354184637773
M5,136,machine_health,0.7207475148663016
M5,136,defect_pressure,0.020686419158481375
M1,137,tool_wear,1.2871171751551354
M2,137,calibration_offset,1.0083725978764517
M3,137,component_condition,0.7020233816700465
M4,137,bearing_degradation,2.7254694523664873
M4,137,vibration,1.5659485029799671
M4,137,temperature,46.74180137435237
M4,137,motor_current,5.974673398918148
M5,137,machine_health,0.7384242925272012
M5,137,defect_pressure,0.020395891054974087
M1,138,tool_wear,1.3107479251696912
M2,138,calibration_offset,1.0421520490716623
M3,138,component_condition,0.7191188075067662
M4,138,bearing_degradation,2.7490428514999388
M4,138,vibration,1.585809139683762
M4,138,temperature,46.948530567092234
M4,138,motor_current,5.864191234830527
M5,138,machine_health,0.7606757618940976
M5,138,defect_pressure,0.020122794637677237
M1,139,tool_wear,1.334364677661802
M2,139,calibration_offset,1.0588131451805567
M3,139,component_condition,0.7293529397213843
M4,139,bearing_degradation,2.768762861375891
M4,139,vibration,1.6152251332238114
M4,139,temperature,46.81054981218115
M4,139,motor_current,5.893667660506311
M5,139,machine_health,0.7852592316450865
M5,139,defect_pressure,0.019866084005418196
M1,140,tool_wear,1.3751394624618787
M2,140,calibration_offset,1.0906373107404175
M3,140,component_condition,0.7551326429198001
M4,140,bearing_degradation,2.7952113088492565
M4,140,vibration,1.653840757305831
M4,140,temperature,47.218039365122536
M4,140,motor_current,5.9645210021998984
M5,140,machine_health,0.802682680113839
M5,140,defect_pressure,0.019624776011094698
M1,141,tool_wear,1.4157916130166428
M2,141,calibration_offset,1.1098088157828863
M3,141,component_condition,0.7829345836234762
M4,141,bearing_degradation,2.8057202640473715
M4,141,vibration,1.6368703442475971
M4,141,temperature,47.42009289829734
M4,141,motor_current,5.950122925732838
M5,141,machine_health,0.8189070300151069
M5,141,defect_pressure,0.01939794649643061
M1,142,tool_wear,1.446729424862569
M2,142,calibration_offset,1.1495097149367761
M3,142,component_condition,0.7957456429750435
M4,142,bearing_degradation,2.8258293664055807
M4,142,vibration,1.6767334872740025
M4,142,temperature,47.456356446180756
M4,142,motor_current,5.8968394807569355
M5,142,machine_health,0.8321075287443708
M5,142,defect_pressure,0.019184726752646368
M1,143,tool_wear,1.4804851151290257
M2,143,calibration_offset,1.187011794512188
M3,143,component_condition,0.8120249773225905
M4,143,bearing_degradation,2.8523635136004106
M4,143,vibration,1.6893467217612106
M4,143,temperature,47.43947311833405
M4,143,motor_current,6.090554326841662
M5,143,machine_health,0.8489152708294608
M5,143,defect_pressure,0.018984300193489182
M1,144,tool_wear,1.517096459689766
M2,144,calibration_offset,1.2210593398273097
M3,144,component_condition,0.8280716423096204
M4,144,bearing_degradation,2.863516465244391
M4,144,vibration,1.6296513839812279
M4,144,temperature,47.41672936135243
M4,144,motor_current,6.095514240008819
M5,144,machine_health,0.8705246228493347
M5,144,defect_pressure,0.018795899227881427
M1,145,tool_wear,1.5558834893323978
M2,145,calibration_offset,1.2461038098436679
M3,145,component_condition,0.8505397614728092
M4,145,bearing_degradation,2.8775427074008397
M4,145,vibration,1.6405308572867678
M4,145,temperature,47.26199495717198
M4,145,motor_current,6.002249155087659
M5,145,machine_health,0.8998051997926451
M5,145,defect_pressure,0.018618802320210136
M1,146,tool_wear,1.5918850881953588
M2,146,calibration_offset,1.2643701184392544
M3,146,component_condition,0.8764239747237973
M4,146,bearing_degradation,2.906423549277348
M4,146,vibration,1.6274490166514506
M4,146,temperature,47.38532788927722
M4,146,motor_current,6.113445717879609
M5,146,machine_health,0.9215798302352715
M5,146,defect_pressure,0.018452331226999123
M1,147,tool_wear,1.6179817809279413
M2,147,calibration_offset,1.28903363110983
M3,147,component_condition,0.8979695553084599
M4,147,bearing_degradation,2.924575233448824
M4,147,vibration,1.70258198559016
M4,147,temperature,47.68288434717697
M4,147,motor_current,6.038307121998203
M5,147,machine_health,0.9337651144414639
M5,147,defect_pressure,0.01829584839938077
M1,148,tool_wear,1.6633908465541531
M2,148,calibration_offset,1.3055950709503068
M3,148,component_condition,0.9181782050885445
M4,148,bearing_degradation,2.9349575553374194
M4,148,vibration,1.6716673689667496
M4,148,temperature,47.90771640451884
M4,148,motor_current,6.071776535907743
M5,148,machine_health,0.9497530262088976
M5,148,defect_pressure,0.01814875454141952
M1,149,tool_wear,1.6917536427265898
M2,149,calibration_offset,1.3445312714262592
M3,149,component_condition,0.9417146310656924
M4,149,bearing_degradation,2.9452438608907605
M4,149,vibration,1.7018844962124573
M4,149,temperature,48.20100468053459
M4,149,motor_current,6.07893057770247
M5,149,machine_health,0.9751314818510504
M5,149,defect_pressure,0.018010486314935945
M1,150,tool_wear,1.7371312859169217
M2,150,calibration_offset,1.361746389275501
M3,150,component_condition,0.959865491686341
M4,150,bearing_degradation,0.0
M4,150,vibration,0.46109980987913146
M4,150,temperature,47.56584533848666
M4,150,motor_current,5.089537605192894
M5,150,machine_health,0.9955830138377852
M5,150,defect_pressure,0.017880514182041382
M1,151,tool_wear,1.7721500139590343
M2,151,calibration_offset,1.3944235512071685
M3,151,component_condition,0.9779229573389938
M4,151,bearing_degradation,0.015620089978174271
M4,151,vibration,0.5365963103209581
M4,151,temperature,47.07148366381056
M4,151,motor_current,4.986487570397874
M5,151,machine_health,1.015111753564661
M5,151,defect_pressure,0.017758340377120492
M1,152,tool_wear,1.8215194474142786
M2,152,calibration_offset,1.4183689033100073
M3,152,component_condition,1.0056961389443018
M4,152,bearing_degradation,0.037337385747244656
M4,152,vibration,0.5274133405778382
M4,152,temperature,46.11860199688958
M4,152,motor_current,5.049591529256216
M5,152,machine_health,1.041562449452345
M5,152,defect_pressure,0.01764349700049486
M1,153,tool_wear,1.857124544183601
M2,153,calibration_offset,1.4527525570700857
M3,153,component_condition,1.021381620802852
M4,153,bearing_degradation,0.048424026443702736
M4,153,vibration,0.5442341339901011
M4,153,temperature,45.4118210822904
M4,153,motor_current,4.916975347856193
M5,153,machine_health,1.057085840608763
M5,153,defect_pressure,0.017535544226466762
M1,154,tool_wear,1.9023046989542811
M2,154,calibration_offset,1.4739231538001332
M3,154,component_condition,1.0334194685641724
M4,154,bearing_degradation,0.07527826448691383
M4,154,vibration,0.5114460975532799
M4,154,temperature,45.066581936473035
M4,154,motor_current,5.104721821532567
M5,154,machine_health,1.074632201688027
M5,154,defect_pressure,0.01743406861888035
M1,155,tool_wear,1.9429152769493785
M2,155,calibration_offset,1.4986143739365243
M3,155,component_condition,1.0435067339571786
M4,155,bearing_degradation,0.09860597275847796
M4,155,vibration,0.5860471396162589
M4,155,temperature,44.746128208803746
M4,155,motor_current,5.124666632011735
M5,155,machine_health,1.0867395001330442
M5,155,defect_pressure,0.017338681547749125
M1,156,tool_wear,1.9643608573211773
M2,156,calibration_offset,1.5375343693236314
M3,156,component_condition,1.0626607260603644
M4,156,bearing_degradation,0.11600223787822149
M4,156,vibration,0.5016363971700359
M4,156,temperature,44.46685663639759
M4,156,motor_current,5.023901669638153
M5,156,machine_health,1.1009793812270174
M5,156,defect_pressure,0.01724901770088577
M1,157,tool_wear,2.0107655594588216
M2,157,calibration_offset,1.5694796993313824
M3,157,component_condition,1.075392744133388
M4,157,bearing_degradation,0.13231478475348848
M4,157,vibration,0.5674091743036267
M4,157,temperature,43.996943952750776
M4,157,motor_current,5.088951551320244
M5,157,machine_health,1.116727573156329
M5,157,defect_pressure,0.01716473368483422
M1,158,tool_wear,2.0341109258284598
M2,158,calibration_offset,1.5911695162495818
M3,158,component_condition,1.0929746251068266
M4,158,bearing_degradation,0.1448021527334987
M4,158,vibration,0.549285128585263
M4,158,temperature,43.636408953964214
M4,158,motor_current,5.031538702907699
M5,158,machine_health,1.1269260495788858
M5,158,defect_pressure,0.01708550670974576
M1,159,tool_wear,2.069681894232346
M2,159,calibration_offset,1.6139661126975038
M3,159,component_condition,1.1134005460599095
M4,159,bearing_degradation,0.1551411060312903
M4,159,vibration,0.5890722635882256
M4,159,temperature,43.503603712796114
M4,159,motor_current,4.978340832935067
M5,159,machine_health,1.142792221794497
M5,159,defect_pressure,0.01701103335316261
M1,160,tool_wear,2.1001247620273946
M2,160,calibration_offset,1.6289999533403905
M3,160,component_condition,1.1428844349362366
M4,160,bearing_degradation,0.1831123181247871
M4,160,vibration,0.6015647685797774
M4,160,temperature,43.37640271109653
M4,160,motor_current,5.0556884631443895
M5,160,machine_health,1.1541061189735844
M5,160,defect_pressure,0.016941028397974445
M1,161,tool_wear,2.1346470741187007
M2,161,calibration_offset,1.6558451990503391
M3,161,component_condition,1.1717389213181189
M4,161,bearing_degradation,0.20400196478079236
M4,161,vibration,0.6278776209376375
M4,161,temperature,42.84532605379117
M4,161,motor_current,5.044536837325551
M5,161,machine_health,1.1669221779514378
M5,161,defect_pressure,0.01687522374009757
M1,162,tool_wear,2.1719960261013114
M2,162,calibration_offset,1.691123293298676
M3,162,component_condition,1.19522152722884
M4,162,bearing_degradation,0.23235168164343217
M4,162,vibration,0.571991123224515
M4,162,temperature,42.61249191379984
M4,162,motor_current,5.159351316054405
M5,162,machine_health,1.1798682388370172
M5,162,defect_pressure,0.016813367361693313
M1,163,tool_wear,2.2054262288636237
M2,163,calibration_offset,1.7300716463250951
M3,163,component_condition,1.2152335986519343
M4,163,bearing_degradation,0.24784575794439
M4,163,vibration,0.6298348522661553
M4,163,temperature,42.40139537204477
M4,163,motor_current,5.096061443686995
M5,163,machine_health,1.1931832344334203
M5,163,defect_pressure,0.01675522236599331
M1,164,tool_wear,2.226925599723414
M2,164,calibration_offset,1.769601459554198
M3,164,component_condition,1.2300731412582753
M4,164,bearing_degradation,0.27687435415162664
M4,164,vibration,0.6602316710572458
M4,164,temperature,42.371351824533406
M4,164,motor_current,5.193134770311434
M5,164,machine_health,1.2119231521467329
M5,164,defect_pressure,0.016700566070035304
M1,165,tool_wear,2.2655958976619313
M2,165,calibration_offset,1.7893541507987911
M3,165,component_condition,1.2589471731146797
M4,165,bearing_degradation,0.3064205123114567
M4,165,vibration,0.6482992256380266
M4,165,temperature,42.023145657515684
M4,165,motor_current,5.102627200602604
M5,165,machine_health,1.2347354558177106
M5,165,defect_pressure,0.01664918915183478
M1,166,tool_wear,2.302548457035514
M2,166,calibration_offset,1.8168265424121897
M3,166,component_condition,1.27608775999408
M4,166,bearing_degradation,0.32910778608889046
M4,166,vibration,0.6038507015048883
M4,166,temperature,41.81256542138651
M4,166,motor_current,5.1847961430514085
M5,166,machine_health,1.2533094962374394
M5,166,defect_pressure,0.01660089484872629
M1,167,tool_wear,2.342421477386546
M2,167,calibration_offset,1.8390486658849188
M3,167,component_condition,1.3059528603025394
M4,167,bearing_degradation,0.34654226741693733
M4,167,vibration,0.627862725589723
M4,167,temperature,41.88783054348116
M4,167,motor_current,5.204975080025009
M5,167,machine_health,1.2704519194234494
M5,167,defect_pressure,0.016555498203804305
M1,168,tool_wear,2.3793436982515517
M2,168,calibration_offset,1.8704644427276156
M3,168,component_condition,1.334317642036048
M4,168,bearing_degradation,0.3609593230761975
M4,168,vibration,0.5982767255630458
M4,168,temperature,41.52894657703076
M4,168,motor_current,5.061380117497835
M5,168,machine_health,1.2994611028349552
M5,168,defect_pressure,0.01651282535757764
M1,169,tool_wear,2.4167463632916353
M2,169,calibration_offset,1.9044338490715487
M3,169,component_condition,1.3621995280867132
M4,169,bearing_degradation,0.3793482829553438
M4,169,vibration,0.6797758634828257
M4,169,temperature,41.47565784419495
M4,169,motor_current,5.1322798694635905
M5,169,machine_health,1.3131838207900222
M5,169,defect_pressure,0.016472712882124575
M1,170,tool_wear,2.442958637567961
M2,170,calibration_offset,1.9211590388868691
M3,170,component_condition,1.3803877695230535
M4,170,bearing_degradation,0.39599210361765586
M4,170,vibration,0.6777586471944419
M4,170,temperature,41.60956338037188
M4,170,motor_current,5.1695273736393705
M5,170,machine_health,1.3339657118447423
M5,170,defect_pressure,0.016435007155198696
M1,171,tool_wear,2.464085770279928
M2,171,calibration_offset,1.9552977076497657
M3,171,component_condition,1.4008379731447653
M4,171,bearing_degradation,0.4105146102426493
M4,171,vibration,0.6446257160606879
M4,171,temperature,41.4541269327605
M4,171,motor_current,5.089763446008397
M5,171,machine_health,1.363302621840728
M5,171,defect_pressure,0.016399563771888368
M1,172,tool_wear,2.5063426600886896
M2,172,calibration_offset,1.980863437575106
M3,172,component_condition,1.4250903998067357
M4,172,bearing_degradation,0.4279334304058046
M4,172,vibration,0.7113673918372369
M4,172,temperature,41.62111038042304
M4,172,motor_current,5.246748381194527
M5,172,machine_health,1.3851153785206207
M5,172,defect_pressure,0.01636624699157666
M1,173,tool_wear,2.5426775688618055
M2,173,calibration_offset,2.0000464701751324
M3,173,component_condition,1.4541348355206876
M4,173,bearing_degradation,0.4499645079918011
M4,173,vibration,0.6596417944173135
M4,173,temperature,41.72264319322102
M4,173,motor_current,5.209288634301517
M5,173,machine_health,1.4052931896324419
M5,173,defect_pressure,0.016334929218083653
M1,174,tool_wear,2.587502758458002
M2,174,calibration_offset,2.0329046360685075
M3,174,component_condition,1.4780267440657533
M4,174,bearing_degradation,0.4654459397786449
M4,174,vibration,0.7168854662981282
M4,174,temperature,41.50715701760641
M4,174,motor_current,5.131974469371503
M5,174,machine_health,1.4324239341074003
M5,174,defect_pressure,0.016305490511000227
M1,175,tool_wear,2.624364942290079
M2,175,calibration_offset,2.0603111048905665
M3,175,component_condition,1.5037508571109746
M4,175,bearing_degradation,0.4759498080578295
M4,175,vibration,0.7242796559949328
M4,175,temperature,41.206077048335565
M4,175,motor_current,5.20732238874605
M5,175,machine_health,1.4471234022073194
M5,175,defect_pressure,0.016277818126341808
M1,176,tool_wear,2.6607578517724146
M2,176,calibration_offset,2.0766028229320157
M3,176,component_condition,1.5310036665339581
M4,176,bearing_degradation,0.4970039495722004
M4,176,vibration,0.6884569480278765
M4,176,temperature,41.013599545521124
M4,176,motor_current,5.247010534132053
M5,176,machine_health,1.462924312846568
M5,176,defect_pressure,0.016251806084762892
M1,177,tool_wear,2.704658293688156
M2,177,calibration_offset,2.1072246754221906
M3,177,component_condition,1.5591254077435834
M4,177,bearing_degradation,0.5080406655545949
M4,177,vibration,0.7081021327295736
M4,177,temperature,40.937231428061594
M4,177,motor_current,5.139169552848537
M5,177,machine_health,1.4796053121599435
M5,177,defect_pressure,0.01622735476567871
M1,178,tool_wear,2.7267088896974547
M2,178,calibration_offset,2.129368633537008
M3,178,component_condition,1.5757745308865576
M4,178,bearing_degradation,0.536929637208481
M4,178,vibration,0.7289452946132482
M4,178,temperature,41.107474665618305
M4,178,motor_current,5.214381803750496
M5,178,machine_health,1.5046241081272098
M5,178,defect_pressure,0.016204370525739583
M1,179,tool_wear,2.75499846295143
M2,179,calibration_offset,2.1688778520605627
M3,179,component_condition,1.5893618245268017
M4,179,bearing_degradation,0.5550016572557128
M4,179,vibration,0.7457891613857458
M4,179,temperature,41.28596035304965
M4,179,motor_current,5.178796307418286
M5,179,machine_health,1.5199096333903825
M5,179,defect_pressure,0.016182765340196803
M1,180,tool_wear,2.7830544756334583
M2,180,calibration_offset,2.2002967536474265
M3,180,component_condition,1.600901413868101
M4,180,bearing_degradation,0.5709474730618594
M4,180,vibration,0.6875856878329913
M4,180,temperature,41.38807531195347
M4,180,motor_current,5.224561371229704
M5,180,machine_health,1.530211847074672
M5,180,defect_pressure,0.01616245646578659
M1,181,tool_wear,2.823335264275035
M2,181,calibration_offset,2.2305469390744137
M3,181,component_condition,1.622854779522155
M4,181,bearing_degradation,0.5830655891499346
M4,181,vibration,0.6987090969197458
M4,181,temperature,41.691029212772946
M4,181,motor_current,5.251380001869435
M5,181,machine_health,1.55196356449686
M5,181,defect_pressure,0.016143366123840985
M1,182,tool_wear,2.8555798150010356
M2,182,calibration_offset,2.2601200904945205
M3,182,component_condition,1.6520063998238315
M4,182,bearing_degradation,0.5968364012649195
M4,182,vibration,0.7559806103084707
M4,182,temperature,41.987181384538495
M4,182,motor_current,5.1292713606173095
M5,182,machine_health,1.5638160741578873
M5,182,defect_pressure,0.01612542120241212
M1,183,tool_wear,2.8886004441822983
M2,183,calibration_offset,2.2859801734696856
M3,183,component_condition,1.6737954796135255
M4,183,bearing_degradation,0.611676842864537
M4,183,vibration,0.7660760094836274
M4,183,temperature,41.72680119074307
M4,183,motor_current,5.153940962295947
M5,183,machine_health,1.5740909852381142
M5,183,defect_pressure,0.016108552976268987
M1,184,tool_wear,2.9167246340234074
M2,184,calibration_offset,2.302543330863257
M3,184,component_condition,1.6959301141078742
M4,184,bearing_degradation,0.6407066570680728
M4,184,vibration,0.7901318462115317
M4,184,temperature,41.92938725988658
M4,184,motor_current,5.288844090982178
M5,184,machine_health,1.5880966255954667
M5,184,defect_pressure,0.01609269684369444
M1,185,tool_wear,2.9588621558240282
M2,185,calibration_offset,2.3192547988465964
M3,185,component_condition,1.7176190923030228
M4,185,bearing_degradation,0.6580756354664045
M4,185,vibration,0.8027648631018788
M4,185,temperature,42.033749053053945
M4,185,motor_current,5.287803877763708
M5,185,machine_health,1.6030642977703309
M5,185,defect_pressure,0.01607779207907437
M1,186,tool_wear,2.992138521268471
M2,186,calibration_offset,2.3576618143833197
M3,186,component_condition,1.7334667545112667
M4,186,bearing_degradation,0.6740965570230907
M4,186,vibration,0.7699017470722492
M4,186,temperature,41.76630876126394
M4,186,motor_current,5.234152940834715
M5,186,machine_health,1.6283531123318409
M5,186,defect_pressure,0.0160637816003315
M1,187,tool_wear,3.019945619208028
M2,187,calibration_offset,2.3766733797401005
M3,187,component_condition,1.756751142211046
M4,187,bearing_degradation,0.6977992432205804
M4,187,vibration,0.7401628836293425
M4,187,temperature,41.672530125881295
M4,187,motor_current,5.206191110191697
M5,187,machine_health,1.6490641886294344
M5,187,defect_pressure,0.016050611750313203
M1,188,tool_wear,3.06480228714521
M2,188,calibration_offset,2.3993682755321193
M3,188,component_condition,1.773285993051647
M4,188,bearing_degradation,0.7266216594712539
M4,188,vibration,0.8282806071027327
M4,188,temperature,41.484804388684694
M4,188,motor_current,5.232863729469222
M5,188,machine_health,1.6629414499881723
M5,188,defect_pressure,0.016038232091296005
M1,189,tool_wear,3.109939538390764
M2,189,calibration_offset,2.4330771718737627
M3,189,component_condition,1.7864933011740418
M4,189,bearing_degradation,0.750500651281457
M4,189,vibration,0.7731600765879797
M4,189,temperature,41.332004925290796
M4,189,motor_current,5.195732125977101
M5,189,machine_health,1.6875894709693398
M5,189,defect_pressure,0.016026595211819837
M1,190,tool_wear,3.132446168516085
M2,190,calibration_offset,2.4522208762978934
M3,190,component_condition,1.8035787277183861
M4,190,bearing_degradation,0.7708851426970611
M4,190,vibration,0.8191293253883897
M4,190,temperature,41.27728136407057
M4,190,motor_current,5.181356231788994
M5,190,machine_health,1.7019805494339357
M5,190,defect_pressure,0.01601565654511224
M1,191,tool_wear,3.169152521811248
M2,191,calibration_offset,2.477944484633647
M3,191,component_condition,1.8276216496420228
M4,191,bearing_degradation,0.7891243045977432
M4,191,vibration,0.8527024184660357
M4,191,temperature,41.46514187177386
M4,191,motor_current,5.282694319892406
M5,191,machine_health,1.7143246275475403
M5,191,defect_pressure,0.0160053741984071
M1,192,tool_wear,3.209914731221979
M2,192,calibration_offset,2.5027409689633475
M3,192,component_condition,1.8477777509211983
M4,192,bearing_degradation,0.8149794668691994
M4,192,vibration,0.7828963773791398
M4,192,temperature,41.54767453724341
M4,192,motor_current,5.29737847239201
M5,192,machine_health,1.7293900752179947
M5,192,defect_pressure,0.015995708792504268
M1,193,tool_wear,3.245984429202406
M2,193,calibration_offset,2.538275678035865
M3,193,component_condition,1.8644503188379355
M4,193,bearing_degradation,0.8286483107972681
M4,193,vibration,0.8669567262750547
M4,193,temperature,41.87103750282166
M4,193,motor_current,5.283288860007078
M5,193,machine_health,1.7554608284072468
M5,193,defect_pressure,0.015986623310955607
M1,194,tool_wear,3.267993637563164
M2,194,calibration_offset,2.5630108015103366
M3,194,component_condition,1.87578161339622
M4,194,bearing_degradation,0.8461576893665981
M4,194,vibration,0.868844530265984
M4,194,temperature,41.89786439900285
M4,194,motor_current,5.3955916620589
M5,194,machine_health,1.7698630549253418
M5,194,defect_pressure,0.015978082958299864
M1,195,tool_wear,3.290055047894883
M2,195,calibration_offset,2.589616764503817
M3,195,component_condition,1.899956926500803
M4,195,bearing_degradation,0.8693913751345952
M4,195,vibration,0.8461554868718129
M4,195,temperature,41.672083457043954
M4,195,motor_current,5.365185909783473
M5,195,machine_health,1.7811923214408671
M5,195,defect_pressure,0.015970055026803466
M1,196,tool_wear,3.3335138472096215
M2,196,calibration_offset,2.624691816302763
M3,196,component_condition,1.9233800759683968
M4,196,bearing_degradation,0.8827889952556099
M4,196,vibration,0.8226131180922729
M4,196,temperature,42.00395752024784
M4,196,motor_current,5.358971708029878
M5,196,machine_health,1.8031354275606732
M5,196,defect_pressure,0.015962508771196853
M1,197,tool_wear,3.3708780498449795
M2,197,calibration_offset,2.643603734202853
M3,197,component_condition,1.9387989299347241
M4,197,bearing_degradation,0.8976190078154667
M4,197,vibration,0.8305388668298263
M4,197,temperature,42.02775797628855
M4,197,motor_current,5.39573435551212
M5,197,machine_health,1.8146748609482908
M5,197,defect_pressure,0.015955415290926634
M1,198,tool_wear,3.41553297824254
M2,198,calibration_offset,2.678509770466387
M3,198,component_condition,1.9540801696285985
M4,198,bearing_degradation,0.9141092438189735
M4,198,vibration,0.8425948837568167
M4,198,temperature,41.91377090284837
M4,198,motor_current,5.358866427115386
M5,198,machine_health,1.8299675614867978
M5,198,defect_pressure,0.01594874741947263
M1,199,tool_wear,3.4588737355368795
M2,199,calibration_offset,2.6982028306086936
M3,199,component_condition,1.9714471139044856
M4,199,bearing_degradation,0.9293007728044745
M4,199,vibration,0.8250879495092361
M4,199,temperature,42.22869550796562
M4,199,motor_current,5.273934607125272
M5,199,machine_health,1.853304509312911
M5,199,defect_pressure,0.015942479620305865
M1,200,tool_wear,0.0
M2,200,calibration_offset,0.0
M3,200,component_condition,0.0
M4,200,bearing_degradation,0.9406458910838219
M4,200,vibration,0.8357501501156958
M4,200,temperature,42.58735529171418
M4,200,motor_current,5.2945539117645195
M5,200,machine_health,0.0
M5,200,defect_pressure,0.015936587889089106
M1,201,tool_wear,0.02121052480579099
M2,201,calibration_offset,0.018252016745723673
M3,201,component_condition,0.025674765021504724
M4,201,bearing_degradation,0.9637327311936763
M4,201,vibration,0.8586949105083517
M4,201,temperature,42.32636844954411
M4,201,motor_current,5.390177133205072
M5,201,machine_health,0.010778760333753312
M5,201,defect_pressure,0.016954660968066384
M1,202,tool_wear,0.058112385327170196
M2,202,calibration_offset,0.054862847917432775
M3,202,component_condition,0.055488348162820035
M4,202,bearing_degradation,0.9878806711943349
M4,202,vibration,0.8840753156469129
M4,202,temperature,42.2274210834381
M4,202,motor_current,5.365128610295569
M5,202,machine_health,0.027616865895863117
M5,202,defect_pressure,0.017911649662305025
M1,203,tool_wear,0.1079813186121367
M2,203,calibration_offset,0.08610057116011896
M3,203,component_condition,0.07735151254360939
M4,203,bearing_degradation,1.011376397237683
M4,203,vibration,0.9223037202834418
M4,203,temperature,42.23196546531902
M4,203,motor_current,5.4423201363647955
M5,203,machine_health,0.05143454542687957
M5,203,defect_pressure,0.018811219034889345
M1,204,tool_wear,0.1362399650156925
M2,204,calibration_offset,0.11699907933078674
M3,204,component_condition,0.10145429545502066
M4,204,bearing_degradation,1.038123738833086
M4,204,vibration,0.8822223383909268
M4,204,temperature,42.031692961235144
M4,204,motor_current,5.419163825870737
M5,204,machine_health,0.07819764492665242
M5,204,defect_pressure,0.019656814245118608
M1,205,tool_wear,0.17231801738125604
M2,205,calibration_offset,0.14204625932805498
M3,205,component_condition,0.11699454594154024
M4,205,bearing_degradation,1.0599805424432482
M4,205,vibration,0.9094846830650004
M4,205,temperature,41.87771143903123
M4,205,motor_current,5.277341942929734
M5,205,machine_health,0.1003345840374552
M5,205,defect_pressure,0.020451673742734114
M1,206,tool_wear,0.212089379685223
M2,206,calibration_offset,0.17862118011202677
M3,206,component_condition,0.14174306765695377
M4,206,bearing_degradation,1.0899253004413203
M4,206,vibration,0.8889727207094674
M4,206,temperature,42.255337404735066
M4,206,motor_current,5.405999961874194
M5,206,machine_health,0.12728234264888266
M5,206,defect_pressure,0.021198841670492692
M1,207,tool_wear,0.23409987581775932
M2,207,calibration_offset,0.2140455277938227
M3,207,component_condition,0.15344513737934948
M4,207,bearing_degradation,1.104141162472321
M4,207,vibration,0.9145930426926956
M4,207,temperature,42.3425103396318
M4,207,motor_current,5.34016184035604
M5,207,machine_health,0.14022785391992448
M5,207,defect_pressure,0.021901179522585752
M1,208,tool_wear,0.2831327197758462
M2,208,calibration_offset,0.2360047398353891
M3,208,component_condition,0.16943280485345644
M4,208,bearing_degradation,1.1192704236926563
M4,208,vibration,0.9332401443244513
M4,208,temperature,42.54843695766386
M4,208,motor_current,5.30425761673632
M5,208,machine_health,0.1531662923915999
M5,208,defect_pressure,0.02256137710355323
M1,209,tool_wear,0.3077804791101495
M2,209,calibration_offset,0.26311818971238937
M3,209,component_condition,0.19550890266312593
M4,209,bearing_degradation,1.1393805989004535
M4,209,vibration,0.9201601181615013
M4,209,temperature,42.709806532885
M4,209,motor_current,5.353511293187314
M5,209,machine_health,0.17235797353587237
M5,209,defect_pressure,0.02318196282966266
M1,210,tool_wear,0.32948984092007055
M2,210,calibration_offset,0.28957897531567534
M3,210,component_condition,0.21885314940700956
M4,210,bearing_degradation,1.155658108834903
M4,210,vibration,0.9660655140703515
M4,210,temperature,42.989588159310486
M4,210,motor_current,5.502370564285227
M5,210,machine_health,0.18626130388024537
M5,210,defect_pressure,0.023765313412205523
M1,211,tool_wear,0.3642669130426695
M2,211,calibration_offset,0.32553473584272036
M3,211,component_condition,0.23698924542604402
M4,211,bearing_degradation,1.1809070480084003
M4,211,vibration,0.9349630219897597
M4,211,temperature,42.86275298730517
M4,211,motor_current,5.503606431935559
M5,211,machine_health,0.20784759321348412
M5,211,defect_pressure,0.02431366295979582
M1,212,tool_wear,0.39116171481659806
M2,212,calibration_offset,0.3498390672238928
M3,212,component_condition,0.25840679376283354
M4,212,bearing_degradation,1.195281244014872
M4,212,vibration,0.9463962755928305
M4,212,temperature,43.13048863271551
M4,212,motor_current,5.375489948937383
M5,212,machine_health,0.22927280261222605
M5,212,defect_pressure,0.02482911153453069
M1,213,tool_wear,0.43509368271704446
M2,213,calibration_offset,0.3670144976814625
M3,213,component_condition,0.2843253215057036
M4,213,bearing_degradation,1.209691329283585
M4,213,vibration,0.9556972851686512
M4,213,temperature,43.40479023221214
M4,213,motor_current,5.373325755797301
M5,213,machine_health,0.2566861832947364
M5,213,defect_pressure,0.02531363319478147
M1,214,tool_wear,0.47760165563520973
M2,214,calibration_offset,0.3934725875461519
M3,214,component_condition,0.30404793121000206
M4,214,bearing_degradation,1.2255205475534607
M4,214,vibration,0.9609623126419546
M4,214,temperature,43.27485536545638
M4,214,motor_current,5.510619102019586
M5,214,machine_health,0.2818976961438421
M5,214,defect_pressure,0.025769083555417203
M1,215,tool_wear,0.5105012120588415
M2,215,calibration_offset,0.43346153012741284
M3,215,component_condition,0.330598992255483
M4,215,bearing_degradation,1.2396095150027462
M4,215,vibration,0.9798849616125245
M4,215,temperature,43.325601137887304
M4,215,motor_current,5.456889158359202
M5,215,machine_health,0.30192320903635667
M5,215,defect_pressure,0.026197206894414793
M1,216,tool_wear,0.5470360109163326
M2,216,calibration_offset,0.46944104000192033
M3,216,component_condition,0.3495797676140855
M4,216,bearing_degradation,1.2641014807396989
M4,216,vibration,0.9667998922916043
M4,216,temperature,43.437263168325146
M4,216,motor_current,5.398645468292272
M5,216,machine_health,0.32795212456081574
M5,216,defect_pressure,0.026599642833072527
M1,217,tool_wear,0.5708005998203071
M2,217,calibration_offset,0.49036437312458653
M3,217,component_condition,0.3781626619583192
M4,217,bearing_degradation,1.2744845904507238
M4,217,vibration,1.042479692277565
M4,217,temperature,43.4907236112247
M4,217,motor_current,5.501118417024743
M5,217,machine_health,0.3385542020050421
M5,217,defect_pressure,0.026977932615410802
M1,218,tool_wear,0.6187967524530863
M2,218,calibration_offset,0.5206509634052281
M3,218,component_condition,0.4051248466586318
M4,218,bearing_degradation,1.2992659299695113
M4,218,vibration,0.9974528399603
M4,218,temperature,43.40040065435647
M4,218,motor_current,5.547415139578536
M5,218,machine_health,0.3626791252561473
M5,218,defect_pressure,0.027333525010808775
M1,219,tool_wear,0.6481531355259981
M2,219,calibration_offset,0.537624448478892
M3,219,component_condition,0.4219925807021847
M4,219,bearing_degradation,1.312980591409615
M4,219,vibration,1.0124431297191925
M4,219,temperature,43.71143310361294
M4,219,motor_current,5.37190489913121
M5,219,machine_health,0.3845833819386848
M5,219,defect_pressure,0.027667781862482872
M1,220,tool_wear,0.6815545713437536
M2,220,calibration_offset,0.5587909138740271
M3,220,component_condition,0.44701612344126557
M4,220,bearing_degradation,1.3410677869094922
M4,220,vibration,1.068167899494408
M4,220,temperature,43.896838998143664
M4,220,motor_current,5.380494829754414
M5,220,machine_health,0.4078538538169538
M5,220,defect_pressure,0.027981983303056526
M1,221,tool_wear,0.7280921779906421
M2,221,calibration_offset,0.5965202954753668
M3,221,component_condition,0.46244878706675296
M4,221,bearing_degradation,1.3579099393267642
M4,221,vibration,1.036159737708688
M4,221,temperature,44.11309758276037
M4,221,motor_current,5.39924669745891
M5,221,machine_health,0.42361276067047365
M5,221,defect_pressure,0.02827733265719576
M1,222,tool_wear,0.7659746366477913
M2,222,calibration_offset,0.6156304337023387
M3,222,component_condition,0.49049704773247504
M4,222,bearing_degradation,1.3810831664255596
M4,222,vibration,1.0955887580011718
M4,222,temperature,44.30870138479149
M4,222,motor_current,5.496700160030039
M5,222,machine_health,0.4416031363622124
M5,222,defect_pressure,0.02855496105008664
M1,223,tool_wear,0.8107711688735353
M2,223,calibration_offset,0.6332417966548425
M3,223,component_condition,0.5028712296426573
M4,223,bearing_degradation,1.3924278500273708
M4,223,vibration,1.0664558779611395
M4,223,temperature,44.43887960760038
M4,223,motor_current,5.393838436719017
M5,223,machine_health,0.45366843653971334
M5,223,defect_pressure,0.02881593173940407
M1,224,tool_wear,0.8396618972789339
M2,224,calibration_offset,0.6687103023919437
M3,224,component_condition,0.5322657022986168
M4,224,bearing_degradation,1.4034348405667578
M4,224,vibration,1.0166504620126635
M4,224,temperature,44.531228852578366
M4,224,motor_current,5.482787993085171
M5,224,machine_health,0.46872559890471555
M5,224,defect_pressure,0.029061244187362452
M1,225,tool_wear,0.8843684640772885
M2,225,calibration_offset,0.6956440623450038
M3,225,component_condition,0.5583799928119811
M4,225,bearing_degradation,1.415128607404264
M4,225,vibration,1.0627207550501465
M4,225,temperature,44.49192380889371
M4,225,motor_current,5.563476754672074
M5,225,machine_health,0.4948937136825894
M5,225,defect_pressure,0.029291837888443327
M1,226,tool_wear,0.9181421847758889
M2,226,calibration_offset,0.7339579343054865
M3,226,component_condition,0.582057321848688
M4,226,bearing_degradation,1.434640531240704
M4,226,vibration,1.0646310229965548
M4,226,temperature,44.269854874561624
M4,226,motor_current,5.533406106634377
M5,226,machine_health,0.5191887792114683
M5,226,defect_pressure,0.029508595967459354
M1,227,tool_wear,0.9416329393308238
M2,227,calibration_offset,0.7724199882608404
M3,227,component_condition,0.5991506459483896
M4,227,bearing_degradation,1.4613134114502075
M4,227,vibration,1.1159924650510822
M4,227,temperature,44.34836202260246
M4,227,motor_current,5.486151283034114
M5,227,machine_health,0.5362867328811994
M5,227,defect_pressure,0.029712348561734415
M1,228,tool_wear,0.981377734059751
M2,228,calibration_offset,0.7973014711466193
M3,228,component_condition,0.6256966889431346
M4,228,bearing_degradation,1.474677484565538
M4,228,vibration,1.1278040153940627
M4,228,temperature,44.390153373676895
M4,228,motor_current,5.462413246873308
M5,228,machine_health,0.5654490930595881
M5,228,defect_pressure,0.029903876000352977
M1,229,tool_wear,1.0294068574847757
M2,229,calibration_offset,0.8281868300681671
M3,229,component_condition,0.6507446465892104
M4,229,bearing_degradation,1.493246642642514
M4,229,vibration,1.1204483034613195
M4,229,temperature,44.59379493966468
M4,229,motor_current,5.451923576245443
M5,229,machine_health,0.5923424112413926
M5,229,defect_pressure,0.030083911792654426
M1,230,tool_wear,1.0768586794602923
M2,230,calibration_offset,0.8642921382003207
M3,230,component_condition,0.666914012219
M4,230,bearing_degradation,1.504032030927347
M4,230,vibration,1.0788126729053744
M4,230,temperature,44.289452481020376
M4,230,motor_current,5.622082168235943
M5,230,machine_health,0.6169098283281855
M5,230,defect_pressure,0.030253145437417785
M1,231,tool_wear,1.1210215807516717
M2,231,calibration_offset,0.8892974450965625
M3,231,component_condition,0.6967206582948731
M4,231,bearing_degradation,1.5272221505603736
M4,231,vibration,1.1296934159315621
M4,231,temperature,44.090906425359904
M4,231,motor_current,5.622233709390757
M5,231,machine_health,0.6313633499106472
M5,231,defect_pressure,0.030412225063495342
M1,232,tool_wear,1.1535373833086089
M2,232,calibration_offset,0.9085708551570837
M3,232,component_condition,0.7246799512318288
M4,232,bearing_degradation,1.5392270618348312
M4,232,vibration,1.0673500727971923
M4,232,temperature,44.24061511096074
M4,232,motor_current,5.559219360035509
M5,232,machine_health,0.6418375049835376
M5,232,defect_pressure,0.030561759912008248
M1,233,tool_wear,1.1776011694124495
M2,233,calibration_offset,0.945281093255757
M3,233,component_condition,0.7356924006772103
M4,233,bearing_degradation,1.5570849640126947
M4,233,vibration,1.0756992283628435
M4,233,temperature,44.333630524456005
M4,233,motor_current,5.447240244722248
M5,233,machine_health,0.6526426650437223
M5,233,defect_pressure,0.030702322669610378
M1,234,tool_wear,1.226815181813164
M2,234,calibration_offset,0.9671620727816822
M3,234,component_condition,0.7637772665053616
M4,234,bearing_degradation,1.5680964260891792
M4,234,vibration,1.1198506942308948
M4,234,temperature,44.570114523633755
M4,234,motor_current,5.6099635102038805
M5,234,machine_health,0.678988771287987
M5,234,defect_pressure,0.030834451661756378
M1,235,tool_wear,1.260316940995951
M2,235,calibration_offset,1.0039292841681182
M3,235,component_condition,0.7888266332570915
M4,235,bearing_degradation,1.5869385667827736
M4,235,vibration,1.1182155446119846
M4,235,temperature,44.525928030496566
M4,235,motor_current,5.561416615760018
M5,235,machine_health,0.7050974178739867
M5,235,defect_pressure,0.03095865291437362
M1,236,tool_wear,1.284794425088195
M2,236,calibration_offset,1.027956152326644
M3,236,component_condition,0.7999602419004082
M4,236,bearing_degradation,1.6108818406255332
M4,236,vibration,1.1136962705458615
M4,236,temperature,44.64150246838832
M4,236,motor_current,5.515774271806997
M5,236,machine_health,0.7210431619596133
M5,236,defect_pressure,0.031075402091833827
M1,237,tool_wear,1.3120103726435994
M2,237,calibration_offset,1.0636077694403512
M3,237,component_condition,0.8179000851445576
M4,237,bearing_degradation,1.6280913307283642
M4,237,vibration,1.1683636148142589
M4,237,temperature,44.52816598595705
M4,237,motor_current,5.486077892716262
M5,237,machine_health,0.7508115818388829
M5,237,defect_pressure,0.03118514631864642
M1,238,tool_wear,1.3517930615060594
M2,238,calibration_offset,1.100260308074797
M3,238,component_condition,0.8402878845318876
M4,238,bearing_degradation,1.6446970240784058
M4,238,vibration,1.164301991299816
M4,238,temperature,44.77910321139394
M4,238,motor_current,5.515949634028704
M5,238,machine_health,0.7772770460924835
M5,238,defect_pressure,0.031288305891850256
M1,239,tool_wear,1.3722790734262433
M2,239,calibration_offset,1.1162637795519312
M3,239,component_condition,0.8561692337754232
M4,239,bearing_degradation,1.6597575508968108
M4,239,vibration,1.2004592586759448
M4,239,temperature,44.56082571081807
M4,239,motor_current,5.506106182089755
M5,239,machine_health,0.8042147905810626
M5,239,defect_pressure,0.03138527589066186
M1,240,tool_wear,1.4101063282455013
M2,240,calibration_offset,1.1483270910403742
M3,240,component_condition,0.8716876876630342
M4,240,bearing_degradation,1.683604637019899
M4,240,vibration,1.1467751370728922
M4,240,temperature,44.685022632814906
M4,240,motor_current,5.63867727638277
M5,240,machine_health,0.8168342654409461
M5,240,defect_pressure,0.03147642768954477
M1,241,tool_wear,1.431456232882564
M2,241,calibration_offset,1.1718600571891256
M3,241,component_condition,0.8883271177577511
M4,241,bearing_degradation,1.6952366114199957
M4,241,vibration,1.1539538036814767
M4,241,temperature,44.44180269745206
M4,241,motor_current,5.619607879206648
M5,241,machine_health,0.8303272091588727
M5,241,defect_pressure,0.03156211038049471
M1,242,tool_wear,1.480415314591476
M2,242,calibration_offset,1.2091196652105072
M3,242,component_condition,0.9083326884619063
M4,242,bearing_degradation,1.7172548515331774
M4,242,vibration,1.1709977977568269
M4,242,temperature,44.76315972311342
M4,242,motor_current,5.5823573055085065
M5,242,machine_health,0.846194277587693
M5,242,defect_pressure,0.03164265210998765
M1,243,tool_wear,1.527423237927538
M2,243,calibration_offset,1.2410286919073252
M3,243,component_condition,0.924249170411837
M4,243,bearing_degradation,1.7316126791257123
M4,243,vibration,1.2088285301616848
M4,243,temperature,44.88655451439911
M4,243,motor_current,5.624756714234944
M5,243,machine_health,0.8626648858374028
M5,243,defect_pressure,0.031718361335711015
M1,244,tool_wear,1.5577051656903753
M2,244,calibration_offset,1.2583891643488372
M3,244,component_condition,0.947244931347123
M4,244,bearing_degradation,1.7561914631278155
M4,244,vibration,1.230458673652133
M4,244,temperature,44.6956876752722
M4,244,motor_current,5.514673155863812
M5,244,machine_health,0.877754512469768
M5,244,defect_pressure,0.03178952800789098
M1,245,tool_wear,1.6032396877531547
M2,245,calibration_offset,1.2875327881141694
M3,245,component_condition,0.968222387377975
M4,245,bearing_degradation,1.7739659900853464
M4,245,vibration,1.1836163083791753
M4,245,temperature,44.51528786990761
M4,245,motor_current,5.58387178544765
M5,245,machine_health,0.9075012356413589
M5,245,defect_pressure,0.03185642467974014
M1,246,tool_wear,1.649448243615271
M2,246,calibration_offset,1.3171006493477864
M3,246,component_condition,0.9843372665269208
M4,246,bearing_degradation,1.7976098238704483
M4,246,vibration,1.2005678730131244
M4,246,temperature,44.38296798455996
M4,246,motor_current,5.655642689647759
M5,246,machine_health,0.9313696782024851
M5,246,defect_pressure,0.03191930755127836
M1,247,tool_wear,1.6956340262622411
M2,247,calibration_offset,1.3503568790860256
M3,247,component_condition,0.994851059424309
M4,247,bearing_degradation,1.8199519427590214
M4,247,vibration,1.262976710153929
M4,247,temperature,44.30840419895537
M4,247,motor_current,5.562093137945353
M5,247,machine_health,0.9509394996046289
M5,247,defect_pressure,0.03197841745052428
M1,248,tool_wear,1.7182149909732294
M2,248,calibration_offset,1.3679939647725516
M3,248,component_condition,1.0095258752650438
M4,248,bearing_degradation,1.8307835219559532
M4,248,vibration,1.2321264031371855
M4,248,temperature,44.54038508290824
M4,248,motor_current,5.59123661809852
M5,248,machine_health,0.9788982054735036
M5,248,defect_pressure,0.03203398075581545
M1,249,tool_wear,1.760121642505947
M2,249,calibration_offset,1.3990181029750206
M3,249,component_condition,1.033560640742589
M4,249,bearing_degradation,1.8590103057575258
M4,249,vibration,1.1956975340856837
M4,249,temperature,44.533513557094366
M4,249,motor_current,5.562029886570664
M5,249,machine_health,0.9955252498482299
M5,249,defect_pressure,0.03208621026278915
M1,250,tool_wear,1.80280925624862
M2,250,calibration_offset,1.4243250961708123
M3,250,component_condition,1.0459695875425203
M4,250,bearing_degradation,1.8765670900320695
M4,250,vibration,1.206830512375706
M4,250,temperature,44.54671548878029
M4,250,motor_current,5.657984812375136
M5,250,machine_health,1.025480237628434
M5,250,defect_pressure,0.03213530599934442
M1,251,tool_wear,1.834830381253654
M2,251,calibration_offset,1.4614069362064679
M3,251,component_condition,1.0691633930011297
M4,251,bearing_degradation,1.8877960158346851
M4,251,vibration,1.2864907407060968
M4,251,temperature,44.922685116380315
M4,251,motor_current,5.690481682774017
M5,251,machine_health,1.045028561418041
M5,251,defect_pressure,0.03218145599170638
M1,252,tool_wear,1.8668742346263252
M2,252,calibration_offset,1.4795775367702284
M3,252,component_condition,1.0938507065309742
M4,252,bearing_degradation,1.9088433385910297
M4,252,vibration,1.273060308708352
M4,252,temperature,45.2262174430879
M4,252,motor_current,5.683491490990397
M5,252,machine_health,1.0658341392817894
M5,252,defect_pressure,0.03222483698452662
M1,253,tool_wear,1.914114790988975
M2,253,calibration_offset,1.5019856818177235
M3,253,component_condition,1.1125061362178106
M4,253,bearing_degradation,1.937634710371533
M4,253,vibration,1.3005672458931328
M4,253,temperature,45.33686046286076
M4,253,motor_current,5.743859882817834
M5,253,machine_health,1.0884360018190227
M5,253,defect_pressure,0.032265615117777646
M1,254,tool_wear,1.9424268684803772
M2,254,calibration_offset,1.5200943278534953
M3,254,component_condition,1.1260492066822632
M4,254,bearing_degradation,1.9557431668743162
M4,254,vibration,1.283925596669494
M4,254,temperature,45.43828450218276
M4,254,motor_current,5.771697558055723
M5,254,machine_health,1.1146295025443405
M5,254,defect_pressure,0.03230394656303361
M1,255,tool_wear,1.9919025066480582
M2,255,calibration_offset,1.5554539973352144
M3,255,component_condition,1.14484631947654
M4,255,bearing_degradation,1.9668344750399702
M4,255,vibration,1.2966799039818597
M4,255,temperature,45.72594836014288
M4,255,motor_current,5.6650351394534395
M5,255,machine_health,1.125596756765316
M5,255,defect_pressure,0.03233997812157422
M1,256,tool_wear,2.029542520550947
M2,256,calibration_offset,1.590448581446359
M3,256,component_condition,1.1674754953282003
M4,256,bearing_degradation,1.9851172964042836
M4,256,vibration,1.3398415045543273
M4,256,temperature,45.77355700797719
M4,256,motor_current,5.715808957449607
M5,256,machine_health,1.1470289097549748
M5,256,defect_pressure,0.03237384778660239
M1,257,tool_wear,2.06767330014239
M2,257,calibration_offset,1.6185336157194092
M3,257,component_condition,1.1790776098603923
M4,257,bearing_degradation,1.9988064774254812
M4,257,vibration,1.2697519858860127
M4,257,temperature,45.72786748463351
M4,257,motor_current,5.609812308222998
M5,257,machine_health,1.1666947954543014
M5,257,defect_pressure,0.03240568527172887
M1,258,tool_wear,2.092033100915005
M2,258,calibration_offset,1.635084651143323
M3,258,component_condition,1.2003979783581487
M4,258,bearing_degradation,2.028002297833578
M4,258,vibration,1.2660704039734243
M4,258,temperature,45.52228603638867
M4,258,motor_current,5.618613976555828
M5,258,machine_health,1.18960623908285
M5,258,defect_pressure,0.03243561250774776
M1,259,tool_wear,2.1372980622145166
M2,259,calibration_offset,1.6520143393989848
M3,259,component_condition,1.2128636539441275
M4,259,bearing_degradation,2.045165092164161
M4,259,vibration,1.3670165702040968
M4,259,temperature,45.69419550975426
M4,259,motor_current,5.805603915666857
M5,259,machine_health,1.210700875148497
M5,259,defect_pressure,0.03246374410960552
M1,260,tool_wear,2.177411092228424
M2,260,calibration_offset,1.677284059648975
M3,260,component_condition,1.2233437548410253
M4,260,bearing_degradation,2.0571335759461884
M4,260,vibration,1.3685254737674104
M4,260,temperature,45.801531866587986
M4,260,motor_current,5.7657280084284865
M5,260,machine_health,1.2254393550264313
M5,260,defect_pressure,0.03249018781535182
M1,261,tool_wear,2.221336513587319
M2,261,calibration_offset,1.705957281548612
M3,261,component_condition,1.2347984537965986
M4,261,bearing_degradation,2.082782092190444
M4,261,vibration,1.3823642988923748
M4,261,temperature,45.69061561644061
M4,261,motor_current,5.803835199094071
M5,261,machine_health,1.2434260066304157
M5,261,defect_pressure,0.032515044898753336
M1,262,tool_wear,2.2467632706286857
M2,262,calibration_offset,1.7293120994029396
M3,262,component_condition,1.2563656490589294
M4,262,bearing_degradation,2.110110555861238
M4,262,vibration,1.300005954878961
M4,262,temperature,45.869817553378766
M4,262,motor_current,5.666536169895786
M5,262,machine_health,1.2614807963253523
M5,262,defect_pressure,0.03253841055715076
M1,263,tool_wear,2.2708197900400715
M2,263,calibration_offset,1.75421212356258
M3,263,component_condition,1.2853511111838418
M4,263,bearing_degradation,2.139941211377786
M4,263,vibration,1.3268080235519661
M4,263,temperature,45.838081763872665
M4,263,motor_current,5.782823229967198
M5,263,machine_health,1.2786370213120641
M5,263,defect_pressure,0.032560374276044336
M1,264,tool_wear,2.2956635250619986
M2,264,calibration_offset,1.7830489179678264
M3,264,component_condition,1.3101965390288877
M4,264,bearing_degradation,2.1655454643484986
M4,264,vibration,1.3726074778449395
M4,264,temperature,45.76063468629646
M4,264,motor_current,5.796931536390583
M5,264,machine_health,1.3033375250358605
M5,264,defect_pressure,0.0325810201718043
M1,265,tool_wear,2.3196589888320243
M2,265,calibration_offset,1.8085264047907534
M3,265,component_condition,1.3259602295480784
M4,265,bearing_degradation,2.1812579841197435
M4,265,vibration,1.3959640237189508
M4,265,temperature,45.553316372065034
M4,265,motor_current,5.7804058567030685
M5,265,machine_health,1.3227705148508724
M5,265,defect_pressure,0.03260042731381867
M1,266,tool_wear,2.356174939249911
M2,266,calibration_offset,1.8365608303275969
M3,266,component_condition,1.3364115197821853
M4,266,bearing_degradation,2.2090711532289804
M4,266,vibration,1.3933229836329095
M4,266,temperature,45.84680273480305
M4,266,motor_current,5.759109576301173
M5,266,machine_health,1.3442129741253166
M5,266,defect_pressure,0.03261867002731217
M1,267,tool_wear,2.382134276556833
M2,267,calibration_offset,1.8592212165613728
M3,267,component_condition,1.3549415147270225
M4,267,bearing_degradation,2.2208269179701436
M4,267,vibration,1.3555137132238233
M4,267,temperature,45.93921703553799
M4,267,motor_current,5.720088357029213
M5,267,machine_health,1.370450296605524
M5,267,defect_pressure,0.03263581817799606
M1,268,tool_wear,2.4222005724880535
M2,268,calibration_offset,1.8975400400378808
M3,268,component_condition,1.3826649406081424
M4,268,bearing_degradation,2.2440874620446065
M4,268,vibration,1.4155416452674063
M4,268,temperature,46.27756581258748
M4,268,motor_current,5.884820495197946
M5,268,machine_health,1.398045344651411
M5,268,defect_pressure,0.03265193743963892
M1,269,tool_wear,2.469122144011965
M2,269,calibration_offset,1.9180563165284246
M3,269,component_condition,1.402666105791964
M4,269,bearing_degradation,2.2692482704648307
M4,269,vibration,1.4336998626821422
M4,269,temperature,46.218142527413164
M4,269,motor_current,5.776373421264747
M5,269,machine_health,1.4209573961925792
M5,269,defect_pressure,0.03266708954558321
M1,270,tool_wear,2.512578871401872
M2,270,calibration_offset,1.9503477078250882
M3,270,component_condition,1.4152804522637592
M4,270,bearing_degradation,2.290749481934007
M4,270,vibration,1.3869815820869424
M4,270,temperature,46.28622668425366
M4,270,motor_current,5.764200265990729
M5,270,machine_health,1.445861691046396
M5,270,defect_pressure,0.03268133252517084
M1,271,tool_wear,2.5406537185316207
M2,271,calibration_offset,1.984932388324984
M3,271,component_condition,1.4403060307512345
M4,271,bearing_degradation,2.304405749704791
M4,271,vibration,1.4673914880332526
M4,271,temperature,46.274931604997406
M4,271,motor_current,5.774390144631444
M5,271,machine_health,1.4580419633592145
M5,271,defect_pressure,0.03269472092598321
M1,272,tool_wear,2.5849185082363713
M2,272,calibration_offset,2.0074940462615207
M3,272,component_condition,1.465599049758932
M4,272,bearing_degradation,2.3333062309964023
M4,272,vibration,1.4515765402752767
M4,272,temperature,46.246400423261285
M4,272,motor_current,5.816773044334907
M5,272,machine_health,1.470441022193834
M5,272,defect_pressure,0.032707306022746845
M1,273,tool_wear,2.630761049619237
M2,273,calibration_offset,2.0463037150714887
M3,273,component_condition,1.4906355526780657
M4,273,bearing_degradation,2.349564621956979
M4,273,vibration,1.475676494237947
M4,273,temperature,46.10564190958397
M4,273,motor_current,5.863355798955661
M5,273,machine_health,1.485487316916537
M5,273,defect_pressure,0.03271913601370466
M1,274,tool_wear,2.652370093364862
M2,274,calibration_offset,2.073190607952307
M3,274,component_condition,1.5040011244482199
M4,274,bearing_degradation,2.363348537804786
M4,274,vibration,1.467377814980559
M4,274,temperature,46.21075046306071
M4,274,motor_current,5.848034584679739
M5,274,machine_health,1.512078571230198
M5,274,defect_pressure,0.032730256205205005
M1,275,tool_wear,2.697535709221984
M2,275,calibration_offset,2.1056162121024147
M3,275,component_condition,1.528508556452917
M4,275,bearing_degradation,2.391076145043989
M4,275,vibration,1.4111501281873333
M4,275,temperature,46.58384823205307
M4,275,motor_current,5.872709164429309
M5,275,machine_health,1.5270544070049816
M5,275,defect_pressure,0.03274070918521533
M1,276,tool_wear,2.740800868123554
M2,276,calibration_offset,2.124097563872032
M3,276,component_condition,1.5580241328238957
M4,276,bearing_degradation,2.4079579774009776
M4,276,vibration,1.4652375746908768
M4,276,temperature,46.612249732122635
M4,276,motor_current,5.918768217435745
M5,276,machine_health,1.5398218388993927
M5,276,defect_pressure,0.03275053498642503
M1,277,tool_wear,2.7630017901473423
M2,277,calibration_offset,2.1539817231259537
M3,277,component_condition,1.5837254112448242
M4,277,bearing_degradation,2.430932919678878
M4,277,vibration,1.4642701452495035
M4,277,temperature,46.655121804764356
M4,277,motor_current,5.802155963324827
M5,277,machine_health,1.5562389297543895
M5,277,defect_pressure,0.032759771239562155
M1,278,tool_wear,2.7960596585370388
M2,278,calibration_offset,2.177607144124068
M3,278,component_condition,1.602099314111378
M4,278,bearing_degradation,2.459232950433828
M4,278,vibration,1.5180811212966243
M4,278,temperature,46.87275484831024
M4,278,motor_current,5.794294451781045
M5,278,machine_health,1.580719513529848
M5,278,defect_pressure,0.03276845331751105
M1,279,tool_wear,2.81963387869692
M2,279,calibration_offset,2.2013279418105336
M3,279,component_condition,1.626473676376622
M4,279,bearing_degradation,2.4891195564875424
M4,279,vibration,1.468920657486572
M4,279,temperature,46.66451354537055
M4,279,motor_current,5.809166910589823
M5,279,machine_health,1.6067675492188744
M5,279,defect_pressure,0.03277661447078301
M1,280,tool_wear,2.859901481903943
M2,280,calibration_offset,2.2378640839610666
M3,280,component_condition,1.652034602506286
M4,280,bearing_degradation,2.508784198005051
M4,280,vibration,1.5522032737408502
M4,280,temperature,46.903439066958455
M4,280,motor_current,5.827795446224429
M5,280,machine_health,1.6339181613739129
M5,280,defect_pressure,0.032784285954858654
M1,281,tool_wear,2.890268869480068
M2,281,calibration_offset,2.2629511081867415
M3,281,component_condition,1.6687812146832013
M4,281,bearing_degradation,2.5249405810055734
M4,281,vibration,1.4840927538330055
M4,281,temperature,46.81071775120545
M4,281,motor_current,5.797366527305043
M5,281,machine_health,1.6497453828306679
M5,281,defect_pressure,0.032791497149889756
M1,282,tool_wear,2.936546017230065
M2,282,calibration_offset,2.290275032478138
M3,282,component_condition,1.6978492722708431
M4,282,bearing_degradation,2.5409019050289734
M4,282,vibration,1.4984008906256108
M4,282,temperature,46.69048865355704
M4,282,motor_current,5.94594795294488
M5,282,machine_health,1.6622223033647843
M5,282,defect_pressure,0.032798275673218996
M1,283,tool_wear,2.962249880219626
M2,283,calibration_offset,2.3188908042558163
M3,283,component_condition,1.712788495610681
M4,283,bearing_degradation,2.5679807626718105
M4,283,vibration,1.4785151863592536
M4,283,temperature,46.79890229094457
M4,283,motor_current,5.952681782819445
M5,283,machine_health,1.688614800755737
M5,283,defect_pressure,0.03280464748514848
M1,284,tool_wear,2.9907754090909777
M2,284,calibration_offset,2.343317152530859
M3,284,component_condition,1.7259860908780098
M4,284,bearing_degradation,2.5841869323139015
M4,284,vibration,1.534009285986176
M4,284,temperature,47.072132478458364
M4,284,motor_current,5.952359272957612
M5,284,machine_health,1.7095557076680488
M5,284,defect_pressure,0.032810636988362195
M1,285,tool_wear,3.0231809049996765
M2,285,calibration_offset,2.365166855017608
M3,285,component_condition,1.7430326319630607
M4,285,bearing_degradation,2.6020312881825722
M4,285,vibration,1.585590485069952
M4,285,temperature,46.93024805518961
M4,285,motor_current,5.963414119597543
M5,285,machine_health,1.7271880376502315
M5,285,defect_pressure,0.03281626712138309
M1,286,tool_wear,3.0620109713144408
M2,286,calibration_offset,2.383817380500032
M3,286,component_condition,1.7707820107673182
M4,286,bearing_degradation,2.6134120269207997
M4,286,vibration,1.528843714957388
M4,286,temperature,46.909468732601184
M4,286,motor_current,5.941823273812802
M5,286,machine_health,1.7491173791585024
M5,286,defect_pressure,0.032821559446422725
M1,287,tool_wear,3.085979032767395
M2,287,calibration_offset,2.4047544631292666
M3,287,component_condition,1.7928009204580726
M4,287,bearing_degradation,2.6398919799583993
M4,287,vibration,1.5263655580989357
M4,287,temperature,46.99191390183948
M4,287,motor_current,5.984149937293726
M5,287,machine_health,1.7767910585122622
M5,287,defect_pressure,0.03282653423195998
M1,288,tool_wear,3.106739490895313
M2,288,calibration_offset,2.427656995917941
M3,288,component_condition,1.8076169967795361
M4,288,bearing_degradation,2.6528352449802983
M4,288,vibration,1.5409318215417036
M4,288,temperature,46.842428785485716
M4,288,motor_current,6.010657588680368
M5,288,machine_health,1.789256007674913
M5,288,defect_pressure,0.03283121053036501
M1,289,tool_wear,3.1315903274935324
M2,289,calibration_offset,2.4478018553426764
M3,289,component_condition,1.8353065713314713
M4,289,bearing_degradation,2.6667444049876665
M4,289,vibration,1.5333206982002325
M4,289,temperature,47.208102719102754
M4,289,motor_current,5.89892818151569
M5,289,machine_health,1.8060324773233694
M5,289,defect_pressure,0.032835606250865734
M1,290,tool_wear,3.169513204770735
M2,290,calibration_offset,2.4640420030514134
M3,290,component_condition,1.8498461421209018
M4,290,bearing_degradation,2.685219807386285
M4,290,vibration,1.5583011829657034
M4,290,temperature,47.5697888286909
M4,290,motor_current,5.928797419150707
M5,290,machine_health,1.834223446783612
M5,290,defect_pressure,0.03283973822813641
M1,291,tool_wear,3.2138674063212616
M2,291,calibration_offset,2.489884361334423
M3,291,component_condition,1.8757248447899388
M4,291,bearing_degradation,2.710052353135323
M4,291,vibration,1.6145306724582427
M4,291,temperature,47.8328494411004
M4,291,motor_current,5.927528991168722
M5,291,machine_health,1.8576985713792937
M5,291,defect_pressure,0.03284362228677085
M1,292,tool_wear,3.2445768792053213
M2,292,calibration_offset,2.509544856455772
M3,292,component_condition,1.8898061325608708
M4,292,bearing_degradation,2.7297043778485532
M4,292,vibration,1.5634848951787286
M4,292,temperature,48.148838524567104
M4,292,motor_current,5.998421536210371
M5,292,machine_health,1.8772005781931282
M5,292,defect_pressure,0.03284727330188723
M1,293,tool_wear,3.2857952465624916
M2,293,calibration_offset,2.5357130181733383
M3,293,component_condition,1.8998250008662234
M4,293,bearing_degradation,2.7445514517512883
M4,293,vibration,1.6141516516509156
M4,293,temperature,48.36077992691555
M4,293,motor_current,5.970725099960263
M5,293,machine_health,1.89920560639512
M5,293,defect_pressure,0.03285070525609662
M1,294,tool_wear,3.335057557593034
M2,294,calibration_offset,2.5592540459906035
M3,294,component_condition,1.9277729472326552
M4,294,bearing_degradation,2.7708663593638105
M4,294,vibration,1.6180777815785954
M4,294,temperature,48.29214315419961
M4,294,motor_current,5.964490357652338
M5,294,machine_health,1.9265986000913633
M5,294,defect_pressure,0.032853931293053446
M1,295,tool_wear,3.380483986584676
M2,295,calibration_offset,2.5850127092999085
M3,295,component_condition,1.9484799025938884
M4,295,bearing_degradation,2.785101276604859
M4,295,vibration,1.5681902431929344
M4,295,temperature,48.19169974287855
M4,295,motor_current,5.9867343790784355
M5,295,machine_health,1.9453065265593583
M5,295,defect_pressure,0.03285696376779286
M1,296,tool_wear,3.4283889426705527
M2,296,calibration_offset,2.6064853161697368
M3,296,component_condition,1.960905962553999
M4,296,bearing_degradation,2.806389608360454
M4,296,vibration,1.6326141630428952
M4,296,temperature,48.014199849308646
M4,296,motor_current,5.958183843890488
M5,296,machine_health,1.9698591493133522
M5,296,defect_pressure,0.03285981429404791
M1,297,tool_wear,3.4661404517373247
M2,297,calibration_offset,2.6381524574670494
M3,297,component_condition,1.9807016799137638
M4,297,bearing_degradation,2.8267758622133
M4,297,vibration,1.6004659354531678
M4,297,temperature,48.243917261457995
M4,297,motor_current,5.926526942714396
M5,297,machine_health,1.9930252981034733
M5,297,defect_pressure,0.03286249378872766
M1,298,tool_wear,3.502885587254038
M2,298,calibration_offset,2.676474149720215
M3,298,component_condition,1.997259359794129
M4,298,bearing_degradation,2.846271242334173
M4,298,vibration,1.6221408363607026
M4,298,temperature,48.52572843907398
M4,298,motor_current,5.898595540271497
M5,298,machine_health,2.012725657853954
M5,298,defect_pressure,0.03286501251372662
M1,299,tool_wear,3.5384259001953207
M2,299,calibration_offset,2.697389394287903
M3,299,component_condition,2.0087572766341686
M4,299,bearing_degradation,2.861067641378305
M4,299,vibration,1.613922883701185
M4,299,temperature,48.53442275833016
M4,299,motor_current,6.055123100754909
M5,299,machine_health,2.0251098667107654
M5,299,defect_pressure,0.03286738011522565
M1,300,tool_wear,0.0
M2,300,calibration_offset,0.0
M3,300,component_condition,0.0
M4,300,bearing_degradation,0.0
M4,300,vibration,0.5077613080637133
M4,300,temperature,47.72352471474843
M4,300,motor_current,4.966485338434873
M5,300,machine_health,0.0
M5,300,defect_pressure,0.03286960566063474
M1,301,tool_wear,0.048988228932445574
M2,301,calibration_offset,0.03662677748438485
M3,301,component_condition,0.01570411605360828
M4,301,bearing_degradation,0.01964034679553865
M4,301,vibration,0.5336337947557312
M4,301,temperature,46.826215360670595
M4,301,motor_current,4.970482043717342
M5,301,machine_health,0.019712685968266808
M5,301,defect_pressure,0.03349570761495452
M1,302,tool_wear,0.08538044115880954
M2,302,calibration_offset,0.060208664710996056
M3,302,component_condition,0.03599895992874388
M4,302,bearing_degradation,0.048914050569279624
M4,302,vibration,0.507264236956396
M4,302,temperature,46.22019587703402
M4,302,motor_current,4.933062932336705
M5,302,machine_health,0.0412259910282152
M5,302,defect_pressure,0.03408424345201511
M1,303,tool_wear,0.1283708575519491
M2,303,calibration_offset,0.09720460840953275
M3,303,component_condition,0.058469066153690616
M4,303,bearing_degradation,0.06294994953432877
M4,303,vibration,0.5660626295854178
M4,303,temperature,45.773301314563405
M4,303,motor_current,5.057312156119016
M5,303,machine_health,0.06635501278799344
M5,303,defect_pressure,0.034637467138852074
M1,304,tool_wear,0.16686951689690735
M2,304,calibration_offset,0.12035886476273909
M3,304,component_condition,0.0881621557055074
M4,304,bearing_degradation,0.07702064701206669
M4,304,vibration,0.5577143721207991
M4,304,temperature,45.17438077277379
M4,304,motor_current,5.040040414404731
M5,304,machine_health,0.08527152378453376
M5,304,defect_pressure,0.035157497404478814
M1,305,tool_wear,0.18947071392477655
M2,305,calibration_offset,0.15818960691972084
M3,305,component_condition,0.10083606879349612
M4,305,bearing_degradation,0.10584733486780473
M4,305,vibration,0.5600006573023725
M4,305,temperature,44.606739255156405
M4,305,motor_current,5.124682801708675
M5,305,machine_health,0.10928769214456857
M5,305,defect_pressure,0.03564632585416795
M1,306,tool_wear,0.21561478619646282
M2,306,calibration_offset,0.1916532582546449
M3,306,component_condition,0.11649137793469809
M4,306,bearing_degradation,0.1287028831374033
M4,306,vibration,0.5732487690343112
M4,306,temperature,44.47064677697099
M4,306,motor_current,5.020486365589619
M5,306,machine_health,0.13667836558086816
M5,306,defect_pressure,0.03610582459687574
M1,307,tool_wear,0.2421779374487892
M2,307,calibration_offset,0.22555806410731444
M3,307,component_condition,0.13538284795608665
M4,307,bearing_degradation,0.13987204288214083
M4,307,vibration,0.535941756900163
M4,307,temperature,44.050128911059595
M4,307,motor_current,4.982559225447285
M5,307,machine_health,0.14782620245463363
M5,307,defect_pressure,0.03653775341502106
M1,308,tool_wear,0.2667302248373808
M2,308,calibration_offset,0.2571765442300856
M3,308,component_condition,0.1535974788259069
M4,308,bearing_degradation,0.16370644516483462
M4,308,vibration,0.5816168459604063
M4,308,temperature,43.417268479898894
M4,308,motor_current,5.030947277286719
M5,308,machine_health,0.16786511055727046
M5,308,defect_pressure,0.03694376650407766
M1,309,tool_wear,0.30419232877110747
M2,309,calibration_offset,0.2937857008914849
M3,309,component_condition,0.17131849753894363
M4,309,bearing_degradation,0.17537090648899606
M4,309,vibration,0.6064443249269003
M4,309,temperature,43.116488868357465
M4,309,motor_current,4.975130598555647
M5,309,machine_health,0.19542009865452295
M5,309,defect_pressure,0.03732541880779086
M1,310,tool_wear,0.34092298950667105
M2,310,calibration_offset,0.33308183342462205
M3,310,component_condition,0.19070663437872878
M4,310,bearing_degradation,0.18922443441873008
M4,310,vibration,0.5385968984605801
M4,310,temperature,42.74032295088146
M4,310,motor_current,5.1222381694545644
M5,310,machine_health,0.20874379864671794
M5,310,defect_pressure,0.03768417197328128
M1,311,tool_wear,0.3712137908843718
M2,311,calibration_offset,0.36021259481875595
M3,311,component_condition,0.2099137418414253
M4,311,bearing_degradation,0.20022794142512956
M4,311,vibration,0.5397606325488086
M4,311,temperature,42.65863308309851
M4,311,motor_current,5.026444780157889
M5,311,machine_health,0.21918073288644196
M5,311,defect_pressure,0.038021399948842266
M1,312,tool_wear,0.40524540936350634
M2,312,calibration_offset,0.3859213898329771
M3,312,component_condition,0.22012400633225837
M4,312,bearing_degradation,0.21888473984627302
M4,312,vibration,0.591108143248289
M4,312,temperature,42.444625232313136
M4,312,motor_current,5.054451382670884
M5,312,machine_health,0.23589706017927264
M5,312,defect_pressure,0.03833839424586959
M1,313,tool_wear,0.4541071643317469
M2,313,calibration_offset,0.41224200996508525
M3,313,component_condition,0.23298029242171572
M4,313,bearing_degradation,0.23446490565322894
M4,313,vibration,0.5842828209989104
M4,313,temperature,42.56977794226718
M4,313,motor_current,4.993055978346594
M5,313,machine_health,0.24898747677908303
M5,313,defect_pressure,0.03863636888507528
M1,314,tool_wear,0.48187093658268265
M2,314,calibration_offset,0.4294161854714836
M3,314,component_condition,0.26187444005516536
M4,314,bearing_degradation,0.26265681347544784
M4,314,vibration,0.5556811076542688
M4,314,temperature,42.57800733428565
M4,314,motor_current,5.181603795274191
M5,314,machine_health,0.27820240283451014
M5,314,defect_pressure,0.03891646504592863
M1,315,tool_wear,0.5095998965455886
M2,315,calibration_offset,0.4617389082471028
M3,315,component_condition,0.27762466404284053
M4,315,bearing_degradation,0.2807697186643926
M4,315,vibration,0.5792240768499991
M4,315,temperature,42.69091145436671
M4,315,motor_current,5.168932838865854
M5,315,machine_health,0.2927476239057034
M5,315,defect_pressure,0.03917975543713078
M1,316,tool_wear,0.5450549073971862
M2,316,calibration_offset,0.49202244965329595
M3,316,component_condition,0.2910339142744734
M4,316,bearing_degradation,0.29940586056654817
M4,316,vibration,0.6479403268194919
M4,316,temperature,42.50214588639805
M4,316,motor_current,5.1635949412514845
M5,316,machine_health,0.31894719877937283
M5,316,defect_pressure,0.039427248404860796
M1,317,tool_wear,0.5801899951188313
M2,317,calibration_offset,0.5072496255270763
M3,317,component_condition,0.3099442705643366
M4,317,bearing_degradation,0.32667449212233585
M4,317,vibration,0.5946148204694504
M4,317,temperature,42.3914575232726
M4,317,motor_current,5.187931997588998
M5,317,machine_health,0.336388070135617
M5,317,defect_pressure,0.039659891794527016
M1,318,tool_wear,0.612024376843997
M2,318,calibration_offset,0.5283495080858881
M3,318,component_condition,0.3248969034257654
M4,318,bearing_degradation,0.356006936540258
M4,318,vibration,0.6367466848997075
M4,318,temperature,42.151712079291954
M4,318,motor_current,5.129821230439399
M5,318,machine_health,0.3611175336279985
M5,318,defect_pressure,0.03987857658081326
M1,319,tool_wear,0.6436130079983634
M2,319,calibration_offset,0.5512403384700669
M3,319,component_condition,0.3387420617951272
M4,319,bearing_degradation,0.374229204880155
M4,319,vibration,0.6441629596378955
M4,319,temperature,42.094736626797484
M4,319,motor_current,5.227648375390899
M5,319,machine_health,0.38543722749883297
M5,319,defect_pressure,0.040084140279922326
M1,320,tool_wear,0.6839191762731907
M2,320,calibration_offset,0.5811439047088144
M3,320,component_condition,0.36557450194598273
M4,320,bearing_degradation,0.3934357858930103
M4,320,vibration,0.6291331083503686
M4,320,temperature,41.78356058688202
M4,320,motor_current,5.228363958579028
M5,320,machine_health,0.4023936744474939
M5,320,defect_pressure,0.04027737015708485
M1,321,tool_wear,0.70768848104556
M2,321,calibration_offset,0.602112698985965
M3,321,component_condition,0.38965513099781585
M4,321,bearing_degradation,0.41125413442983355
M4,321,vibration,0.7121473067154745
M4,321,temperature,42.00138058265021
M4,321,motor_current,5.203966463600858
M5,321,machine_health,0.4187317572019064
M5,321,defect_pressure,0.04045900624161763
M1,322,tool_wear,0.7510203183475939
M2,322,calibration_offset,0.6382343011212277
M3,322,component_condition,0.40591181494830025
M4,322,bearing_degradation,0.4214506854812293
M4,322,vibration,0.6594985329383406
M4,322,temperature,41.8253052916108
M4,322,motor_current,5.186183247622201
M5,322,machine_health,0.44496429749080346
M5,322,defect_pressure,0.04062974416107844
M1,323,tool_wear,0.7928308741580179
M2,323,calibration_offset,0.6779185129290327
M3,323,component_condition,0.4281054531138158
M4,323,bearing_degradation,0.446486648752968
M4,323,vibration,0.6854215211280641
M4,323,temperature,41.641520278948356
M4,323,motor_current,5.151157309892974
M5,323,machine_health,0.4727443097070968
M5,323,defect_pressure,0.040790237805371596
M1,324,tool_wear,0.8283933095714592
M2,324,calibration_offset,0.698739976850935
M3,324,component_condition,0.4417407250690397
M4,324,bearing_degradation,0.4616488016164363
M4,324,vibration,0.6810580623906126
M4,324,temperature,41.395833446387755
M4,324,motor_current,5.247126227180834
M5,324,machine_health,0.4848685862588659
M5,324,defect_pressure,0.040941101831007166
M1,325,tool_wear,0.8714262481028893
M2,325,calibration_offset,0.7298376757776291
M3,325,component_condition,0.4646688725736015
M4,325,bearing_degradation,0.4723363387834708
M4,325,vibration,0.7028308377107169
M4,325,temperature,41.14681933111872
M4,325,motor_current,5.152320637442259
M5,325,machine_health,0.49753691296933006
M5,325,defect_pressure,0.0410829140151046
M1,326,tool_wear,0.8963268815951839
M2,326,calibration_offset,0.7484755628473131
M3,326,component_condition,0.48401409249375155
M4,326,bearing_degradation,0.4996963306213726
M4,326,vibration,0.7326971191808943
M4,326,temperature,41.25767912258174
M4,326,motor_current,5.089949459047816
M5,326,machine_health,0.5126864972991795
M5,326,defect_pressure,0.041216217468156194
M1,327,tool_wear,0.9278786232667527
M2,327,calibration_offset,0.7787349643418554
M3,327,component_condition,0.4962641551042842
M4,327,bearing_degradation,0.5224784875612667
M4,327,vibration,0.6930875923888056
M4,327,temperature,41.58725811455074
M4,327,motor_current,5.135577766545799
M5,327,machine_health,0.5231793853919059
M5,327,defect_pressure,0.041341522714024685
M1,328,tool_wear,0.9729699805890647
M2,328,calibration_offset,0.8181250123207717
M3,328,component_condition,0.5191903537774318
M4,328,bearing_degradation,0.5454822308901798
M4,328,vibration,0.7664411504161966
M4,328,temperature,41.83926811408639
M4,328,motor_current,5.178744912972533
M5,328,machine_health,0.549707191623917
M5,328,defect_pressure,0.04145930964514107
M1,329,tool_wear,0.9946230266438296
M2,329,calibration_offset,0.8448506358137188
M3,329,component_condition,0.5354234121105248
M4,329,bearing_degradation,0.5749335956031745
M4,329,vibration,0.7159794284343424
M4,329,temperature,41.814541794306585
M4,329,motor_current,5.172283553308495
M5,329,machine_health,0.5740136378344998
M5,329,defect_pressure,0.041570029360390476
M1,330,tool_wear,1.0183805635767158
M2,330,calibration_offset,0.8608455639971101
M3,330,component_condition,0.5632400550763175
M4,330,bearing_degradation,0.5864729792633349
M4,330,vibration,0.7516656942496376
M4,330,temperature,42.00178516087864
M4,330,motor_current,5.15419655366311
M5,330,machine_health,0.6015560471877455
M5,330,defect_pressure,0.04167410589272491
M1,331,tool_wear,1.0441553580957905
M2,331,calibration_offset,0.898623576531909
M3,331,component_condition,0.5742153814525803
M4,331,bearing_degradation,0.603320881729252
M4,331,vibration,0.7459759887942384
M4,331,temperature,41.73741485494368
M4,331,motor_current,5.262491618475718
M5,331,machine_health,0.6153206911831264
M5,331,defect_pressure,0.041771937833119284
M1,332,tool_wear,1.081789311576941
M2,332,calibration_offset,0.9140610318815938
M3,332,component_condition,0.6006052951603014
M4,332,bearing_degradation,0.6252478116791875
M4,332,vibration,0.7275204135840898
M4,332,temperature,41.46721273259968
M4,332,motor_current,5.265882437708035
M5,332,machine_health,0.6401543737629628
M5,332,defect_pressure,0.04186389985708999
M1,333,tool_wear,1.1123637429852415
M2,333,calibration_offset,0.9323074572170409
M3,333,component_condition,0.6298599468375241
M4,333,bearing_degradation,0.6373608185881662
M4,333,vibration,0.7862294245889423
M4,333,temperature,41.55895359073216
M4,333,motor_current,5.246733290708602
M5,333,machine_health,0.6668435388200847
M5,333,defect_pressure,0.041950344159622455
M1,334,tool_wear,1.1578893257049043
M2,334,calibration_offset,0.9633186390668722
M3,334,component_condition,0.6405284182862342
M4,334,bearing_degradation,0.6616052226917093
M4,334,vibration,0.73223111741855
M4,334,temperature,41.44276975560547
M4,334,motor_current,5.23043599015125
M5,334,machine_health,0.6797283392424468
M5,334,defect_pressure,0.04203160180400297
M1,335,tool_wear,1.2052428790763574
M2,335,calibration_offset,0.9944668363924482
M3,335,component_condition,0.6641970065893796
M4,335,bearing_degradation,0.677794474220633
M4,335,vibration,0.7659149553264722
M4,335,temperature,41.44511412810936
M4,335,motor_current,5.334045958770525
M5,335,machine_health,0.696819303419019
M5,335,defect_pressure,0.042107983989720654
M1,336,tool_wear,1.2527015772877357
M2,336,calibration_offset,1.031862229681453
M3,336,component_condition,0.6923367169581445
M4,336,bearing_degradation,0.6968521414289433
M4,336,vibration,0.8233123674156798
M4,336,temperature,41.61575038390513
M4,336,motor_current,5.204215623474841
M5,336,machine_health,0.7086796516042725
M5,336,defect_pressure,0.04217978324429528
M1,337,tool_wear,1.2853898835999824
M2,337,calibration_offset,1.0503968185368615
M3,337,component_condition,0.7062803765975058
M4,337,bearing_degradation,0.7253267693464788
M4,337,vibration,0.8222778330162106
M4,337,temperature,41.58421211373162
M4,337,motor_current,5.285028522736747
M5,337,machine_health,0.7323330746535277
M5,337,defect_pressure,0.04224727454359543
M1,338,tool_wear,1.3065600762228669
M2,338,calibration_offset,1.0876711656541291
M3,338,component_condition,0.7361128634567303
M4,338,bearing_degradation,0.7488126408204793
M4,338,vibration,0.8475206010640195
M4,338,temperature,41.94179513497628
M4,338,motor_current,5.299420146631994
M5,338,machine_health,0.7444736573377485
M5,338,defect_pressure,0.042310716364937564
M1,339,tool_wear,1.3380450780659199
M2,339,calibration_offset,1.1134247339565497
M3,339,component_condition,0.7613554558657368
M4,339,bearing_degradation,0.7623082665179779
M4,339,vibration,0.8423976715728478
M4,339,temperature,42.11876696629032
M4,339,motor_current,5.21737537341935
M5,339,machine_health,0.772717822073379
M5,339,defect_pressure,0.04237035167699917
M1,340,tool_wear,1.3657596485991927
M2,340,calibration_offset,1.1291277716134978
M3,340,component_condition,0.7742773871765632
M4,340,bearing_degradation,0.7853538887743469
M4,340,vibration,0.8046612697672717
M4,340,temperature,42.20012259358019
M4,340,motor_current,5.196363971596803
M5,340,machine_health,0.7881104222487226
M5,340,defect_pressure,0.042426408870337086
M1,341,tool_wear,1.39210258633916
M2,341,calibration_offset,1.1606992663043645
M3,341,component_condition,0.7943348975778749
M4,341,bearing_degradation,0.8149026524584271
M4,341,vibration,0.8723963843869695
M4,341,temperature,42.0228185046872
M4,341,motor_current,5.2451005533210715
M5,341,machine_health,0.8144295380370268
M5,341,defect_pressure,0.042479102632074724
M1,342,tool_wear,1.4223693520825271
M2,342,calibration_offset,1.1914413561858446
M3,342,component_condition,0.8240584335235488
M4,342,bearing_degradation,0.8263040263728508
M4,342,vibration,0.7861841662868962
M4,342,temperature,41.840654751833654
M4,342,motor_current,5.305360125953382
M5,342,machine_health,0.8412884476861507
M5,342,defect_pressure,0.04252863476810811
M1,343,tool_wear,1.464325534201122
M2,343,calibration_offset,1.2154717576602398
M3,343,component_condition,0.8412892372788079
M4,343,bearing_degradation,0.8457946976252997
M4,343,vibration,0.8699235547615523
M4,343,temperature,41.86956805697785
M4,343,motor_current,5.355306288692797
M5,343,machine_health,0.8595072987331529
M5,343,defect_pressure,0.04257519497597949
M1,344,tool_wear,1.4968470224551362
M2,344,calibration_offset,1.2328107428330481
M3,344,component_condition,0.8560187355235818
M4,344,bearing_degradation,0.8621950198870475
M4,344,vibration,0.8454824771960027
M4,344,temperature,41.73877639642465
M4,344,motor_current,5.39371740125286
M5,344,machine_health,0.877642773704593
M5,344,defect_pressure,0.04261896157137859
M1,345,tool_wear,1.5171055925328896
M2,345,calibration_offset,1.2624757862681621
M3,345,component_condition,0.8661679983319261
M4,345,bearing_degradation,0.8810488939263962
M4,345,vibration,0.8756414782017806
M4,345,temperature,41.669024803598205
M4,345,motor_current,5.370995513770583
M5,345,machine_health,0.8923771832216696
M5,345,defect_pressure,0.04266010217105374
M1,346,tool_wear,1.5495744259937643
M2,346,calibration_offset,1.299151076440927
M3,346,component_condition,0.8859260022375122
M4,346,bearing_degradation,0.8982237441372539
M4,346,vibration,0.9088540153223366
M4,346,temperature,41.75969955563669
M4,346,motor_current,5.311555431685961
M5,346,machine_health,0.9183935452188646
M5,346,defect_pressure,0.04269877433474838
M1,347,tool_wear,1.5871614909571872
M2,347,calibration_offset,1.3189589707605358
M3,347,component_condition,0.9142228452345452
M4,347,bearing_degradation,0.9188848499391481
M4,347,vibration,0.8807083778432754
M4,347,temperature,41.88515932174837
M4,347,motor_current,5.2474858208720425
M5,347,machine_health,0.9408526261025323
M5,347,defect_pressure,0.04273512616862134
M1,348,tool_wear,1.6137756053871684
M2,348,calibration_offset,1.34411727653463
M3,348,component_condition,0.9326013177304036
M4,348,bearing_degradation,0.9485763678666703
M4,348,vibration,0.89607127761616
M4,348,temperature,41.85245874101159
M4,348,motor_current,5.349163407596384
M5,348,machine_health,0.9543483258601996
M5,348,defect_pressure,0.04276929689246192
M1,349,tool_wear,1.6553024468666244
M2,349,calibration_offset,1.3759527697574159
M3,349,component_condition,0.9441738519501988
M4,349,bearing_degradation,0.9783366471079787
M4,349,vibration,0.8802736368098789
M4,349,temperature,42.10028148058706
M4,349,motor_current,5.379362859263993
M5,349,machine_health,0.9699740171312603
M5,349,defect_pressure,0.042801417372872075
M1,350,tool_wear,1.6758919913490298
M2,350,calibration_offset,1.415093015541938
M3,350,component_condition,0.9543156882056861
M4,350,bearing_degradation,0.9912688131151788
M4,350,vibration,0.8624741601827866
M4,350,temperature,42.36168392644577
M4,350,motor_current,5.370202234261141
M5,350,machine_health,0.9861523715881356
M5,350,defect_pressure,0.04283161062445762
M1,351,tool_wear,1.7202200471292082
M2,351,calibration_offset,1.4537718389420968
M3,351,component_condition,0.9739932334969713
M4,351,bearing_degradation,1.0030171492726005
M4,351,vibration,0.9448561928400628
M4,351,temperature,42.62174158349522
M4,351,motor_current,5.409318145107943
M5,351,machine_health,1.0131550262818363
M5,351,defect_pressure,0.04285999228094803
M1,352,tool_wear,1.741715851521183
M2,352,calibration_offset,1.4822113673933848
M3,352,component_condition,0.9843326160832806
M4,352,bearing_degradation,1.0158783883270686
M4,352,vibration,0.8577528070834332
M4,352,temperature,42.704446001620276
M4,352,motor_current,5.442010812698668
M5,352,machine_health,1.023420650351008
M5,352,defect_pressure,0.04288667103804901
M1,353,tool_wear,1.776684889847807
M2,353,calibration_offset,1.5143222514201176
M3,353,component_condition,1.004038428764515
M4,353,bearing_degradation,1.029326115569172
M4,353,vibration,0.9489699025631503
M4,353,temperature,42.81066897957055
M4,353,motor_current,5.291704917160601
M5,353,machine_health,1.034878619388441
M5,353,defect_pressure,0.042911749069723934
M1,354,tool_wear,1.820795693404126
M2,354,calibration_offset,1.553795935316484
M3,354,component_condition,1.0291079408734447
M4,354,bearing_degradation,1.050251067571789
M4,354,vibration,0.8790477393097543
M4,354,temperature,42.79546785318918
M4,354,motor_current,5.438244833363567
M5,354,machine_health,1.0466930370433976
M5,354,defect_pressure,0.042935322419498365
M1,355,tool_wear,1.844662770956331
M2,355,calibration_offset,1.5713250758068116
M3,355,component_condition,1.054886220132762
M4,355,bearing_degradation,1.0649647182633069
M4,355,vibration,0.9473519156165382
M4,355,temperature,43.059617304085705
M4,355,motor_current,5.298098011217509
M5,355,machine_health,1.059235246860738
M5,355,defect_pressure,0.04295748136828633
M1,356,tool_wear,1.8856732076223282
M2,356,calibration_offset,1.5889699888136315
M3,356,component_condition,1.083609480963782
M4,356,bearing_degradation,1.0856784976724274
M4,356,vibration,0.9236904485289619
M4,356,temperature,43.2882810001106
M4,356,motor_current,5.378584016276967
M5,356,machine_health,1.0861709468981329
M5,356,defect_pressure,0.042978310780147015
M1,357,tool_wear,1.915672203418444
M2,357,calibration_offset,1.6182893015570592
M3,357,component_condition,1.1033391362784304
M4,357,bearing_degradation,1.1004554008804996
M4,357,vibration,0.9851102775277982
M4,357,temperature,43.17264933245541
M4,357,motor_current,5.318931248181582
M5,357,machine_health,1.0968741319035566
M5,357,defect_pressure,0.04299789042729606
M1,358,tool_wear,1.9522235745790428
M2,358,calibration_offset,1.6444718704633743
M3,358,component_condition,1.1185036725436301
M4,358,bearing_degradation,1.1256458038548385
M4,358,vibration,0.9208571399607827
M4,358,temperature,43.318655816650775
M4,358,motor_current,5.298205996019077
M5,358,machine_health,1.1136487910190453
M5,358,defect_pressure,0.04301629529561616
M1,359,tool_wear,1.994483436312828
M2,359,calibration_offset,1.6807854365852617
M3,359,component_condition,1.1355542573696404
M4,359,bearing_degradation,1.1537640372795315
M4,359,vibration,0.9241693274636501
M4,359,temperature,43.14003131973311
M4,359,motor_current,5.402423438079596
M5,359,machine_health,1.1425241186632857
M5,359,defect_pressure,0.043033595871837055
M1,360,tool_wear,2.0421820169432463
M2,360,calibration_offset,1.702528998232106
M3,360,component_condition,1.165336763751815
M4,360,bearing_degradation,1.1648045123801205
M4,360,vibration,0.9272864088217201
M4,360,temperature,42.87782056644449
M4,360,motor_current,5.507573715544977
M5,360,machine_health,1.1627186401690492
M5,360,defect_pressure,0.043049858413484694
M1,361,tool_wear,2.0707222591086403
M2,361,calibration_offset,1.7364367506566132
M3,361,component_condition,1.1756973439309932
M4,361,bearing_degradation,1.193468370721101
M4,361,vibration,0.9911275964093624
M4,361,temperature,43.12917456094168
M4,361,motor_current,5.410988848653295
M5,361,machine_health,1.1902373006127733
M5,361,defect_pressure,0.04306514520263348
M1,362,tool_wear,2.106090076024928
M2,362,calibration_offset,1.7670640394737764
M3,362,component_condition,1.1965016892665656
M4,362,bearing_degradation,1.2072153065476368
M4,362,vibration,0.9361331997882295
M4,362,temperature,43.32443343415381
M4,362,motor_current,5.467191418090466
M5,362,machine_health,1.2033330213096955
M5,362,defect_pressure,0.04307951478443334
M1,363,tool_wear,2.1372592889821194
M2,363,calibration_offset,1.7942878126347377
M3,363,component_condition,1.20762021626913
M4,363,bearing_degradation,1.2297321304472844
M4,363,vibration,0.9473437799202857
M4,363,temperature,43.56277357229829
M4,363,motor_current,5.432793971792935
M5,363,machine_health,1.2167492954358197
M5,363,defect_pressure,0.0430930221913252
M1,364,tool_wear,2.175064181456775
M2,364,calibration_offset,1.8121961058130691
M3,364,component_condition,1.2336741643758504
M4,364,bearing_degradation,1.2424446627674306
M4,364,vibration,0.9615407297775146
M4,364,temperature,43.69768858424101
M4,364,motor_current,5.463416950185835
M5,364,machine_health,1.2405878427011514
M5,364,defect_pressure,0.043105719153803554
M1,365,tool_wear,2.2203299933829683
M2,365,calibration_offset,1.8290091637369312
M3,365,component_condition,1.2620749654267684
M4,365,bearing_degradation,1.2714017941125038
M4,365,vibration,0.9844164440090262
M4,365,temperature,43.61166775829443
M4,365,motor_current,5.4254427106760845
M5,365,machine_health,1.2530542125226574
M5,365,defect_pressure,0.0431176542985332
M1,366,tool_wear,2.2635151958857636
M2,366,calibration_offset,1.8478444857966585
M3,366,component_condition,1.2751031743054901
M4,366,bearing_degradation,1.2852094298384444
M4,366,vibration,1.0007559627947575
M4,366,temperature,43.39954682633043
M4,366,motor_current,5.4754646198620645
M5,366,machine_health,1.2786678540164147
M5,366,defect_pressure,0.04312887333457908
M1,367,tool_wear,2.310855450372256
M2,367,calibration_offset,1.8672069479566074
M3,367,component_condition,1.2979874346252824
M4,367,bearing_degradation,1.3130888909876945
M4,367,vibration,1.0672148135730215
M4,367,temperature,43.21042832694559
M4,367,motor_current,5.468406312238313
M5,367,machine_health,1.3008021780558148
M5,367,defect_pressure,0.0431394192284622
M1,368,tool_wear,2.3524587903777046
M2,368,calibration_offset,1.8938021935734668
M3,368,component_condition,1.308349056469396
M4,368,bearing_degradation,1.3354805428442362
M4,368,vibration,1.0505412516505654
M4,368,temperature,43.49180444496577
M4,368,motor_current,5.410510771450629
M5,368,machine_health,1.3139344343536679
M5,368,defect_pressure,0.04314933236871233
M1,369,tool_wear,2.3874850885543926
M2,369,calibration_offset,1.911236611801167
M3,369,component_condition,1.3253491938388595
M4,369,bearing_degradation,1.3564687794854555
M4,369,vibration,1.0516741385336938
M4,369,temperature,43.64120150858117
M4,369,motor_current,5.425897317486273
M5,369,machine_health,1.3278332897330711
M5,369,defect_pressure,0.043158650720547455
M1,370,tool_wear,2.430350713890215
M2,370,calibration_offset,1.931424399185789
M3,370,component_condition,1.343991518574898
M4,370,bearing_degradation,1.3693244922188132
M4,370,vibration,1.0366732648952925
M4,370,temperature,43.95890014922302
M4,370,motor_current,5.443207742144556
M5,370,machine_health,1.3448370202197104
M5,370,defect_pressure,0.043167409971272476
M1,371,tool_wear,2.459696082860635
M2,371,calibration_offset,1.9574907703922997
M3,371,component_condition,1.3616387851961307
M4,371,bearing_degradation,1.3866713025243589
M4,371,vibration,1.0572631786998896
M4,371,temperature,44.164291191758714
M4,371,motor_current,5.457688618268039
M5,371,machine_health,1.3602258091457835
M5,371,defect_pressure,0.04317564366695399
M1,372,tool_wear,2.5014021200605674
M2,372,calibration_offset,1.988683771752815
M3,372,component_condition,1.3818289626606148
M4,372,bearing_degradation,1.3983007804786176
M4,372,vibration,1.0286542355526522
M4,372,temperature,44.43779913465403
M4,372,motor_current,5.471145185621703
M5,372,machine_health,1.3709771337366632
M5,372,defect_pressure,0.04318338334089462
M1,373,tool_wear,2.5366632995870555
M2,373,calibration_offset,2.022302540043563
M3,373,component_condition,1.4010432060875804
M4,373,bearing_degradation,1.4212055333696842
M4,373,vibration,1.0835793878697282
M4,373,temperature,44.615091123079495
M4,373,motor_current,5.480963650073985
M5,373,machine_health,1.4005772430005996
M5,373,defect_pressure,0.043190658634398804
M1,374,tool_wear,2.556884034475818
M2,374,calibration_offset,2.038240756481858
M3,374,component_condition,1.4304115886975886
M4,374,bearing_degradation,1.450105875254654
M4,374,vibration,1.0974033333015312
M4,374,temperature,44.32755334107099
M4,374,motor_current,5.500682171872628
M5,374,machine_health,1.4196865544407269
M5,374,defect_pressure,0.04319749741029274
M1,375,tool_wear,2.5818121479594955
M2,375,calibration_offset,2.073995828590502
M3,375,component_condition,1.4591220491527657
M4,375,bearing_degradation,1.4608942269570613
M4,375,vibration,1.1084885616179008
M4,375,temperature,44.5296324318605
M4,375,motor_current,5.6048858926252425
M5,375,machine_health,1.4402876012249746
M5,375,defect_pressure,0.04320392585963304
M1,376,tool_wear,2.6156005905114834
M2,376,calibration_offset,2.1029271244234624
M3,376,component_condition,1.480421101305815
M4,376,bearing_degradation,1.4858974436161534
M4,376,vibration,1.1136990627893657
M4,376,temperature,44.8168240640626
M4,376,motor_current,5.475642330463205
M5,376,machine_health,1.4590996635061582
M5,376,defect_pressure,0.04320996860201293
M1,377,tool_wear,2.662073826251911
M2,377,calibration_offset,2.1397611523694984
M3,377,component_condition,1.4970025768950297
M4,377,bearing_degradation,1.5147112473706181
M4,377,vibration,1.0606626354163877
M4,377,temperature,44.70089361690998
M4,377,motor_current,5.601463334316383
M5,377,machine_health,1.4775955471327864
M5,377,defect_pressure,0.04321564877985001
M1,378,tool_wear,2.704931857524204
M2,378,calibration_offset,2.1794704165375376
M3,378,component_condition,1.5122480633313293
M4,378,bearing_degradation,1.543662549897099
M4,378,vibration,1.144149909740617
M4,378,temperature,44.554875340444774
M4,378,motor_current,5.558442799167568
M5,378,machine_health,1.5052282541162947
M5,378,defect_pressure,0.04322098814701688
M1,379,tool_wear,2.7417962001390315
M2,379,calibration_offset,2.1973389654959923
M3,379,component_condition,1.5276252942309094
M4,379,bearing_degradation,1.5543122818309023
M4,379,vibration,1.1312525968427665
M4,379,temperature,44.58919776742595
M4,379,motor_current,5.637772236756377
M5,379,machine_health,1.5262620134724239
M5,379,defect_pressure,0.04322600715215373
M1,380,tool_wear,2.7747064953497036
M2,380,calibration_offset,2.235005297919792
M3,380,component_condition,1.5457395827145284
M4,380,bearing_degradation,1.5696168522809557
M4,380,vibration,1.146455856306731
M4,380,temperature,44.8704373449828
M4,380,motor_current,5.502975335774062
M5,380,machine_health,1.5470244336732202
M5,380,defect_pressure,0.04323072501698237
M1,381,tool_wear,2.817697033766425
M2,381,calibration_offset,2.2706027074604087
M3,381,component_condition,1.5700187416718239
M4,381,bearing_degradation,1.581958140540593
M4,381,vibration,1.135601028358539
M4,381,temperature,44.63410474948455
M4,381,motor_current,5.572184045024488
M5,381,machine_health,1.5572253732943169
M5,381,defect_pressure,0.04323515980992129
M1,382,tool_wear,2.866212140614099
M2,382,calibration_offset,2.2962120081117496
M3,382,component_condition,1.5859972646737905
M4,382,bearing_degradation,1.611278569723197
M4,382,vibration,1.1075748660450146
M4,382,temperature,44.577179916192904
M4,382,motor_current,5.469115293847121
M5,382,machine_health,1.5712488779400944
M5,382,defect_pressure,0.04323932851528388
M1,383,tool_wear,2.8865112176561345
M2,383,calibration_offset,2.331402654850824
M3,383,component_condition,1.6130875733920056
M4,383,bearing_degradation,1.6369355420829301
M4,383,vibration,1.1893252979172282
M4,383,temperature,44.789991874661666
M4,383,motor_current,5.5746232467906305
M5,383,machine_health,1.595792134134897
M5,383,defect_pressure,0.04324324709832471
M1,384,tool_wear,2.913281155147696
M2,384,calibration_offset,2.3662161490413576
M3,384,component_condition,1.643058789523718
M4,384,bearing_degradation,1.6542428789139432
M4,384,vibration,1.1958586975413588
M4,384,temperature,44.84003784559636
M4,384,motor_current,5.659311253517152
M5,384,machine_health,1.6073003776547528
M5,384,defect_pressure,0.04324693056638309
M1,385,tool_wear,2.9599293210430413
M2,385,calibration_offset,2.396390476948214
M3,385,component_condition,1.6724053517507875
M4,385,bearing_degradation,1.6659652011240706
M4,385,vibration,1.1722997460959252
M4,385,temperature,44.85749368648196
M4,385,motor_current,5.5119751172244404
M5,385,machine_health,1.6277369951608565
M5,385,defect_pressure,0.04325039302635797
M1,386,tool_wear,3.002759500531528
M2,386,calibration_offset,2.420547636603377
M3,386,component_condition,1.70150885496035
M4,386,bearing_degradation,1.679641458913707
M4,386,vibration,1.1795501958999668
M4,386,temperature,44.66854159229635
M4,386,motor_current,5.559113299312073
M5,386,machine_health,1.6454662464474152
M5,386,defect_pressure,0.04325364773873436
M1,387,tool_wear,3.022935442368143
M2,387,calibration_offset,2.4575790882974524
M3,387,component_condition,1.729909618242531
M4,387,bearing_degradation,1.7010198870306013
M4,387,vibration,1.2185788517760991
M4,387,temperature,44.97713675153215
M4,387,motor_current,5.643269610082965
M5,387,machine_health,1.6636723208848685
M5,387,defect_pressure,0.04325670716836816
M1,388,tool_wear,3.0486673065485337
M2,388,calibration_offset,2.483928059123649
M3,388,component_condition,1.7569976085090446
M4,388,bearing_degradation,1.7133699238348488
M4,388,vibration,1.1605477916983467
M4,388,temperature,45.24588792416223
M4,388,motor_current,5.615997240912149
M5,388,machine_health,1.6809928861997987
M5,388,defect_pressure,0.043259583032223936
M1,389,tool_wear,3.0721697436315973
M2,389,calibration_offset,2.512349537786214
M3,389,component_condition,1.784388431886229
M4,389,bearing_degradation,1.7240967388011736
M4,389,vibration,1.1498234220347079
M4,389,temperature,45.375624513694824
M4,389,motor_current,5.543367806188541
M5,389,machine_health,1.705502249568802
M5,389,defect_pressure,0.04326228634424836
M1,390,tool_wear,3.106721930905878
M2,390,calibration_offset,2.5478085538210946
M3,390,component_condition,1.8082460004401621
M4,390,bearing_degradation,1.7423370935802067
M4,390,vibration,1.160774596028895
M4,390,temperature,45.46022233455862
M4,390,motor_current,5.614752444090197
M5,390,machine_health,1.7336395811155987
M5,390,defect_pressure,0.04326482745755133
M1,391,tool_wear,3.1402160506270107
M2,391,calibration_offset,2.5826619178644012
M3,391,component_condition,1.8235993691840482
M4,391,bearing_degradation,1.7702622279096383
M4,391,vibration,1.2266761680463234
M4,391,temperature,45.660667097748984
M4,391,motor_current,5.53734643315962
M5,391,machine_health,1.747206211364163
M5,391,defect_pressure,0.043267216104056115
M1,392,tool_wear,3.167751810765145
M2,392,calibration_offset,2.6010363800161924
M3,392,component_condition,1.8424364433458695
M4,392,bearing_degradation,1.7981324273375046
M4,392,vibration,1.2449318932252413
M4,392,temperature,45.53324053744594
M4,392,motor_current,5.678234783135637
M5,392,machine_health,1.7641187521048862
M5,392,defect_pressure,0.043269461431770614
M1,393,tool_wear,3.189649413032105
M2,393,calibration_offset,2.637505004229432
M3,393,component_condition,1.8635423598524332
M4,393,bearing_degradation,1.812796178425937
M4,393,vibration,1.2615587700898145
M4,393,temperature,45.409376474477135
M4,393,motor_current,5.673304993244326
M5,393,machine_health,1.7811529484640625
M5,393,defect_pressure,0.043271572039822244
M1,394,tool_wear,3.2333533542438886
M2,394,calibration_offset,2.669430949601482
M3,394,component_condition,1.888360023986873
M4,394,bearing_degradation,1.8389733492066083
M4,394,vibration,1.2150594766711962
M4,394,temperature,45.462858582442315
M4,394,motor_current,5.692720220050621
M5,394,machine_health,1.800339868667519
M5,394,defect_pressure,0.043273556011390775
M1,395,tool_wear,3.2697058566296855
M2,395,calibration_offset,2.7070127901574548
M3,395,component_condition,1.9125380241119045
M4,395,bearing_degradation,1.857275492743707
M4,395,vibration,1.2018441873266696
M4,395,temperature,45.43642425840097
M4,395,motor_current,5.596193340501708
M5,395,machine_health,1.8118504103880366
M5,395,defect_pressure,0.043275420944665195
M1,396,tool_wear,3.307587774562703
M2,396,calibration_offset,2.7304467671163866
M3,396,component_condition,1.9386832570984296
M4,396,bearing_degradation,1.885944594848704
M4,396,vibration,1.2388374975121788
M4,396,temperature,45.255155870027906
M4,396,motor_current,5.672713485887837
M5,396,machine_health,1.8266129072531165
M5,396,defect_pressure,0.04327717398194315
M1,397,tool_wear,3.330985078111898
M2,397,calibration_offset,2.7669928626987574
M3,397,component_condition,1.9622666910891895
M4,397,bearing_degradation,1.9041024795843078
M4,397,vibration,1.2403812452182712
M4,397,temperature,45.33559853704714
M4,397,motor_current,5.627297386218681
M5,397,machine_health,1.8456045743115217
M5,397,defect_pressure,0.04327882183698442
M1,398,tool_wear,3.380961297080201
M2,398,calibration_offset,2.7890042393177588
M3,398,component_condition,1.9779704230093904
M4,398,bearing_degradation,1.9336042229784614
M4,398,vibration,1.2466706546010298
M4,398,temperature,45.61089847760442
M4,398,motor_current,5.642412495897929
M5,398,machine_health,1.868326687004394
M5,398,defect_pressure,0.043280370820723224
M1,399,tool_wear,3.409579027926513
M2,399,calibration_offset,2.8153396450833656
M3,399,component_condition,1.9950707283321154
M4,399,bearing_degradation,1.9499229394261741
M4,399,vibration,1.3028932006802265
M4,399,temperature,45.859633755765216
M4,399,motor_current,5.770216889194733
M5,399,machine_health,1.889337593016794
M5,399,defect_pressure,0.043281826865437696
M1,400,tool_wear,0.0
M2,400,calibration_offset,0.0
M3,400,component_condition,0.0
M4,400,bearing_degradation,1.9610649209950777
M4,400,vibration,1.2454802850288893
M4,400,temperature,45.69362349000497
M4,400,motor_current,5.679242772324706
M5,400,machine_health,0.0
M5,400,defect_pressure,0.0432831955474693
M1,401,tool_wear,0.029494063521844957
M2,401,calibration_offset,0.06520724062212697
M3,401,component_condition,0.019542927519780984
M4,401,bearing_degradation,1.9897150000570254
M4,401,vibration,1.3318362975853
M4,401,temperature,45.84704667115596
M4,401,motor_current,5.692845296087424
M5,401,machine_health,0.029315408877685738
M5,401,defect_pressure,0.045356036577350545
M1,402,tool_wear,0.05541134350685546
M2,402,calibration_offset,0.19281654403858467
M3,402,component_condition,0.03132312221770116
M4,402,bearing_degradation,2.0177972732666154
M4,402,vibration,1.2727718306482203
M4,402,temperature,45.78766380607822
M4,402,motor_current,5.730053325652655
M5,402,machine_health,0.05761039545223894
M5,402,defect_pressure,0.04730450714543891
M1,403,tool_wear,0.07797359799110343
M2,403,calibration_offset,0.27217892501813074
M3,403,component_condition,0.0533033431019725
M4,403,bearing_degradation,2.046427081004994
M4,403,vibration,1.3594118431288544
M4,403,temperature,45.991599938215316
M4,403,motor_current,5.620129727475391
M5,403,machine_health,0.07311419968770845
M5,403,defect_pressure,0.04913606947944197
M1,404,tool_wear,0.1001307995105968
M2,404,calibration_offset,0.42795559083575296
M3,404,component_condition,0.06937062874625591
M4,404,bearing_degradation,2.067988523045242
M4,404,vibration,1.3729933445429858
M4,404,temperature,46.01468006147032
M4,404,motor_current,5.640378899344731
M5,404,machine_health,0.1002327034795344
M5,404,defect_pressure,0.05085773807340485
M1,405,tool_wear,0.12586396819133114
M2,405,calibration_offset,0.514514350666489
M3,405,component_condition,0.08580435612028209
M4,405,bearing_degradation,2.0966231515403186
M4,405,vibration,1.3093364481583563
M4,405,temperature,45.95713042553123
M4,405,motor_current,5.663697980729866
M5,405,machine_health,0.12824790672854905
M5,405,defect_pressure,0.052476106551729955
M1,406,tool_wear,0.16061610648190083
M2,406,calibration_offset,0.6551851314409951
M3,406,component_condition,0.1042398409590046
M4,406,bearing_degradation,2.107378841672232
M4,406,vibration,1.3572885091758689
M4,406,temperature,45.85113720976968
M4,406,motor_current,5.648052030271544
M5,406,machine_health,0.15527769036147998
M5,406,defect_pressure,0.053997372921355556
M1,407,tool_wear,0.20995171728695428
M2,407,calibration_offset,0.736721059726456
M3,407,component_condition,0.12182715292308832
M4,407,bearing_degradation,2.1256177726444774
M4,407,vibration,1.3936881885149124
M4,407,temperature,45.632787360071546
M4,407,motor_current,5.686021456005939
M5,407,machine_health,0.16606884049273224
M5,407,defect_pressure,0.05542736330880362
M1,408,tool_wear,0.2508938336790563
M2,408,calibration_offset,0.8287773821625484
M3,408,component_condition,0.13440224167044942
M4,408,bearing_degradation,2.1419629561316147
M4,408,vibration,1.3834155895645357
M4,408,temperature,45.710866666453235
M4,408,motor_current,5.7116938394485555
M5,408,machine_health,0.1895290038185058
M5,408,defect_pressure,0.0567715542730048
M1,409,tool_wear,0.29379268103897477
M2,409,calibration_offset,0.9116444573010087
M3,409,component_condition,0.15945678442696895
M4,409,bearing_degradation,2.1521048867815122
M4,409,vibration,1.3927817778092542
M4,409,temperature,45.701306406224305
M4,409,motor_current,5.761389836633637
M5,409,machine_health,0.21864860499502725
M5,409,defect_pressure,0.05803509377935391
M1,410,tool_wear,0.342403789833726
M2,410,calibration_offset,1.0014594929286642
M3,410,component_condition,0.17670041648285198
M4,410,bearing_degradation,2.166083482377413
M4,410,vibration,1.376602053813012
M4,410,temperature,45.51741065168551
M4,410,motor_current,5.740797710806333
M5,410,machine_health,0.24362204850004707
M5,410,defect_pressure,0.05922282091532207
M1,411,tool_wear,0.3635681782680801
M2,411,calibration_offset,1.1151202438550416
M3,411,component_condition,0.20355110664988801
M4,411,bearing_degradation,2.185497601323732
M4,411,vibration,1.3399361988644838
M4,411,temperature,45.33995974506075
M4,411,motor_current,5.85430474035541
M5,411,machine_health,0.2552896295754223
M5,411,defect_pressure,0.06033928442313214
M1,412,tool_wear,0.4035792839818407
M2,412,calibration_offset,1.2096822607451205
M3,412,component_condition,0.2172865572145106
M4,412,bearing_degradation,2.2025104551528747
M4,412,vibration,1.3686852448385713
M4,412,temperature,45.48684956723269
M4,412,motor_current,5.670926860240533
M5,412,machine_health,0.27029928851041757
M5,412,defect_pressure,0.06138876012047361
M1,413,tool_wear,0.4293249236433451
M2,413,calibration_offset,1.3562467643823937
M3,413,component_condition,0.2344146519315039
M4,413,bearing_degradation,2.2288463225443618
M4,413,vibration,1.4374977437786682
M4,413,temperature,45.782415993323696
M4,413,motor_current,5.800856828659278
M5,413,machine_health,0.2999857280866984
M5,413,defect_pressure,0.06237526727597459
M1,414,tool_wear,0.46932618930523884
M2,414,calibration_offset,1.4748245914754985
M3,414,component_condition,0.26113702424240476
M4,414,bearing_degradation,2.249600165116181
M4,414,vibration,1.4162025381232024
M4,414,temperature,46.049437553829534
M4,414,motor_current,5.7663215143663145
M5,414,machine_health,0.3286386900975479
M5,414,defect_pressure,0.0633025840021455
M1,415,tool_wear,0.48993642176170416
M2,415,calibration_offset,1.5835328459078564
M3,415,component_condition,0.28973443388828235
M4,415,bearing_degradation,2.261995100886192
M4,415,vibration,1.4350636647696988
M4,415,temperature,45.97127157619268
M4,415,motor_current,5.87162078318463
M5,415,machine_health,0.34904329987960975
M5,415,defect_pressure,0.06417426172474616
M1,416,tool_wear,0.5138668603212181
M2,416,calibration_offset,1.6469626360381875
M3,416,component_condition,0.30339289240752404
M4,416,bearing_degradation,2.284458549376836
M4,416,vibration,1.371226261594586
M4,416,temperature,46.06169704012893
M4,416,motor_current,5.736085518332512
M5,416,machine_health,0.37017748501066683
M5,416,defect_pressure,0.06499363878399078
M1,417,tool_wear,0.5568200580702121
M2,417,calibration_offset,1.755381085870447
M3,417,component_condition,0.326472776835929
M4,417,bearing_degradation,2.2961744350748257
M4,417,vibration,1.3775633190212344
M4,417,temperature,46.398313914829615
M4,417,motor_current,5.841516916521356
M5,417,machine_health,0.3920271448886988
M5,417,defect_pressure,0.06576385321968073
M1,418,tool_wear,0.5839190520143124
M2,418,calibration_offset,1.8162976408888287
M3,418,component_condition,0.34874081376637245
M4,418,bearing_degradation,2.30673826188377
M4,418,vibration,1.3971698127172008
M4,418,temperature,46.679395493665126
M4,418,motor_current,5.790541122518821
M5,418,machine_health,0.4101879541207551
M5,418,defect_pressure,0.06648785478922928
M1,419,tool_wear,0.631161562626108
M2,419,calibration_offset,1.8828806252251442
M3,419,component_condition,0.37689007729330093
M4,419,bearing_degradation,2.334327515754008
M4,419,vibration,1.4247333849757775
M4,419,temperature,46.70095114966454
M4,419,motor_current,5.7311067660472945
M5,419,machine_health,0.43909040309565284
M5,419,defect_pressure,0.06716841626460492
M1,420,tool_wear,0.6713006953330364
M2,420,calibration_offset,1.9915248639393317
M3,420,component_condition,0.3994152627865495
M4,420,bearing_degradation,2.363243045698935
M4,420,vibration,1.4085546260280222
M4,420,temperature,46.90463271071685
M4,420,motor_current,5.780098330350291
M5,420,machine_health,0.4641666773552202
M5,420,defect_pressure,0.067808144051458
M1,421,tool_wear,0.709835091170715
M2,421,calibration_offset,2.0619208015305706
M3,421,component_condition,0.41482223459646117
M4,421,bearing_degradation,2.3824791753301753
M4,421,vibration,1.4344350807132107
M4,421,temperature,46.977494344223174
M4,421,motor_current,5.8798455349062815
M5,421,machine_health,0.4881529357783263
M5,421,defect_pressure,0.06840948817109992
M1,422,tool_wear,0.755627525341267
M2,422,calibration_offset,2.148162409700192
M3,422,component_condition,0.4425588653858403
M4,422,bearing_degradation,2.39441554994992
M4,422,vibration,1.455371890195074
M4,422,temperature,47.29308125902147
M4,422,motor_current,5.892133003040939
M5,422,machine_health,0.5028254310512976
M5,422,defect_pressure,0.06897475164356331
M1,423,tool_wear,0.798764269799979
M2,423,calibration_offset,2.300384741515678
M3,423,component_condition,0.46259757700145754
M4,423,bearing_degradation,2.4141436506606433
M4,423,vibration,1.4661507406731973
M4,423,temperature,47.09386337457425
M4,423,motor_current,5.907496858592161
M5,423,machine_health,0.5281485730829532
M5,423,defect_pressure,0.0695060993076789
M1,424,tool_wear,0.8298348017723143
M2,424,calibration_offset,2.4122247041789846
M3,424,component_condition,0.47626916954856047
M4,424,bearing_degradation,2.4318069400318256
M4,424,vibration,1.5021890652525192
M4,424,temperature,47.08780921145694
M4,424,motor_current,5.785286081011806
M5,424,machine_health,0.5410976514314758
M5,424,defect_pressure,0.07000556611194755
M1,425,tool_wear,0.871275871263782
M2,425,calibration_offset,2.5634501602891
M3,425,component_condition,0.48890047568134753
M4,425,bearing_degradation,2.4612480095242955
M4,425,vibration,1.5204316989167659
M4,425,temperature,46.88341332584506
M4,425,motor_current,5.950922402945462
M5,425,machine_health,0.5599455262464397
M5,425,defect_pressure,0.07047506490796009
M1,426,tool_wear,0.9014324920868936
M2,426,calibration_offset,2.684767196363412
M3,426,component_condition,0.5075814530509112
M4,426,bearing_degradation,2.4736432088529394
M4,426,vibration,1.4926505812964548
M4,426,temperature,46.807872131761904
M4,426,motor_current,5.775187362673918
M5,426,machine_health,0.5732035793359875
M5,426,defect_pressure,0.07091639377621187
M1,427,tool_wear,0.9488627053668881
M2,427,calibration_offset,2.835162502882401
M3,427,component_condition,0.5185916024675569
M4,427,bearing_degradation,2.4925328084124954
M4,427,vibration,1.47264236090192
M4,427,temperature,46.68909285872441
M4,427,motor_current,5.906377181116216
M5,427,machine_health,0.5847885714585861
M5,427,defect_pressure,0.07133124291236854
M1,428,tool_wear,0.9834084675583712
M2,428,calibration_offset,2.92723371938083
M3,428,component_condition,0.5290602615749046
M4,428,bearing_degradation,2.508561932140709
M4,428,vibration,1.4628804073337223
M4,428,temperature,46.92778301544813
M4,428,motor_current,5.899199442636465
M5,428,machine_health,0.5975985516544965
M5,428,defect_pressure,0.07172120110035582
M1,429,tool_wear,1.018530569950824
M2,429,calibration_offset,3.0155844384079242
M3,429,component_condition,0.5535077317275605
M4,429,bearing_degradation,2.528417559058008
M4,429,vibration,1.4774383585423019
M4,429,temperature,47.2804892597384
M4,429,motor_current,5.816650192475785
M5,429,machine_health,0.6203862800835784
M5,429,defect_pressure,0.07208776179706386
M1,430,tool_wear,1.0467717209350382
M2,430,calibration_offset,3.079643009621394
M3,430,component_condition,0.5694591460563768
M4,430,bearing_degradation,2.5577548700638757
M4,430,vibration,1.5257614422845291
M4,430,temperature,47.20173541042299
M4,430,motor_current,5.867730847041292
M5,430,machine_health,0.6311721189865923
M5,430,defect_pressure,0.07243232885196942
M1,431,tool_wear,1.0952392074806996
M2,431,calibration_offset,3.192851692015195
M3,431,component_condition,0.5808193506954252
M4,431,bearing_degradation,2.5825178851607093
M4,431,vibration,1.5019210236969578
M4,431,temperature,47.30041229326349
M4,431,motor_current,5.846930023906438
M5,431,machine_health,0.6515419784854372
M5,431,defect_pressure,0.07275622188358064
M1,432,tool_wear,1.1167326375263908
M2,432,calibration_offset,3.318275270009727
M3,432,component_condition,0.5987448959452593
M4,432,bearing_degradation,2.6027694094791936
M4,432,vibration,1.5178851952520893
M4,432,temperature,47.3241723528861
M4,432,motor_current,5.905126292720259
M5,432,machine_health,0.6681284040350872
M5,432,defect_pressure,0.07306068133329519
M1,433,tool_wear,1.1530664774908659
M2,433,calibration_offset,3.4543217306373335
M3,433,component_condition,0.6126870167217323
M4,433,bearing_degradation,2.6218463407553316
M4,433,vibration,1.5527996357346057
M4,433,temperature,47.588069124813565
M4,433,motor_current,5.913673207192041
M5,433,machine_health,0.6897110001157882
M5,433,defect_pressure,0.07334687321602686
M1,434,tool_wear,1.1932920859557543
M2,434,calibration_offset,3.524271353255397
M3,434,component_condition,0.6242609702256403
M4,434,bearing_degradation,2.643622546158456
M4,434,vibration,1.5163712352691063
M4,434,temperature,47.580938813888096
M4,434,motor_current,5.860225234164491
M5,434,machine_health,0.7134597373346055
M5,434,defect_pressure,0.07361589358579464
M1,435,tool_wear,1.2425682118392605
M2,435,calibration_offset,3.6266521717727547
M3,435,component_condition,0.6504661528359861
M4,435,bearing_degradation,2.6548547058643055
M4,435,vibration,1.5281917238931664
M4,435,temperature,47.856321659570646
M4,435,motor_current,5.966403991839685
M5,435,machine_health,0.7372720435823382
M5,435,defect_pressure,0.07386877273337634
M1,436,tool_wear,1.2734765553149623
M2,436,calibration_offset,3.7536132974265066
M3,436,component_condition,0.6724084852362961
M4,436,bearing_degradation,2.669937651466862
M4,436,vibration,1.6004885481528868
M4,436,temperature,47.862824151541986
M4,436,motor_current,5.9431593484530545
M5,436,machine_health,0.7489902513463946
M5,436,defect_pressure,0.07410647913210315
M1,437,tool_wear,1.3141788159406262
M2,437,calibration_offset,3.855190777525472
M3,437,component_condition,0.6844208847807479
M4,437,bearing_degradation,2.693253339496239
M4,437,vibration,1.5559237665224952
M4,437,temperature,47.860579314171275
M4,437,motor_current,5.88132811442607
M5,437,machine_health,0.7769251823445495
M5,437,defect_pressure,0.07432992314690635
M1,438,tool_wear,1.3425668589199802
M2,438,calibration_offset,3.9791170658436084
M3,438,component_condition,0.7073160193125497
M4,438,bearing_degradation,2.714401834389642
M4,438,vibration,1.5613628510620081
M4,438,temperature,47.97933870336464
M4,438,motor_current,5.873295378094951
M5,438,machine_health,0.7922826540008984
M5,438,defect_pressure,0.07453996052082136
M1,439,tool_wear,1.3925339999128725
M2,439,calibration_offset,4.079587653276525
M3,439,component_condition,0.726905118875545
M4,439,bearing_degradation,2.731767743742756
M4,439,vibration,1.580051556611646
M4,439,temperature,47.93105586361139
M4,439,motor_current,6.023442752383496
M5,439,machine_health,0.8089655144485756
M5,439,defect_pressure,0.07473739565230146
M1,440,tool_wear,1.4386579150830159
M2,440,calibration_offset,4.179412676762866
M3,440,component_condition,0.7371604274059029
M4,440,bearing_degradation,2.7486270741367576
M4,440,vibration,1.5632753862181086
M4,440,temperature,47.92621762410634
M4,440,motor_current,5.961284030204741
M5,440,machine_health,0.82738344502376
M5,440,defect_pressure,0.07492298467589276
M1,441,tool_wear,1.4828822531525732
M2,441,calibration_offset,4.279141806057457
M3,441,component_condition,0.7643826978071314
M4,441,bearing_degradation,2.7756334282999093
M4,441,vibration,1.5815383799237996
M4,441,temperature,48.06753784285557
M4,441,motor_current,5.980047326377129
M5,441,machine_health,0.8399791043382123
M5,441,defect_pressure,0.07509743835806858
M1,442,tool_wear,1.515332185903696
M2,442,calibration_offset,4.399810738377246
M3,442,component_condition,0.7942923700217959
M4,442,bearing_degradation,2.797822783567242
M4,442,vibration,1.6511867573602819
M4,442,temperature,47.97127749902425
M4,442,motor_current,5.927080191855379
M5,442,machine_health,0.857366757289864
M5,442,defect_pressure,0.07526142481931385
M1,443,tool_wear,1.5571906406074791
M2,443,calibration_offset,4.521079172844707
M3,443,component_condition,0.8171020358846401
M4,443,bearing_degradation,2.8102082170080367
M4,443,vibration,1.5965415250686048
M4,443,temperature,48.0173309755379
M4,443,motor_current,6.051661426062017
M5,443,machine_health,0.8743862697683858
M5,443,defect_pressure,0.07541557209288441
M1,444,tool_wear,1.5829468361396142
M2,444,calibration_offset,4.64017078212743
M3,444,component_condition,0.8280357322826256
M4,444,bearing_degradation,2.836801093115095
M4,444,vibration,1.6551141039494894
M4,444,temperature,48.334042328149124
M4,444,motor_current,5.9746658297416175
M5,444,machine_health,0.8969980437145567
M5,444,defect_pressure,0.07556047053004074
M1,445,tool_wear,1.6181837586197156
M2,445,calibration_offset,4.781231166953446
M3,445,component_condition,0.840303474193677
M4,445,bearing_degradation,2.8646830838372184
M4,445,vibration,1.6878603269479415
M4,445,temperature,48.09313697484645
M4,445,motor_current,6.066767391413922
M5,445,machine_health,0.9178440432269783
M5,445,defect_pressure,0.07569667506096768
M1,446,tool_wear,1.6384343997448798
M2,446,calibration_offset,4.899310849938793
M3,446,component_condition,0.8644134072323695
M4,446,bearing_degradation,2.8747087723477542
M4,446,vibration,1.6118994348126638
M4,446,temperature,48.16696863591976
M4,446,motor_current,6.041174047490598
M5,446,machine_health,0.9382812891336219
M5,446,defect_pressure,0.07582470732003901
M1,447,tool_wear,1.6836343464421981
M2,447,calibration_offset,5.048787048640042
M3,447,component_condition,0.8786015415113682
M4,447,bearing_degradation,2.8903302500566563
M4,447,vibration,1.6729340452739185
M4,447,temperature,48.02338023585057
M4,447,motor_current,6.027661293959658
M5,447,machine_health,0.9616863686545091
M5,447,defect_pressure,0.07594505764356606
M1,448,tool_wear,1.7137278569967234
M2,448,calibration_offset,5.140105253710406
M3,448,component_condition,0.8965452792377108
M4,448,bearing_degradation,2.906740973392786
M4,448,vibration,1.687138314738447
M4,448,temperature,48.375796451414644
M4,448,motor_current,6.004966072027004
M5,448,machine_health,0.9748310819563938
M5,448,defect_pressure,0.07605818694768149
M1,449,tool_wear,1.7532460526942866
M2,449,calibration_offset,5.2441487107760105
M3,449,component_condition,0.9163173777552704
M4,449,bearing_degradation,2.9364129193875614
M4,449,vibration,1.6913002840600642
M4,449,temperature,48.14544879358743
M4,449,motor_current,5.9930689029352475
M5,449,machine_health,0.9853087657827766
M5,449,defect_pressure,0.07616452849354999
M1,450,tool_wear,1.7863950109352815
M2,450,calibration_offset,5.320620485470308
M3,450,component_condition,0.9303204619802578
M4,450,bearing_degradation,0.0
M4,450,vibration,0.4647453009266179
M4,450,temperature,47.07485127669312
M4,450,motor_current,5.062463466542824
M5,450,machine_health,1.0096352726522972
M5,450,defect_pressure,0.07626448954666638
M1,451,tool_wear,1.8256633558404949
M2,451,calibration_offset,5.4427669277359865
M3,451,component_condition,0.9474707285488024
M4,451,bearing_degradation,0.023856023972598173
M4,451,vibration,0.5466391695752936
M4,451,temperature,46.27992340569218
M4,451,motor_current,5.062304069867526
M5,451,machine_health,1.0301915148182097
M5,451,defect_pressure,0.0763584529365958
M1,452,tool_wear,1.868142816494768
M2,452,calibration_offset,5.510123263157563
M3,452,component_condition,0.9680682410591666
M4,452,bearing_degradation,0.035729173024747665
M4,452,vibration,0.5411006070517658
M4,452,temperature,45.81098460408354
M4,452,motor_current,4.974845874857224
M5,452,machine_health,1.0416386599730363
M5,452,defect_pressure,0.07644677852312944
M1,453,tool_wear,1.9059323589274328
M2,453,calibration_offset,5.637935513311228
M3,453,component_condition,0.984947833785494
M4,453,bearing_degradation,0.06074497764834342
M4,453,vibration,0.5387699887975191
M4,453,temperature,45.16128342290128
M4,453,motor_current,4.93109290800793
M5,453,machine_health,1.0668793143938173
M5,453,defect_pressure,0.07652980457447106
M1,454,tool_wear,1.9269351549202296
M2,454,calibration_offset,5.721642552428646
M3,454,component_condition,1.0140304666169155
M4,454,bearing_degradation,0.07926284074907705
M4,454,vibration,0.5802575496251526
M4,454,temperature,44.701368962912
M4,454,motor_current,5.113908567097338
M5,454,machine_health,1.0949403274558676
M5,454,defect_pressure,0.07660784906273219
M1,455,tool_wear,1.9596723331358084
M2,455,calibration_offset,5.83588120844769
M3,455,component_condition,1.0240462568387798
M4,455,bearing_degradation,0.10193983712378353
M4,455,vibration,0.5822375803010325
M4,455,temperature,44.087005165653
M4,455,motor_current,5.0687335102407065
M5,455,machine_health,1.1082189618749316
M5,455,defect_pressure,0.07668121088169765
M1,456,tool_wear,1.9935740633999477
M2,456,calibration_offset,5.913008549514314
M3,456,component_condition,1.047293694037035
M4,456,bearing_degradation,0.11450359857999276
M4,456,vibration,0.5383370890589955
M4,456,temperature,43.560979372905024
M4,456,motor_current,5.089751309388634
M5,456,machine_health,1.136055366103064
M5,456,defect_pressure,0.07675017099152517
M1,457,tool_wear,2.0162055926515468
M2,457,calibration_offset,6.044340722464441
M3,457,component_condition,1.0629445113102838
M4,457,bearing_degradation,0.13888405498866477
M4,457,vibration,0.5559425016745932
M4,457,temperature,43.37180603151852
M4,457,motor_current,4.998398124205407
M5,457,machine_health,1.1465702142980083
M5,457,defect_pressure,0.07681499349476305
M1,458,tool_wear,2.0631245475240387
M2,458,calibration_offset,6.149890891986363
M3,458,component_condition,1.0732047155788011
M4,458,bearing_degradation,0.1557227448601593
M4,458,vibration,0.6047109414283297
M4,458,temperature,42.795976847690774
M4,458,motor_current,5.070787939674873
M5,458,machine_health,1.1651479629250125
M5,458,defect_pressure,0.07687592664780665
M1,459,tool_wear,2.083146053285236
M2,459,calibration_offset,6.226343429225644
M3,459,component_condition,1.0839611183098419
M4,459,bearing_degradation,0.17202707960770502
M4,459,vibration,0.5303409408769869
M4,459,temperature,42.33218204350878
M4,459,motor_current,5.104101471396691
M5,459,machine_health,1.1755661531717172
M5,459,defect_pressure,0.07693320381166764
M1,460,tool_wear,2.1062479013841373
M2,460,calibration_offset,6.309335266311807
M3,460,component_condition,1.112771864331901
M4,460,bearing_degradation,0.18911555944745276
M4,460,vibration,0.5637609119824547
M4,460,temperature,42.10280987687884
M4,460,motor_current,5.111706310233597
M5,460,machine_health,1.2044480488903244
M5,460,defect_pressure,0.07698704434569698
M1,461,tool_wear,2.1290995974891143
M2,461,calibration_offset,6.410681842982823
M3,461,component_condition,1.1259375894530828
M4,461,bearing_degradation,0.21295283761066963
M4,461,vibration,0.5734880720169185
M4,461,temperature,42.17787418170899
M4,461,motor_current,5.08819732337932
M5,461,machine_health,1.2237418382592278
M5,461,defect_pressure,0.07703765444768454
M1,462,tool_wear,2.174064471100988
M2,462,calibration_offset,6.482528013492272
M3,462,component_condition,1.1498973988830385
M4,462,bearing_degradation,0.23286591602833456
M4,462,vibration,0.5852582568547421
M4,462,temperature,41.97626020895744
M4,462,motor_current,5.027772813249947
M5,462,machine_health,1.2348484860024946
M5,462,defect_pressure,0.07708522794355285
M1,463,tool_wear,2.2128822231200673
M2,463,calibration_offset,6.639842484634962
M3,463,component_condition,1.1670542220558693
M4,463,bearing_degradation,0.24350580523122106
M4,463,vibration,0.6414203055654126
M4,463,temperature,42.086930540287234
M4,463,motor_current,5.09233141504812
M5,463,machine_health,1.2525894862411924
M5,463,defect_pressure,0.07712994702966908
M1,464,tool_wear,2.234503651940559
M2,464,calibration_offset,6.754804714745566
M3,464,component_condition,1.193507180599747
M4,464,bearing_degradation,0.2598378539277693
M4,464,vibration,0.5939506688576476
M4,464,temperature,41.74648614128039
M4,464,motor_current,5.0916572637554305
M5,464,machine_health,1.2724017577591564
M5,464,defect_pressure,0.07717198297061832
M1,465,tool_wear,2.2692172841961527
M2,465,calibration_offset,6.903297389430063
M3,465,component_condition,1.2088895756525073
M4,465,bearing_degradation,0.2896796976683457
M4,465,vibration,0.5789070470388175
M4,465,temperature,41.83638255169102
M4,465,motor_current,5.0803429575382575
M5,465,machine_health,1.2906599815509407
M5,465,defect_pressure,0.07721149675511062
M1,466,tool_wear,2.2892877084121763
M2,466,calibration_offset,7.031355698721939
M3,466,component_condition,1.2271087878132254
M4,466,bearing_degradation,0.3032487111503132
M4,466,vibration,0.5792582991973295
M4,466,temperature,42.00795713023433
M4,466,motor_current,5.058270325415029
M5,466,machine_health,1.3161104333861917
M5,466,defect_pressure,0.07724863971253337
M1,467,tool_wear,2.332365225189424
M2,467,calibration_offset,7.125075902238835
M3,467,component_condition,1.2473039291512429
M4,467,bearing_degradation,0.32275589250393055
M4,467,vibration,0.6154538027384989
M4,467,temperature,41.9885918193545
M4,467,motor_current,5.193216403935688
M5,467,machine_health,1.328927805465209
M5,467,defect_pressure,0.07728355409251075
M1,468,tool_wear,2.3803226071673476
M2,468,calibration_offset,7.280097022825378
M3,468,component_condition,1.2584465835381096
M4,468,bearing_degradation,0.3461428595191865
M4,468,vibration,0.6716145363987198
M4,468,temperature,41.68376186876518
M4,468,motor_current,5.028868313219342
M5,468,machine_health,1.3415073836237523
M5,468,defect_pressure,0.0773163736096895
M1,469,tool_wear,2.401251725270023
M2,469,calibration_offset,7.343377010253067
M3,469,component_condition,1.288099631767981
M4,469,bearing_degradation,0.3742598473191726
M4,469,vibration,0.6513287212476752
M4,469,temperature,41.419913223346164
M4,469,motor_current,5.215336280452043
M5,469,machine_health,1.3656909976996405
M5,469,defect_pressure,0.07734722395583751
M1,470,tool_wear,2.441900515222841
M2,470,calibration_offset,7.447244179933372
M3,470,component_condition,1.3071648672184981
M4,470,bearing_degradation,0.3973553623448578
M4,470,vibration,0.6317847301687851
M4,470,temperature,41.26153557794633
M4,470,motor_current,5.102042607902447
M5,470,machine_health,1.379881382185891
M5,470,defect_pressure,0.07737622328121666
M1,471,tool_wear,2.4650349247254595
M2,471,calibration_offset,7.575972480374684
M3,471,component_condition,1.3285343112616346
M4,471,bearing_degradation,0.4125026715128905
M4,471,vibration,0.6843520523097882
M4,471,temperature,40.98295954614892
M4,471,motor_current,5.212257542551366
M5,471,machine_health,1.3943061385820248
M5,471,defect_pressure,0.07740348264707304
M1,472,tool_wear,2.4992313203319916
M2,472,calibration_offset,7.681605072756924
M3,472,component_condition,1.355370485442211
M4,472,bearing_degradation,0.42710436135004
M4,472,vibration,0.6614499577959931
M4,472,temperature,41.20852532540417
M4,472,motor_current,5.095013033636392
M5,472,machine_health,1.4113756880845925
M5,472,defect_pressure,0.07742910645097804
M1,473,tool_wear,2.522509703693036
M2,473,calibration_offset,7.751501935097795
M3,473,component_condition,1.3722998711837844
M4,473,bearing_degradation,0.4424698817591111
M4,473,vibration,0.6310857749286335
M4,473,temperature,41.34345172791471
M4,473,motor_current,5.145061759145358
M5,473,machine_health,1.4219991862668309
M5,473,defect_pressure,0.07745319282664875
M1,474,tool_wear,2.546329060055438
M2,474,calibration_offset,7.907528570947002
M3,474,component_condition,1.3902525708984395
M4,474,bearing_degradation,0.4620828423253593
M4,474,vibration,0.6900160102835605
M4,474,temperature,41.4267963140125
M4,474,motor_current,5.113152695613615
M5,474,machine_health,1.4513122497621591
M5,474,defect_pressure,0.07747583401977921
M1,475,tool_wear,2.576330095198935
M2,475,calibration_offset,8.02459502884508
M3,475,component_condition,1.4149070392067056
M4,475,bearing_degradation,0.4770820219501492
M4,475,vibration,0.701785659755466
M4,475,temperature,41.47835816043201
M4,475,motor_current,5.14092626985709
M5,475,machine_health,1.4641491377144988
M5,475,defect_pressure,0.07749711674132184
M1,476,tool_wear,2.6168221824546385
M2,476,calibration_offset,8.179655666003068
M3,476,component_condition,1.4425919426852847
M4,476,bearing_degradation,0.49879928296070764
M4,476,vibration,0.747127546431535
M4,476,temperature,41.49954474758592
M4,476,motor_current,5.255644114711465
M5,476,machine_health,1.482964236583325
M5,476,defect_pressure,0.07751712249957192
M1,477,tool_wear,2.666470045908934
M2,477,calibration_offset,8.244397229617077
M3,477,component_condition,1.4565627998626487
M4,477,bearing_degradation,0.5242075187020805
M4,477,vibration,0.7096448486807084
M4,477,temperature,41.38998124651527
M4,477,motor_current,5.278221147953427
M5,477,machine_health,1.4985735010674182
M5,477,defect_pressure,0.077535927912327
M1,478,tool_wear,2.6916213455781444
M2,478,calibration_offset,8.33339596888149
M3,478,component_condition,1.479661621953995
M4,478,bearing_degradation,0.536746239855564
M4,478,vibration,0.7580600337257349
M4,478,temperature,41.63241977728963
M4,478,motor_current,5.134582990356695
M5,478,machine_health,1.5279915952964156
M5,478,defect_pressure,0.07755360500031676
M1,479,tool_wear,2.713527417250862
M2,479,calibration_offset,8.489777735000308
M3,479,component_condition,1.4920670412165673
M4,479,bearing_degradation,0.5542250141276395
M4,479,vibration,0.7667841408376392
M4,479,temperature,41.34876699159166
M4,479,motor_current,5.154723525271039
M5,479,machine_health,1.543036651973519
M5,479,defect_pressure,0.07757022146302714
M1,480,tool_wear,2.7366218200772128
M2,480,calibration_offset,8.629285023118424
M3,480,component_condition,1.5097662156693183
M4,480,bearing_degradation,0.5834807102872541
M4,480,vibration,0.696057871399621
M4,480,temperature,41.341312647645964
M4,480,motor_current,5.2004065702174
M5,480,machine_health,1.554082025324751
M5,480,defect_pressure,0.0775858409379749
M1,481,tool_wear,2.7624656341565306
M2,481,calibration_offset,8.769541097933587
M3,481,component_condition,1.5325280701852475
M4,481,bearing_degradation,0.6080910033677807
M4,481,vibration,0.6972689253192073
M4,481,temperature,41.14646976651246
M4,481,motor_current,5.114189485983442
M5,481,machine_health,1.5839980726803493
M5,481,defect_pressure,0.07760052324442579
M1,482,tool_wear,2.789695521896408
M2,482,calibration_offset,8.881557120236026
M3,482,component_condition,1.5504278755962282
M4,482,bearing_degradation,0.6256469398459689
M4,482,vibration,0.7319272115400802
M4,482,temperature,41.325899247393885
M4,482,motor_current,5.176892969880234
M5,482,machine_health,1.5978238558142797
M5,482,defect_pressure,0.07761432461248963
M1,483,tool_wear,2.821013081467879
M2,483,calibration_offset,8.967065842478167
M3,483,component_condition,1.5665361455670832
M4,483,bearing_degradation,0.6508621260137079
M4,483,vibration,0.7119286574999706
M4,483,temperature,41.423254035899866
M4,483,motor_current,5.203694020223491
M5,483,machine_health,1.6140912097034252
M5,483,defect_pressure,0.07762729789846964
M1,484,tool_wear,2.8671513911115136
M2,484,calibration_offset,9.036827718531683
M3,484,component_condition,1.5875624933803394
M4,484,bearing_degradation,0.6726487589126624
M4,484,vibration,0.7715735887420279
M4,484,temperature,41.304519395498396
M4,484,motor_current,5.225800874549888
M5,484,machine_health,1.626029556244765
M5,484,defect_pressure,0.07763949278729085
M1,485,tool_wear,2.9109324932849363
M2,485,calibration_offset,9.11209353498576
M3,485,component_condition,1.598051031039152
M4,485,bearing_degradation,0.6960370001977353
M4,485,vibration,0.7500283813101862
M4,485,temperature,41.43740170979243
M4,485,motor_current,5.326254142432042
M5,485,machine_health,1.6555996755834188
M5,485,defect_pressure,0.07765095598278278
M1,486,tool_wear,2.9433176752177035
M2,486,calibration_offset,9.197275005186674
M3,486,component_condition,1.6239217790837286
M4,486,bearing_degradation,0.7212050736584193
M4,486,vibration,0.7406806816673002
M4,486,temperature,41.700149852446984
M4,486,motor_current,5.155211579518829
M5,486,machine_health,1.6778295726378027
M5,486,defect_pressure,0.0776617313865452
M1,487,tool_wear,2.9665565486610284
M2,487,calibration_offset,9.316168607442929
M3,487,component_condition,1.6441164892838074
M4,487,bearing_degradation,0.7317340117103727
M4,487,vibration,0.7762493248538148
M4,487,temperature,42.035267165230096
M4,487,motor_current,5.330818019344048
M5,487,machine_health,1.7047755075485127
M5,487,defect_pressure,0.07767186026608187
M1,488,tool_wear,2.9887918625155874
M2,488,calibration_offset,9.473112545010517
M3,488,component_condition,1.6579037067996447
M4,488,bearing_degradation,0.7540879034341444
M4,488,vibration,0.8160774783366396
M4,488,temperature,41.77496928996736
M4,488,motor_current,5.329636818118252
M5,488,machine_health,1.7289490419478228
M5,488,defect_pressure,0.07768138141284635
M1,489,tool_wear,3.0148259587932986
M2,489,calibration_offset,9.566887344684002
M3,489,component_condition,1.6774387843098113
M4,489,bearing_degradation,0.7761899358788875
M4,489,vibration,0.8000504573362905
M4,489,temperature,41.70953263616682
M4,489,motor_current,5.345054686123714
M5,489,machine_health,1.748848697842072
M5,489,defect_pressure,0.07769033129080495
M1,490,tool_wear,3.0410081721914137
M2,490,calibration_offset,9.63338742357889
M3,490,component_condition,1.7055007344507975
M4,490,bearing_degradation,0.8010772999649673
M4,490,vibration,0.8323754273678022
M4,490,temperature,41.960747947942274
M4,490,motor_current,5.266738075144921
M5,490,machine_health,1.777668013598928
M5,490,defect_pressure,0.07769874417608605
M1,491,tool_wear,3.084560328038319
M2,491,calibration_offset,9.748836335011006
M3,491,component_condition,1.734862184508991
M4,491,bearing_degradation,0.8117338099413521
M4,491,vibration,0.8214794702399569
M4,491,temperature,42.09616597632498
M4,491,motor_current,5.350113370205088
M5,491,machine_health,1.7986360323337662
M5,491,defect_pressure,0.07770665228825027
M1,492,tool_wear,3.113018214590866
M2,492,calibration_offset,9.81400490300212
M3,492,component_condition,1.7475142643239274
M4,492,bearing_degradation,0.8320762277036188
M4,492,vibration,0.8591915390428633
M4,492,temperature,42.10457170300329
M4,492,motor_current,5.349199603903374
M5,492,machine_health,1.811762661101623
M5,492,defect_pressure,0.07771408591368464
M1,493,tool_wear,3.1553245426799847
M2,493,calibration_offset,9.912818211102344
M3,493,component_condition,1.7690242846933086
M4,493,bearing_degradation,0.8454897764096635
M4,493,vibration,0.854486535798322
M4,493,temperature,42.359284710139434
M4,493,motor_current,5.247509323100762
M5,493,machine_health,1.8284274959126376
M5,493,defect_pressure,0.07772107352159295
M1,494,tool_wear,3.193504992754368
M2,494,calibration_offset,10.068741754634726
M3,494,component_condition,1.7931063719087414
M4,494,bearing_degradation,0.8726572440048848
M4,494,vibration,0.8947464643562602
M4,494,temperature,42.384575116069406
M4,494,motor_current,5.3917370452327615
M5,494,machine_health,1.8475171505717447
M5,494,defect_pressure,0.07772764187302676
M1,495,tool_wear,3.2207501795600497
M2,495,calibration_offset,10.166737749860701
M3,495,component_condition,1.810111819322128
M4,495,bearing_degradation,0.8836163986536245
M4,495,vibration,0.8809875109206993
M4,495,temperature,42.45361242910174
M4,495,motor_current,5.361406700737548
M5,495,machine_health,1.8625900000585722
M5,495,defect_pressure,0.07773381612337454
M1,496,tool_wear,3.244660401267122
M2,496,calibration_offset,10.238425625919795
M3,496,component_condition,1.8227182982561745
M4,496,bearing_degradation,0.8948972691309203
M4,496,vibration,0.8942023206664839
M4,496,temperature,42.75362017447313
M4,496,motor_current,5.262563528329299
M5,496,machine_health,1.8854042045531167
M5,496,defect_pressure,0.07773961991870146
M1,497,tool_wear,3.27086551458562
M2,497,calibration_offset,10.340047329023028
M3,497,component_condition,1.8440197439169084
M4,497,bearing_degradation,0.9206106011698094
M4,497,vibration,0.8855959191496497
M4,497,temperature,42.52344789947362
M4,497,motor_current,5.361177856383777
M5,497,machine_health,1.8982364315654747
M5,497,defect_pressure,0.07774507548630875
M1,498,tool_wear,3.319569954703346
M2,498,calibration_offset,10.496265919972208
M3,498,component_condition,1.8700905794534368
M4,498,bearing_degradation,0.9393461445562759
M4,498,vibration,0.8777565314791863
M4,498,temperature,42.42986563437546
M4,498,motor_current,5.231824118523902
M5,498,machine_health,1.9171084255918385
M5,498,defect_pressure,0.07775020371985962
M1,499,tool_wear,3.360717288685286
M2,499,calibration_offset,10.621275165086201
M3,499,component_condition,1.88015099688056
M4,499,bearing_degradation,0.9679888228642415
M4,499,vibration,0.9092541710827603
M4,499,temperature,42.63673371042571
M4,499,motor_current,5.257092679588414
M5,499,machine_health,1.9307327864641108
M5,499,defect_pressure,0.07775502425939743
M1,500,tool_wear,0.0
M2,500,calibration_offset,0.0
M3,500,component_condition,0.0
M4,500,bearing_degradation,1.032703321151599
M4,500,vibration,0.8940137508964618
M4,500,temperature,42.55125268365453
M4,500,motor_current,5.455892104246331
M5,500,machine_health,0.0
M5,500,defect_pressure,0.07775955556656297
M1,501,tool_wear,0.028638022822796573
M2,501,calibration_offset,0.1251679794878427
M3,501,component_condition,0.01638633760042748
M4,501,bearing_degradation,1.1323342867304942
M4,501,vibration,0.9486653756814797
M4,501,temperature,42.84354402100085
M4,501,motor_current,5.386781695882532
M5,501,machine_health,0.018528121129839453
M5,501,defect_pressure,0.07776392787739576
M1,502,tool_wear,0.061961412978058766
M2,502,calibration_offset,0.2531725851252697
M3,502,component_condition,0.02674697779693208
M4,502,bearing_degradation,1.205227763519583
M4,502,vibration,0.9644806606658711
M4,502,temperature,42.70250828701183
M4,502,motor_current,5.499342331595092
M5,502,machine_health,0.040245163578502816
M5,502,defect_pressure,0.07776803784957859
M1,503,tool_wear,0.1017360793160628
M2,503,calibration_offset,0.3645359235181348
M3,503,component_condition,0.04450940693230202
M4,503,bearing_degradation,1.246600305565764
M4,503,vibration,1.0134610399711612
M4,503,temperature,42.75415423726206
M4,503,motor_current,5.417433984999105
M5,503,machine_health,0.06211927923753151
M5,503,defect_pressure,0.07777190122343045
M1,504,tool_wear,0.12685199099787606
M2,504,calibration_offset,0.490150532702879
M3,504,component_condition,0.06535007383424607
M4,504,bearing_degradation,1.3129715667015942
M4,504,vibration,1.0026298898442059
M4,504,temperature,42.80853254428489
M4,504,motor_current,5.437092914051508
M5,504,machine_health,0.08934053796712589
M5,504,defect_pressure,0.0777755327948512
M1,505,tool_wear,0.15203659254156962
M2,505,calibration_offset,0.5563048361163627
M3,505,component_condition,0.09305038032519124
M4,505,bearing_degradation,1.3808942500571986
M4,505,vibration,1.089715230598853
M4,505,temperature,43.09962699659904
M4,505,motor_current,5.48592843119363
M5,505,machine_health,0.09953131704763679
M5,505,defect_pressure,0.07777894647198669
M1,506,tool_wear,0.19424598346688815
M2,506,calibration_offset,0.6692692888198761
M3,506,component_condition,0.11615804431446031
M4,506,bearing_degradation,1.4761805059654256
M4,506,vibration,1.0559406872046562
M4,506,temperature,43.203446662419225
M4,506,motor_current,5.498267195344916
M5,506,machine_health,0.12233633534668231
M5,506,defect_pressure,0.07778215532849406
M1,507,tool_wear,0.24157645446626475
M2,507,calibration_offset,0.7398784938146713
M3,507,component_condition,0.14532459804408804
M4,507,bearing_degradation,1.522457507593375
M4,507,vibration,1.1585842813755751
M4,507,temperature,43.14783901842173
M4,507,motor_current,5.533369649002086
M5,507,machine_health,0.14442611499185148
M5,507,defect_pressure,0.07778517165361098
M1,508,tool_wear,0.2700802889441871
M2,508,calibration_offset,0.867300457059411
M3,508,component_condition,0.163509589519796
M4,508,bearing_degradation,1.6134830007852492
M4,508,vibration,1.1410955955333624
M4,508,temperature,43.381007352009064
M4,508,motor_current,5.585570953472222
M5,508,machine_health,0.15993504858766167
M5,508,defect_pressure,0.0777880069992209
M1,509,tool_wear,0.3035547350261535
M2,509,calibration_offset,0.9364141909683816
M3,509,component_condition,0.17744866212397042
M4,509,bearing_degradation,1.6893530794968104
M4,509,vibration,1.1628875657321713
M4,509,temperature,43.519059574212875
M4,509,motor_current,5.59870744214469
M5,509,machine_health,0.18754348664513376
M5,509,defect_pressure,0.0777906722240942
M1,510,tool_wear,0.3246230995343387
M2,510,calibration_offset,1.0518311631294817
M3,510,component_condition,0.19099829882379066
M4,510,bearing_degradation,1.790655022675848
M4,510,vibration,1.179855283807071
M4,510,temperature,43.70293985629747
M4,510,motor_current,5.569564508484464
M5,510,machine_health,0.200417239148818
M5,510,defect_pressure,0.07779317753547513
M1,511,tool_wear,0.348938133664048
M2,511,calibration_offset,1.192646868031903
M3,511,component_condition,0.20773673708532556
M4,511,bearing_degradation,1.8317407919243058
M4,511,vibration,1.2049913176254976
M4,511,temperature,43.69500324813246
M4,511,motor_current,5.6267131476614365
M5,511,machine_health,0.21065863785483036
M5,511,defect_pressure,0.07779553252817319
M1,512,tool_wear,0.3978242484841023
M2,512,calibration_offset,1.299764123969717
M3,512,component_condition,0.23430429999735847
M4,512,bearing_degradation,1.885125144789931
M4,512,vibration,1.2544921618874936
M4,512,temperature,44.037470137493344
M4,512,motor_current,5.660437642113068
M5,512,machine_health,0.23677804042824943
M5,512,defect_pressure,0.07779774622130936
M1,513,tool_wear,0.4306220055157341
M2,513,calibration_offset,1.4442866797857912
M3,513,component_condition,0.26197129401780056
M4,513,bearing_degradation,1.9728817744436018
M4,513,vibration,1.26115933525591
M4,513,temperature,44.15870634488071
M4,513,motor_current,5.76365406847662
M5,513,machine_health,0.2510729304764166
M5,513,defect_pressure,0.07779982709285738
M1,514,tool_wear,0.4559046841540497
M2,514,calibration_offset,1.5294936684708083
M3,514,component_condition,0.29161284159051315
M4,514,bearing_degradation,2.014169577123648
M4,514,vibration,1.3147432029847657
M4,514,temperature,44.4067047145727
M4,514,motor_current,5.688711150089808
M5,514,machine_health,0.27140386068420186
M5,514,defect_pressure,0.0778017831121125
M1,515,tool_wear,0.47901986573737754
M2,515,calibration_offset,1.599596493119934
M3,515,component_condition,0.3066414446342624
M4,515,bearing_degradation,2.1089927995442763
M4,515,vibration,1.3166466035528626
M4,515,temperature,44.495271859331986
M4,515,motor_current,5.680126048301497
M5,515,machine_health,0.29483122086213776
M5,515,defect_pressure,0.07780362177021233
M1,516,tool_wear,0.50395164626723
M2,516,calibration_offset,1.7387925945666056
M3,516,component_condition,0.32004449745715274
M4,516,bearing_degradation,2.1829293471260804
M4,516,vibration,1.3643128320264786
M4,516,temperature,44.96926315994039
M4,516,motor_current,5.689299299883529
M5,516,machine_health,0.3202886995897748
M5,516,defect_pressure,0.07780535010882617
M1,517,tool_wear,0.5496883218246171
M2,517,calibration_offset,1.8646781349892898
M3,517,component_condition,0.3399608869101235
M4,517,bearing_degradation,2.2647019934631336
M4,517,vibration,1.4454620075251114
M4,517,temperature,44.886420360197214
M4,517,motor_current,5.720776365558829
M5,517,machine_health,0.33835967200604855
M5,517,defect_pressure,0.07780697474712317
M1,518,tool_wear,0.5734846811605084
M2,518,calibration_offset,2.0010396648854556
M3,518,component_condition,0.3698012062980602
M4,518,bearing_degradation,2.3287413259223717
M4,518,vibration,1.4582826226815344
M4,518,temperature,44.820706225719
M4,518,motor_current,5.739641700581279
M5,518,machine_health,0.3652745695725638
M5,518,defect_pressure,0.07780850190712235
M1,519,tool_wear,0.614764110004613
M2,519,calibration_offset,2.096763861702469
M3,519,component_condition,0.38147868106910043
M4,519,bearing_degradation,2.3688057127908957
M4,519,vibration,1.4853753600370738
M4,519,temperature,44.930378113520106
M4,519,motor_current,5.859141394291515
M5,519,machine_health,0.38051682901289974
M5,519,defect_pressure,0.07780993743752158
M1,520,tool_wear,0.6563765920773832
M2,520,calibration_offset,2.251120383418167
M3,520,component_condition,0.40316317684573477
M4,520,bearing_degradation,2.443950683736361
M4,520,vibration,1.51294326634734
M4,520,temperature,45.01568214416055
M4,520,motor_current,5.9306412090125145
M5,520,machine_health,0.4091790934362728
M5,520,defect_pressure,0.07781128683609687
M1,521,tool_wear,0.6777230225715647
M2,521,calibration_offset,2.358150005687324
M3,521,component_condition,0.42279992191725996
M4,521,bearing_degradation,2.48346503136827
M4,521,vibration,1.5008153665181656
M4,521,temperature,45.332371126706185
M4,521,motor_current,5.870361220649983
M5,521,machine_health,0.4314915813699353
M5,521,defect_pressure,0.07781255527075763
M1,522,tool_wear,0.7102629990791752
M2,522,calibration_offset,2.4830580658892125
M3,522,component_condition,0.4354794192522556
M4,522,bearing_degradation,2.5831906087466328
M4,522,vibration,1.4945266568224622
M4,522,temperature,45.331021734748106
M4,522,motor_current,5.8707182396717705
M5,522,machine_health,0.4531940145884778
M5,522,defect_pressure,0.07781374759933875
M1,523,tool_wear,0.7398525609468343
M2,523,calibration_offset,2.612028219375399
M3,523,component_condition,0.45169887967991623
M4,523,bearing_degradation,2.676415579759594
M4,523,vibration,1.6186133116821446
M4,523,temperature,45.59715244404611
M4,523,motor_current,5.838685523900466
M5,523,machine_health,0.4747657215603368
M5,523,defect_pressure,0.07781486838820499
M1,524,tool_wear,0.7708050711453663
M2,524,calibration_offset,2.750080399651101
M3,524,component_condition,0.4742345560209531
M4,524,bearing_degradation,2.7501765559574793
M4,524,vibration,1.6487120242312805
M4,524,temperature,46.00186450688416
M4,524,motor_current,6.017951072263622
M5,524,machine_health,0.486441804742238
M5,524,defect_pressure,0.07781592192973927
M1,525,tool_wear,0.8156805245438639
M2,525,calibration_offset,2.8671657022055324
M3,525,component_condition,0.4965388539528914
M4,525,bearing_degradation,2.826779777332341
M4,525,vibration,1.6400729653775779
M4,525,temperature,46.04822296782927
M4,525,motor_current,5.914065636812467
M5,525,machine_health,0.5009902393167086
M5,525,defect_pressure,0.07781691225878148
M1,526,tool_wear,0.8539638834636822
M2,526,calibration_offset,2.9359663049566778
M3,526,component_condition,0.5128062420814985
M4,526,bearing_degradation,2.922230167552081
M4,526,vibration,1.7118181645406216
M4,526,temperature,46.20214165118173
M4,526,motor_current,6.09556772013522
M5,526,machine_health,0.5159052455604264
M5,526,defect_pressure,0.07781784316808117
M1,527,tool_wear,0.8986867181782134
M2,527,calibration_offset,3.0524482212453172
M3,527,component_condition,0.5357043685587969
M4,527,bearing_degradation,3.0169522760573515
M4,527,vibration,1.6832406216110438
M4,527,temperature,46.49871428173975
M4,527,motor_current,6.046040604433488
M5,527,machine_health,0.5391357320433499
M5,527,defect_pressure,0.07781871822282287
M1,528,tool_wear,0.9358269040318058
M2,528,calibration_offset,3.1240927736537882
M3,528,component_condition,0.5472972711394922
M4,528,bearing_degradation,3.074964495241824
M4,528,vibration,1.7520291683193074
M4,528,temperature,46.85759456699907
M4,528,motor_current,6.0428012455529725
M5,528,machine_health,0.5618846396177078
M5,528,defect_pressure,0.07781954077428006
M1,529,tool_wear,0.9767221195361124
M2,529,calibration_offset,3.278353744669654
M3,529,component_condition,0.5623409107758777
M4,529,bearing_degradation,3.1433242512924253
M4,529,vibration,1.7369362515208648
M4,529,temperature,47.123790082922376
M4,529,motor_current,6.033237573054986
M5,529,machine_health,0.5905235224107953
M5,529,defect_pressure,0.07782031397264984
M1,530,tool_wear,1.018469427691195
M2,530,calibration_offset,3.401357202423898
M3,530,component_condition,0.583905506499268
M4,530,bearing_degradation,3.198390491982517
M4,530,vibration,1.7660519799747063
M4,530,temperature,47.12126699860224
M4,530,motor_current,6.0298919466483225
M5,530,machine_health,0.6025990165834901
M5,530,defect_pressure,0.07782104077911742
M1,531,tool_wear,1.0582377115092372
M2,531,calibration_offset,3.5485117704947107
M3,531,component_condition,0.6042582852130567
M4,531,bearing_degradation,3.241407792765361
M4,531,vibration,1.8462621673873996
M4,531,temperature,47.33689616318965
M4,531,motor_current,6.104138855409349
M5,531,machine_health,0.6292645026840653
M5,531,defect_pressure,0.07782172397719694
M1,532,tool_wear,1.0814613080024937
M2,532,calibration_offset,3.6820835691725216
M3,532,component_condition,0.6205841321875691
M4,532,bearing_degradation,3.3083366973916255
M4,532,vibration,1.776336701528384
M4,532,temperature,47.534044073827914
M4,532,motor_current,6.17218184717369
M5,532,machine_health,0.6556466492076191
M5,532,defect_pressure,0.0778223661833917
M1,533,tool_wear,1.110911556258187
M2,533,calibration_offset,3.837142965765634
M3,533,component_condition,0.6349863287879524
M4,533,bearing_degradation,3.403023328108746
M4,533,vibration,1.8886976744687933
M4,533,temperature,47.737187733412284
M4,533,motor_current,6.1919343056978144
M5,533,machine_health,0.6757472101305944
M5,533,defect_pressure,0.07782296985721476
M1,534,tool_wear,1.1575092441432555
M2,534,calibration_offset,3.939429806671543
M3,534,component_condition,0.6598019261311658
M4,534,bearing_degradation,3.4886061488471576
M4,534,vibration,1.8658928934081427
M4,534,temperature,47.91283279226949
M4,534,motor_current,6.21498123909324
M5,534,machine_health,0.6923342806155934
M5,534,defect_pressure,0.07782353731060845
M1,535,tool_wear,1.206906677126727
M2,535,calibration_offset,4.060645672565866
M3,535,component_condition,0.6795594582511271
M4,535,bearing_degradation,3.584653573309418
M4,535,vibration,1.9127551309895254
M4,535,temperature,47.94869508781775
M4,535,motor_current,6.3419418729898975
M5,535,machine_health,0.7181743431381974
M5,535,defect_pressure,0.07782407071679852
M1,536,tool_wear,1.2309692426212617
M2,536,calibration_offset,4.135116736179518
M3,536,component_condition,0.7039075293592313
M4,536,bearing_degradation,3.657455616767666
M4,536,vibration,1.9590856035168478
M4,536,temperature,48.146596350102456
M4,536,motor_current,6.2752404720536665
M5,536,machine_health,0.7469296343245618
M5,536,defect_pressure,0.07782457211861718
M1,537,tool_wear,1.265004718120023
M2,537,calibration_offset,4.28462340847314
M3,537,component_condition,0.722223250600615
M4,537,bearing_degradation,3.7589970576829814
M4,537,vibration,1.9780604504784196
M4,537,temperature,48.60731441934029
M4,537,motor_current,6.319812087417859
M5,537,machine_health,0.7679740799280388
M5,537,defect_pressure,0.07782504343632672
M1,538,tool_wear,1.2994429366748512
M2,538,calibration_offset,4.385114489900124
M3,538,component_condition,0.7424526014014673
M4,538,bearing_degradation,3.8188562811647815
M4,538,vibration,2.018258942312625
M4,538,temperature,48.83775784802709
M4,538,motor_current,6.345435721596064
M5,538,machine_health,0.7806697956263875
M5,538,defect_pressure,0.07782548647497368
M1,539,tool_wear,1.3232270102637242
M2,539,calibration_offset,4.505609491214894
M3,539,component_condition,0.7706322192397645
M4,539,bearing_degradation,3.8796556539967213
M4,539,vibration,2.097863449680601
M4,539,temperature,49.31015553351839
M4,539,motor_current,6.428669171501761
M5,539,machine_health,0.796382327620059
M5,539,defect_pressure,0.07782590293130183
M1,540,tool_wear,1.344183554119982
M2,540,calibration_offset,4.5930009782778844
M3,540,component_condition,0.7965910830248305
M4,540,bearing_degradation,3.944708247596015
M4,540,vibration,2.0686717917234425
M4,540,temperature,49.33091961611208
M4,540,motor_current,6.415876244378897
M5,540,machine_health,0.8209517465312308
M5,540,defect_pressure,0.0778262944002503
M1,541,tool_wear,1.388609817131622
M2,541,calibration_offset,4.654565307808628
M3,541,component_condition,0.8233354658840045
M4,541,bearing_degradation,4.046902415870962
M4,541,vibration,2.136615700490201
M4,541,temperature,49.654235222036924
M4,541,motor_current,6.505541781104636
M5,541,machine_health,0.8404785124011181
M5,541,defect_pressure,0.07782666238106185
M1,542,tool_wear,1.4236434081563822
M2,542,calibration_offset,4.793755961650852
M3,542,component_condition,0.852175294821682
M4,542,bearing_degradation,4.083544547391443
M4,542,vibration,2.1163594846940215
M4,542,temperature,49.93599599483303
M4,542,motor_current,6.511399577688995
M5,542,machine_health,0.852339119895936
M5,542,defect_pressure,0.07782700828302472
M1,543,tool_wear,1.451634737399283
M2,543,calibration_offset,4.946492602597008
M3,543,component_condition,0.8698542727069414
M4,543,bearing_degradation,4.127125368346946
M4,543,vibration,2.193643567462481
M4,543,temperature,50.15299196188033
M4,543,motor_current,6.491391286985912
M5,543,machine_health,0.8643497270697728
M5,543,defect_pressure,0.07782733343086981
M1,544,tool_wear,1.4816767971966613
M2,544,calibration_offset,5.076356161540204
M3,544,component_condition,0.8981519957093714
M4,544,bearing_degradation,4.17608202567769
M4,544,vibration,2.1511983190067094
M4,544,temperature,50.11591806890659
M4,544,motor_current,6.488335767710426
M5,544,machine_health,0.8897660175030592
M5,544,defect_pressure,0.07782763906984419
M1,545,tool_wear,1.5067485296706724
M2,545,calibration_offset,5.149326787339207
M3,545,component_condition,0.9218997939630857
M4,545,bearing_degradation,4.214214626052527
M4,545,vibration,2.165329922898951
M4,545,temperature,50.23667112109692
M4,545,motor_current,6.404178500236806
M5,545,machine_health,0.9102037067416088
M5,545,defect_pressure,0.07782792637048011
M1,546,tool_wear,1.5483326366100738
M2,546,calibration_offset,5.238355155070683
M3,546,component_condition,0.9334955764357658
M4,546,bearing_degradation,4.299720450641567
M4,546,vibration,2.1787008372066827
M4,546,temperature,50.71071095184822
M4,546,motor_current,6.551362311846185
M5,546,machine_health,0.9282859036964679
M5,546,defect_pressure,0.07782819643307788
M1,547,tool_wear,1.584797889277878
M2,547,calibration_offset,5.354862534218693
M3,547,component_condition,0.9610099171669445
M4,547,bearing_degradation,4.341615075559125
M4,547,vibration,2.2131583563682242
M4,547,temperature,50.93915794672388
M4,547,motor_current,6.588872175070375
M5,547,machine_health,0.9410651018014462
M5,547,defect_pressure,0.07782845029191977
M1,548,tool_wear,1.6097399095445097
M2,548,calibration_offset,5.44134916000005
M3,548,component_condition,0.9783668607898005
M4,548,bearing_degradation,4.432966314085549
M4,548,vibration,2.2601753881990323
M4,548,temperature,51.26425254169716
M4,548,motor_current,6.596616130262309
M5,548,machine_health,0.9633895868335852
M5,548,defect_pressure,0.07782868891923116
M1,549,tool_wear,1.658008937681546
M2,549,calibration_offset,5.5221516162733755
M3,549,component_condition,1.0022804140541073
M4,549,bearing_degradation,4.518119652470501
M4,549,vibration,2.2958972332745917
M4,549,temperature,51.320020933431515
M4,549,motor_current,6.607877285332948
M5,549,machine_health,0.982608978677836
M5,549,defect_pressure,0.07782891322890385
M1,550,tool_wear,1.7033117715528174
M2,550,calibration_offset,5.587981336659611
M3,550,component_condition,1.0295584803799895
M4,550,bearing_degradation,4.560986460715511
M4,550,vibration,2.3091683678421355
M4,550,temperature,51.78216734446571
M4,550,motor_current,6.536676303503807
M5,550,machine_health,1.009318701790702
M5,550,defect_pressure,0.07782912407999619
M1,551,tool_wear,1.7439148054207325
M2,551,calibration_offset,5.73100635593775
M3,551,component_condition,1.0452555339122018
M4,551,bearing_degradation,4.652377118566397
M4,551,vibration,2.3900861197917926
M4,551,temperature,52.048483679911804
M4,551,motor_current,6.684489088171334
M5,551,machine_health,1.036791378243396
M5,551,defect_pressure,0.07782932228002298
M1,552,tool_wear,1.7847743739094641
M2,552,calibration_offset,5.8786377529293015
M3,552,component_condition,1.0612686467234167
M4,552,bearing_degradation,4.72481821146951
M4,552,vibration,2.427587096471306
M4,552,temperature,52.5085718078997
M4,552,motor_current,6.6068811869451505
M5,552,machine_health,1.0657736273811609
M5,552,defect_pressure,0.07782950858804817
M1,553,tool_wear,1.8265837700498386
M2,553,calibration_offset,5.9394485726179225
M3,553,component_condition,1.0810353449835033
M4,553,bearing_degradation,4.780398448671157
M4,553,vibration,2.4181486896220576
M4,553,temperature,52.57238560561033
M4,553,motor_current,6.606566320008766
M5,553,machine_health,1.0864696469195443
M5,553,defect_pressure,0.07782968371759186
M1,554,tool_wear,1.8513051254959048
M2,554,calibration_offset,6.074842341062065
M3,554,component_condition,1.0924527789966008
M4,554,bearing_degradation,4.852332160649866
M4,554,vibration,2.4426789651983754
M4,554,temperature,53.025459300960534
M4,554,motor_current,6.708132900741198
M5,554,machine_health,1.1154512389832005
M5,554,defect_pressure,0.07782984833936292
M1,555,tool_wear,1.8966314130691917
M2,555,calibration_offset,6.217709055415424
M3,555,component_condition,1.1164756016242723
M4,555,bearing_degradation,4.908076526031507
M4,555,vibration,2.4857874351685973
M4,555,temperature,53.03323195374946
M4,555,motor_current,6.618007951160245
M5,555,machine_health,1.1275408868893573
M5,555,defect_pressure,0.07783000308382772
M1,556,tool_wear,1.9309086028933877
M2,556,calibration_offset,6.37476638867816
M3,556,component_condition,1.1328495467699802
M4,556,bearing_degradation,4.953322640692734
M4,556,vibration,2.450222037653589
M4,556,temperature,53.43156630028246
M4,556,motor_current,6.684913909020272
M5,556,machine_health,1.1508038434773538
M5,556,defect_pressure,0.07783014854362462
M1,557,tool_wear,1.9514990993548302
M2,557,calibration_offset,6.483467992729784
M3,557,component_condition,1.1613653177598715
M4,557,bearing_degradation,5.01353258868246
M4,557,vibration,2.501916567946051
M4,557,temperature,53.70640704884697
M4,557,motor_current,6.831535961413098
M5,557,machine_health,1.1771074481167516
M5,557,defect_pressure,0.07783028527583372
M1,558,tool_wear,1.9798972192455875
M2,558,calibration_offset,6.554692099928943
M3,558,component_condition,1.187451724281815
M4,558,bearing_degradation,5.048926780574823
M4,558,vibration,2.488202389881783
M4,558,temperature,53.61028010044674
M4,558,motor_current,6.73978926831499
M5,558,machine_health,1.1940770076326648
M5,558,defect_pressure,0.07783041380411027
M1,559,tool_wear,2.0138253903253176
M2,559,calibration_offset,6.657461278732288
M3,559,component_condition,1.2077850094786924
M4,559,bearing_degradation,5.148958242575
M4,559,vibration,2.5473801325941285
M4,559,temperature,53.77214504663847
M4,559,motor_current,6.719839847944196
M5,559,machine_health,1.2072831884229762
M5,559,defect_pressure,0.07783053462069023
M1,560,tool_wear,2.036101539562039
M2,560,calibration_offset,6.779838497797374
M3,560,component_condition,1.2321914678082635
M4,560,bearing_degradation,5.206521934640666
M4,560,vibration,2.5936481605206714
M4,560,temperature,54.220352341352964
M4,560,motor_current,6.856631645219729
M5,560,machine_health,1.2350996710531887
M5,560,defect_pressure,0.07783064818827538
M1,561,tool_wear,2.0845736213714017
M2,561,calibration_offset,6.933179829842329
M3,561,component_condition,1.2505591345625289
M4,561,bearing_degradation,5.2957353539899845
M4,561,vibration,2.571673056690819
M4,561,temperature,54.44293131073094
M4,561,motor_current,6.7908539727159685
M5,561,machine_health,1.2544808778576118
M5,561,defect_pressure,0.07783075494180543
M1,562,tool_wear,2.1089424835271653
M2,562,calibration_offset,7.040204738375205
M3,562,component_condition,1.2794844244225905
M4,562,bearing_degradation,5.375904796862634
M4,562,vibration,2.683034683584682
M4,562,temperature,54.37556153734453
M4,562,motor_current,6.88251754361503
M5,562,machine_health,1.2811364592780776
M5,562,defect_pressure,0.07783085529012368
M1,563,tool_wear,2.144963315438707
M2,563,calibration_offset,7.134232236598608
M3,563,component_condition,1.2994079429446128
M4,563,bearing_degradation,5.418072409258157
M4,563,vibration,2.6233795373491264
M4,563,temperature,54.29422772918173
M4,563,motor_current,6.872355371631889
M5,563,machine_health,1.305992889309775
M5,563,defect_pressure,0.07783094961754283
M1,564,tool_wear,2.1731911709434737
M2,564,calibration_offset,7.208683758989303
M3,564,component_condition,1.3254920010905684
M4,564,bearing_degradation,5.477965949206186
M4,564,vibration,2.720286787089015
M4,564,temperature,54.514322490912285
M4,564,motor_current,6.842858029620858
M5,564,machine_health,1.321251374262418
M5,564,defect_pressure,0.07783103828531683
M1,565,tool_wear,2.203484636435984
M2,565,calibration_offset,7.308533961869701
M3,565,component_condition,1.33891089896192
M4,565,bearing_degradation,5.567141478223843
M4,565,vibration,2.758239504448822
M4,565,temperature,54.72913819488457
M4,565,motor_current,6.889573154316341
M5,565,machine_health,1.3361767889444813
M5,565,defect_pressure,0.07783112163302439
M1,566,tool_wear,2.2529652836237237
M2,566,calibration_offset,7.437323826417608
M3,566,component_condition,1.352720038902521
M4,566,bearing_degradation,5.6294174977840115
M4,566,vibration,2.7759273010873255
M4,566,temperature,54.87691563528981
M4,566,motor_current,6.936354959318031
M5,566,machine_health,1.3471284527954035
M5,566,defect_pressure,0.0778311999798695
M1,567,tool_wear,2.29382591114568
M2,567,calibration_offset,7.563804602275633
M3,567,component_condition,1.3814470900590206
M4,567,bearing_degradation,5.665931387256337
M4,567,vibration,2.7647318597129678
M4,567,temperature,55.08963191461438
M4,567,motor_current,6.947408479818667
M5,567,machine_health,1.3705737115940548
M5,567,defect_pressure,0.07783127362590389
M1,568,tool_wear,2.3315209429788726
M2,568,calibration_offset,7.652537635598398
M3,568,component_condition,1.3959448256635312
M4,568,bearing_degradation,5.767077706713842
M4,568,vibration,2.7763881473956893
M4,568,temperature,55.395797461263996
M4,568,motor_current,7.081929051147348
M5,568,machine_health,1.3858247161944548
M5,568,defect_pressure,0.07783134285317624
M1,569,tool_wear,2.373859053348974
M2,569,calibration_offset,7.734467163848881
M3,569,component_condition,1.4150511938647696
M4,569,bearing_degradation,5.813271633865531
M4,569,vibration,2.815123602898503
M4,569,temperature,55.64817989741914
M4,569,motor_current,7.124255728223513
M5,569,machine_health,1.4024031117586693
M5,569,defect_pressure,0.07783140792681223
M1,570,tool_wear,2.4032498139900214
M2,570,calibration_offset,7.849861337234344
M3,570,component_condition,1.4310120443205967
M4,570,bearing_degradation,5.91597655834211
M4,570,vibration,2.8602561614718813
M4,570,temperature,55.794166578428516
M4,570,motor_current,7.139901950583711
M5,570,machine_health,1.4170219450506443
M5,570,defect_pressure,0.07783146909603007
M1,571,tool_wear,2.4475208504972317
M2,571,calibration_offset,7.931361814061347
M3,571,component_condition,1.4479341891362445
M4,571,bearing_degradation,5.98253981405863
M4,571,vibration,2.8782591987773363
M4,571,temperature,56.0424577650985
M4,571,motor_current,7.031497153438277
M5,571,machine_health,1.4315505371523973
M5,571,defect_pressure,0.07783152659509485
M1,572,tool_wear,2.4739734073607846
M2,572,calibration_offset,8.00833233797687
M3,572,component_condition,1.4671807590854302
M4,572,bearing_degradation,6.027219100996077
M4,572,vibration,2.9575054428818848
M4,572,temperature,56.43899688714533
M4,572,motor_current,7.050423377587792
M5,572,machine_health,1.4443181084032357
M5,572,defect_pressure,0.07783158064421573
M1,573,tool_wear,2.5174614325429805
M2,573,calibration_offset,8.128793609327392
M3,573,component_condition,1.4834163120215307
M4,573,bearing_degradation,6.064527487053859
M4,573,vibration,2.960999793068582
M4,573,temperature,56.724870361562196
M4,573,motor_current,7.075658567092919
M5,573,machine_health,1.4604539940654377
M5,573,defect_pressure,0.07783163145038936
M1,574,tool_wear,2.5478168276918494
M2,574,calibration_offset,8.237979296466706
M3,574,component_condition,1.4988061130241979
M4,574,bearing_degradation,6.1133457484149965
M4,574,vibration,2.952890321062611
M4,574,temperature,57.141545834924656
M4,574,motor_current,7.069050325720804
M5,574,machine_health,1.488145433806603
M5,574,defect_pressure,0.07783167920819258
M1,575,tool_wear,2.5906435718806864
M2,575,calibration_offset,8.316021678674844
M3,575,component_condition,1.512318642335558
M4,575,bearing_degradation,6.18088523467428
M4,575,vibration,2.976106403890017
M4,575,temperature,57.578752467954544
M4,575,motor_current,7.143131692047483
M5,575,machine_health,1.506001146733177
M5,575,defect_pressure,0.07783172410052759
M1,576,tool_wear,2.626914340395456
M2,576,calibration_offset,8.38494233455654
M3,576,component_condition,1.5227188768081334
M4,576,bearing_degradation,6.216932518552221
M4,576,vibration,2.9632276360434924
M4,576,temperature,57.69437546841028
M4,576,motor_current,7.190556231089525
M5,576,machine_health,1.524295862783777
M5,576,defect_pressure,0.07783176629932251
M1,577,tool_wear,2.6529146080288384
M2,577,calibration_offset,8.512523498130813
M3,577,component_condition,1.5474949778097071
M4,577,bearing_degradation,6.289283799659949
M4,577,vibration,2.977024095514152
M4,577,temperature,58.008687200356825
M4,577,motor_current,7.151620002350124
M5,577,machine_health,1.548231773063064
M5,577,defect_pressure,0.07783180596618973
M1,578,tool_wear,2.6838469040087003
M2,578,calibration_offset,8.636160768701773
M3,578,component_condition,1.5614631798335783
M4,578,bearing_degradation,6.357583085133183
M4,578,vibration,3.046695562026823
M4,578,temperature,58.277775034763586
M4,578,motor_current,7.257407141049632
M5,578,machine_health,1.5614831144363335
M5,578,defect_pressure,0.07783184325304492
M1,579,tool_wear,2.7042954031418276
M2,579,calibration_offset,8.720656119538369
M3,579,component_condition,1.5886429076542206
M4,579,bearing_degradation,6.442300119068092
M4,579,vibration,3.0384600334553196
M4,579,temperature,58.32677314182177
M4,579,motor_current,7.32439938033635
M5,579,machine_health,1.581558583310826
M5,579,defect_pressure,0.0778318783026888
M1,580,tool_wear,2.7259674689368696
M2,580,calibration_offset,8.866958997463398
M3,580,component_condition,1.609853694702556
M4,580,bearing_degradation,6.536732534997935
M4,580,vibration,3.1168529652982864
M4,580,temperature,58.71508143556641
M4,580,motor_current,7.34905968816989
M5,580,machine_health,1.6001150524435912
M5,580,defect_pressure,0.07783191124935404
M1,581,tool_wear,2.7512049884771606
M2,581,calibration_offset,8.978642674236848
M3,581,component_condition,1.6318356812046109
M4,581,bearing_degradation,6.59778970566096
M4,581,vibration,3.1611823277151703
M4,581,temperature,58.855794258672425
M4,581,motor_current,7.293801690674691
M5,581,machine_health,1.6288379791522334
M5,581,defect_pressure,0.07783194221921937
M1,582,tool_wear,2.7979434684219933
M2,582,calibration_offset,9.057046777718993
M3,582,component_condition,1.6435210923882262
M4,582,bearing_degradation,6.6838621711074335
M4,582,vibration,3.1335690054697327
M4,582,temperature,59.106029811027156
M4,582,motor_current,7.3753153849315956
M5,582,machine_health,1.6393001925215893
M5,582,defect_pressure,0.07783197133089277
M1,583,tool_wear,2.8346950027491
M2,583,calibration_offset,9.156194750752395
M3,583,component_condition,1.6568913852574099
M4,583,bearing_degradation,6.782435442806189
M4,583,vibration,3.1726693894823748
M4,583,temperature,59.29400332881258
M4,583,motor_current,7.3641515928060555
M5,583,machine_health,1.6535407495316339
M5,583,defect_pressure,0.07783199869586578
M1,584,tool_wear,2.86302998973604
M2,584,calibration_offset,9.27668883207217
M3,584,component_condition,1.668728392001994
M4,584,bearing_degradation,6.87590149316541
M4,584,vibration,3.289706502682876
M4,584,temperature,59.62130925942885
M4,584,motor_current,7.32717386129409
M5,584,machine_health,1.6696109520291962
M5,584,defect_pressure,0.07783202441894041
M1,585,tool_wear,2.903343814393257
M2,585,calibration_offset,9.41161054858126
M3,585,component_condition,1.6789719887103247
M4,585,bearing_degradation,6.928646564292814
M4,585,vibration,3.2545473344865052
M4,585,temperature,59.59964993750923
M4,585,motor_current,7.427313578762802
M5,585,machine_health,1.6930652242592048
M5,585,defect_pressure,0.07783204859863056
M1,586,tool_wear,2.9283298304975194
M2,586,calibration_offset,9.545791196105878
M3,586,component_condition,1.6936525522164623
M4,586,bearing_degradation,6.997545198160495
M4,586,vibration,3.3040159779025844
M4,586,temperature,59.73402288278065
M4,586,motor_current,7.462232092570995
M5,586,machine_health,1.7180577393021852
M5,586,defect_pressure,0.0778320713275393
M1,587,tool_wear,2.9776122210841636
M2,587,calibration_offset,9.611834850599934
M3,587,component_condition,1.7133594501591507
M4,587,bearing_degradation,7.0769428839021025
M4,587,vibration,3.316167720282023
M4,587,temperature,59.945698799059976
M4,587,motor_current,7.439330270587426
M5,587,machine_health,1.7392223743077784
M5,587,defect_pressure,0.07783209269271352
M1,588,tool_wear,2.9986147609253155
M2,588,calibration_offset,9.716873171903835
M3,588,component_condition,1.7397342099682438
M4,588,bearing_degradation,7.174768502359687
M4,588,vibration,3.414578192447264
M4,588,temperature,60.04205226531546
M4,588,motor_current,7.454597056633425
M5,588,machine_health,1.7527454525578356
M5,588,defect_pressure,0.07783211277597728
M1,589,tool_wear,3.0445857906950358
M2,589,calibration_offset,9.841259964659347
M3,589,component_condition,1.7674556893101543
M4,589,bearing_degradation,7.23305446434715
M4,589,vibration,3.3935427274140144
M4,589,temperature,59.91621117605779
M4,589,motor_current,7.4329605799821605
M5,589,machine_health,1.7679496799165508
M5,589,defect_pressure,0.07783213165424521
M1,590,tool_wear,3.0918649150872173
M2,590,calibration_offset,9.974868179093056
M3,590,component_condition,1.795311608101952
M4,590,bearing_degradation,7.268428204285028
M4,590,vibration,3.4558584383253717
M4,590,temperature,60.331818081883014
M4,590,motor_current,7.622971116645777
M5,590,machine_health,1.7958226528983605
M5,590,defect_pressure,0.07783214939981707
M1,591,tool_wear,3.1148568442575337
M2,591,calibration_offset,10.048945224870177
M3,591,component_condition,1.8205934681062117
M4,591,bearing_degradation,7.303494217261952
M4,591,vibration,3.4471127449355246
M4,591,temperature,60.78080893441995
M4,591,motor_current,7.618205600102901
M5,591,machine_health,1.8140196063607275
M5,591,defect_pressure,0.07783216608065462
M1,592,tool_wear,3.1482855604374995
M2,592,calibration_offset,10.161622115597126
M3,592,component_condition,1.8313484144455603
M4,592,bearing_degradation,7.348863591803099
M4,592,vibration,3.454928433104007
M4,592,temperature,61.016112673211815
M4,592,motor_current,7.622533235582618
M5,592,machine_health,1.842746461428692
M5,592,defect_pressure,0.07783218176064191
M1,593,tool_wear,3.177397189045235
M2,593,calibration_offset,10.24903573231632
M3,593,component_condition,1.8424852258598081
M4,593,bearing_degradation,7.422850238219591
M4,593,vibration,3.4847197232778084
M4,593,temperature,61.139570666022834
M4,593,motor_current,7.504410286795766
M5,593,machine_health,1.861081442641173
M5,593,defect_pressure,0.07783219649982996
M1,594,tool_wear,3.2040354867772205
M2,594,calibration_offset,10.346235208295237
M3,594,component_condition,1.8601417100190782
M4,594,bearing_degradation,7.474734712443553
M4,594,vibration,3.456707993566896
M4,594,temperature,61.551291609081005
M4,594,motor_current,7.639668611997167
M5,594,machine_health,1.8851420766406557
M5,594,defect_pressure,0.07783221035466674
M1,595,tool_wear,3.2393925504153094
M2,595,calibration_offset,10.422997364679295
M3,595,component_condition,1.884230182448628
M4,595,bearing_degradation,7.521753291962547
M4,595,vibration,3.4689547705962833
M4,595,temperature,61.720244120727195
M4,595,motor_current,7.55145572490939
M5,595,machine_health,1.9001295924005734
M5,595,defect_pressure,0.0778322233782133
M1,596,tool_wear,3.26158160040308
M2,596,calibration_offset,10.532300876833316
M3,596,component_condition,1.9078668430892853
M4,596,bearing_degradation,7.600429482195844
M4,596,vibration,3.536203931884078
M4,596,temperature,61.55201972506684
M4,596,motor_current,7.563044447069118
M5,596,machine_health,1.9214728541588413
M5,596,defect_pressure,0.07783223562034708
M1,597,tool_wear,3.2956606902938805
M2,597,calibration_offset,10.632060063764381
M3,597,component_condition,1.933545348672123
M4,597,bearing_degradation,7.662825948731307
M4,597,vibration,3.6039997009710025
M4,597,temperature,61.53980183701688
M4,597,motor_current,7.638032363454071
M5,597,machine_health,1.9398139588834953
M5,597,defect_pressure,0.07783224712795282
M1,598,tool_wear,3.3427026885307574
M2,598,calibration_offset,10.7474131523001
M3,598,component_condition,1.9513786795296992
M4,598,bearing_degradation,7.727117224011443
M4,598,vibration,3.575303080403365
M4,598,temperature,61.702847252669315
M4,598,motor_current,7.69601740331304
M5,598,machine_health,1.960076788913761
M5,598,defect_pressure,0.07783225794510222
M1,599,tool_wear,3.364647715094343
M2,599,calibration_offset,10.850157344385755
M3,599,component_condition,1.9749650128359704
M4,599,bearing_degradation,7.78843441768629
M4,599,vibration,3.6293786467675213
M4,599,temperature,61.865969465673395
M4,599,motor_current,7.7957784957879035
M5,599,machine_health,1.9728014619446754
M5,599,defect_pressure,0.07783226811322266
M1,600,tool_wear,0.0
M2,600,calibration_offset,0.0
M3,600,component_condition,0.0
M4,600,bearing_degradation,0.0
M4,600,vibration,0.4672099852649862
M4,600,temperature,59.56263153471587
M4,600,motor_current,4.964292495589561
M5,600,machine_health,0.0
M5,600,defect_pressure,0.07783227767125588
M1,601,tool_wear,0.11664194483660446
M2,601,calibration_offset,0.09312138146231214
M3,601,component_condition,0.028127084221912922
M4,601,bearing_degradation,0.057053954762531944
M4,601,vibration,0.5270095992326348
M4,601,temperature,57.378231472455596
M4,601,motor_current,5.05575796902302
M5,601,machine_health,0.015207947174901433
M5,601,defect_pressure,0.09656234101098052
M1,602,tool_wear,0.24025309023231778
M2,602,calibration_offset,0.1724952747647932
M3,602,component_condition,0.04473910042131296
M4,602,bearing_degradation,0.14802445984967214
M4,602,vibration,0.5672717599881042
M4,602,temperature,55.84866974813521
M4,602,motor_current,5.018343158253449
M5,602,machine_health,0.03612992333496725
M5,602,defect_pressure,0.11416860055032169
M1,603,tool_wear,0.32888885908810106
M2,603,calibration_offset,0.32919377656759696
M3,603,component_condition,0.07442239961097726
M4,603,bearing_degradation,0.20072828623861222
M4,603,vibration,0.5343400969282753
M4,603,temperature,54.265755006567254
M4,603,motor_current,5.15729846221769
M5,603,machine_health,0.05615785290687374
M5,603,defect_pressure,0.13071848451730236
M1,604,tool_wear,0.4502262017778996
M2,604,calibration_offset,0.4561017782538253
M3,604,component_condition,0.08526185413584737
M4,604,bearing_degradation,0.25743859171496836
M4,604,vibration,0.5981091092013971
M4,604,temperature,52.8469275943806
M4,604,motor_current,5.076570287075972
M5,604,machine_health,0.08460247030364833
M5,604,defect_pressure,0.1462753754462642
M1,605,tool_wear,0.5849426687734921
M2,605,calibration_offset,0.559143969062622
M3,605,component_condition,0.11377244056878527
M4,605,bearing_degradation,0.3000072263883651
M4,605,vibration,0.6127898420406452
M4,605,temperature,51.41143142889874
M4,605,motor_current,5.128821148290152
M5,605,machine_health,0.09474686924372268
M5,605,defect_pressure,0.16089885291948836
M1,606,tool_wear,0.6885061733939984
M2,606,calibration_offset,0.706554348669243
M3,606,component_condition,0.14068496657108565
M4,606,bearing_degradation,0.3439637222527486
M4,606,vibration,0.6873770023423282
M4,606,temperature,50.22862793561635
M4,606,motor_current,5.1652282853501355
M5,606,machine_health,0.122912040337264
M5,606,defect_pressure,0.17464492174431906
M1,607,tool_wear,0.7738195752282412
M2,607,calibration_offset,0.7719088137585105
M3,607,component_condition,0.16024250811354027
M4,607,bearing_degradation,0.3923203866539901
M4,607,vibration,0.6622123342600729
M4,607,temperature,49.17540847587506
M4,607,motor_current,5.228436411285167
M5,607,machine_health,0.13775825246501294
M5,607,defect_pressure,0.18756622643965992
M1,608,tool_wear,0.8780409933524319
M2,608,calibration_offset,0.9031151558994276
M3,608,component_condition,0.1841223502813258
M4,608,bearing_degradation,0.4448243597497008
M4,608,vibration,0.6696346167319704
M4,608,temperature,48.301597057603225
M4,608,motor_current,5.227451308847367
M5,608,machine_health,0.15059948465387418
M5,608,defect_pressure,0.19971225285328031
M1,609,tool_wear,0.9771556822004848
M2,609,calibration_offset,1.0558574395477038
M3,609,component_condition,0.20568893233541186
M4,609,bearing_degradation,0.5373020966916069
M4,609,vibration,0.7084713414219688
M4,609,temperature,47.37603708678888
M4,609,motor_current,5.245292267681704
M5,609,machine_health,0.1732750654447392
M5,609,defect_pressure,0.2111295176820835
M1,610,tool_wear,1.1233453949332923
M2,610,calibration_offset,1.1160715314822514
M3,610,component_condition,0.22301399245538134
M4,610,bearing_degradation,0.5978538679743245
M4,610,vibration,0.7795889399178586
M4,610,temperature,46.81972654573396
M4,610,motor_current,5.202205694978514
M5,610,machine_health,0.18684303048331083
M5,610,defect_pressure,0.22186174662115848
M1,611,tool_wear,1.2532628243541377
M2,611,calibration_offset,1.2468739098820425
M3,611,component_condition,0.25088286176290664
M4,611,bearing_degradation,0.7011462157755624
M4,611,vibration,0.8172908826752617
M4,611,temperature,46.584039444219194
M4,611,motor_current,5.322676452446325
M5,611,machine_health,0.20775028752598365
M5,611,defect_pressure,0.23195004182388898
M1,612,tool_wear,1.358742707354367
M2,612,calibration_offset,1.357137890379596
M3,612,component_condition,0.2664571360657296
M4,612,bearing_degradation,0.8042546324049837
M4,612,vibration,0.7870131975392134
M4,612,temperature,46.0284741441019
M4,612,motor_current,5.299607052889462
M5,612,machine_health,0.2336246360416879
M5,612,defect_pressure,0.24143303931445564
M1,613,tool_wear,1.4447226745951585
M2,613,calibration_offset,1.4997050349775438
M3,613,component_condition,0.28482241768378114
M4,613,bearing_degradation,0.8706304931525595
M4,613,vibration,0.8583547850098927
M4,613,temperature,45.58324188570672
M4,613,motor_current,5.360909636393493
M5,613,machine_health,0.26039777913153705
M5,613,defect_pressure,0.2503470569555883
M1,614,tool_wear,1.518470213445244
M2,614,calibration_offset,1.623882575421645
M3,614,component_condition,0.3020862016055981
M4,614,bearing_degradation,0.9375467261563658
M4,614,vibration,0.8594614950842652
M4,614,temperature,45.42242649420195
M4,614,motor_current,5.38005372093751
M5,614,machine_health,0.2757309029741871
M5,614,defect_pressure,0.25872623353825297
M1,615,tool_wear,1.6394075909208436
M2,615,calibration_offset,1.7832598856984383
M3,615,component_condition,0.32878559259522183
M4,615,bearing_degradation,1.0046878652826796
M4,615,vibration,0.8770539914477603
M4,615,temperature,45.10378230963687
M4,615,motor_current,5.255687999376928
M5,615,machine_health,0.2962359122707969
M5,615,defect_pressure,0.26660265952595774
M1,616,tool_wear,1.7139617409705534
M2,616,calibration_offset,1.8856555036447644
M3,616,component_condition,0.34926634599257356
M4,616,bearing_degradation,1.0961028360217546
M4,616,vibration,0.9016622866907318
M4,616,temperature,45.050583679929886
M4,616,motor_current,5.370723218388021
M5,616,machine_health,0.3159809034777059
M5,616,defect_pressure,0.27400649995440024
M1,617,tool_wear,1.8364821966342797
M2,617,calibration_offset,1.970134455547707
M3,617,component_condition,0.3594655408166596
M4,617,bearing_degradation,1.153632100485847
M4,617,vibration,0.9361006311520124
M4,617,temperature,44.59701834064134
M4,617,motor_current,5.350865518572221
M5,617,machine_health,0.3293118152495819
M5,617,defect_pressure,0.28096610995713617
M1,618,tool_wear,1.923305949485502
M2,618,calibration_offset,2.0338598436091266
M3,618,component_condition,0.3758257349129456
M4,618,bearing_degradation,1.2203419675439444
M4,618,vibration,0.9894250472685352
M4,618,temperature,44.63123797066545
M4,618,motor_current,5.381820261806322
M5,618,machine_health,0.3458513677144367
M5,618,defect_pressure,0.287508143359708
M1,619,tool_wear,2.0277772661882163
M2,619,calibration_offset,2.1482798438204895
M3,619,component_condition,0.39650953274911793
M4,619,bearing_degradation,1.2856009576891163
M4,619,vibration,1.005516690350526
M4,619,temperature,44.71234183341707
M4,619,motor_current,5.466471102599589
M5,619,machine_health,0.3564670297591895
M5,619,defect_pressure,0.29365765475812544
M1,620,tool_wear,2.1735572638635903
M2,620,calibration_offset,2.2679655298989387
M3,620,component_condition,0.40831590395509937
M4,620,bearing_degradation,1.327919769759688
M4,620,vibration,1.0424168586135836
M4,620,temperature,44.78225545315503
M4,620,motor_current,5.51822757962662
M5,620,machine_health,0.38552848513163224
M5,620,defect_pressure,0.2994381954726379
M1,621,tool_wear,2.2478927372250417
M2,621,calibration_offset,2.3681554006945356
M3,621,component_condition,0.43331564364269887
M4,621,bearing_degradation,1.4230001632484055
M4,621,vibration,1.050176523617881
M4,621,temperature,45.01370843299801
M4,621,motor_current,5.421622078872896
M5,621,machine_health,0.4001492078905734
M5,621,defect_pressure,0.3048719037442796
M1,622,tool_wear,2.3844196235165027
M2,622,calibration_offset,2.5210076081987784
M3,622,component_condition,0.4602240276767143
M4,622,bearing_degradation,1.5214167975920305
M4,622,vibration,1.1486630686406887
M4,622,temperature,45.25465229469634
M4,622,motor_current,5.612863542445545
M5,622,machine_health,0.41834597745276525
M5,622,defect_pressure,0.3099795895196228
M1,623,tool_wear,2.4942648709417026
M2,623,calibration_offset,2.613181311184606
M3,623,component_condition,0.48627754392724
M4,623,bearing_degradation,1.6002260642155732
M4,623,vibration,1.1310048044779915
M4,623,temperature,45.06166757394872
M4,623,motor_current,5.632024879175897
M5,623,machine_health,0.44053734813073453
M5,623,defect_pressure,0.3147808141484454
M1,624,tool_wear,2.571697897292416
M2,624,calibration_offset,2.7393117074132927
M3,624,component_condition,0.5004325293874838
M4,624,bearing_degradation,1.6876083802941475
M4,624,vibration,1.2119190751713178
M4,624,temperature,45.08371613324857
M4,624,motor_current,5.641038181976789
M5,624,machine_health,0.458328331420365
M5,624,defect_pressure,0.31929396529953863
M1,625,tool_wear,2.7103845877124115
M2,625,calibration_offset,2.816590672601539
M3,625,component_condition,0.5227279484506091
M4,625,bearing_degradation,1.7683605869716135
M4,625,vibration,1.241160154928754
M4,625,temperature,45.120974016153674
M4,625,motor_current,5.560591594812073
M5,625,machine_health,0.4831774827046361
M5,625,defect_pressure,0.3235363273815663
M1,626,tool_wear,2.8031470599417223
M2,626,calibration_offset,2.920985168634211
M3,626,component_condition,0.5380388321466739
M4,626,bearing_degradation,1.8366244273335999
M4,626,vibration,1.2791615216676944
M4,626,temperature,44.98853888033288
M4,626,motor_current,5.557650370721566
M5,626,machine_health,0.513029280223313
M5,626,defect_pressure,0.3275241477386723
M1,627,tool_wear,2.9375724721992924
M2,627,calibration_offset,3.037899325679638
M3,627,component_condition,0.5566811756589918
M4,627,bearing_degradation,1.9111617093108137
M4,627,vibration,1.261515191623558
M4,627,temperature,44.791814040240524
M4,627,motor_current,5.745316235460324
M5,627,machine_health,0.5258130362784726
M5,627,defect_pressure,0.3312726988743519
M1,628,tool_wear,3.0609852150912937
M2,628,calibration_offset,3.1887880697182847
M3,628,component_condition,0.5703113348914217
M4,628,bearing_degradation,2.0074141264979817
M4,628,vibration,1.3143819208608125
M4,628,temperature,44.72777686317378
M4,628,motor_current,5.65965054366247
M5,628,machine_health,0.5407600637148275
M5,628,defect_pressure,0.33479633694189076
M1,629,tool_wear,3.147791476443696
M2,629,calibration_offset,3.2559087414724077
M3,629,component_condition,0.5948195773552811
M4,629,bearing_degradation,2.0559251754763808
M4,629,vibration,1.3606442778112604
M4,629,temperature,45.05746065526858
M4,629,motor_current,5.813145796233017
M5,629,machine_health,0.5581742768555832
M5,629,defect_pressure,0.33810855672537726
M1,630,tool_wear,3.2227088878286567
M2,630,calibration_offset,3.3255333905864792
M3,630,component_condition,0.6155811682127622
M4,630,bearing_degradation,2.129776472170751
M4,630,vibration,1.3306318459810367
M4,630,temperature,45.45475316937358
M4,630,motor_current,5.797836095947708
M5,630,machine_health,0.5738769403591973
M5,630,defect_pressure,0.3412220433218546
M1,631,tool_wear,3.304518203550826
M2,631,calibration_offset,3.408642282799936
M3,631,component_condition,0.6394563266197437
M4,631,bearing_degradation,2.196677979151345
M4,631,vibration,1.3463753357665287
M4,631,temperature,45.64868170663122
M4,631,motor_current,5.7416678565238914
M5,631,machine_health,0.5960872036410405
M5,631,defect_pressure,0.34414872072254327
M1,632,tool_wear,3.434371871320332
M2,632,calibration_offset,3.4911172866176714
M3,632,component_condition,0.6649995505438556
M4,632,bearing_degradation,2.263286224419459
M4,632,vibration,1.413275579690612
M4,632,temperature,45.98909234351666
M4,632,motor_current,5.865699656563157
M5,632,machine_health,0.6146160797553266
M5,632,defect_pressure,0.34689979747919064
M1,633,tool_wear,3.5529921208423505
M2,633,calibration_offset,3.615770796495745
M3,633,component_condition,0.6817813028091092
M4,633,bearing_degradation,2.3268364262108228
M4,633,vibration,1.4512380227106625
M4,633,temperature,45.92435634682714
M4,633,motor_current,5.873450158133232
M5,633,machine_health,0.6316870568394134
M5,633,defect_pressure,0.3494858096304392
M1,634,tool_wear,3.6555137110946907
M2,634,calibration_offset,3.7191404898064406
M3,634,component_condition,0.691897378185968
M4,634,bearing_degradation,2.4174278158294555
M4,634,vibration,1.4372178805413574
M4,634,temperature,46.332575455016105
M4,634,motor_current,5.846580294236334
M5,634,machine_health,0.6561357252998616
M5,634,defect_pressure,0.35191666105261277
M1,635,tool_wear,3.716307046091193
M2,635,calibration_offset,3.8135843186492915
M3,635,component_condition,0.7182840532319452
M4,635,bearing_degradation,2.476289173600331
M4,635,vibration,1.4813644083283597
M4,635,temperature,46.35142634810038
M4,635,motor_current,5.91943061726476
M5,635,machine_health,0.6828805252901708
M5,635,defect_pressure,0.35420166138945597
M1,636,tool_wear,3.8650755618956745
M2,636,calibration_offset,3.902711570874865
M3,636,component_condition,0.7402025894742799
M4,636,bearing_degradation,2.5195477035609226
M4,636,vibration,1.5411400271153952
M4,636,temperature,46.595519906866706
M4,636,motor_current,5.897310041285596
M5,636,machine_health,0.6969145245427913
M5,636,defect_pressure,0.35634956170608856
M1,637,tool_wear,3.930045148303211
M2,637,calibration_offset,3.975569296954553
M3,637,component_condition,0.7507152344719683
M4,637,bearing_degradation,2.5912457585141913
M4,637,vibration,1.509392537019621
M4,637,temperature,46.48631537814235
M4,637,motor_current,5.879614511366392
M5,637,machine_health,0.7262427104652599
M5,637,defect_pressure,0.3583685880037232
M1,638,tool_wear,4.048624243677831
M2,638,calibration_offset,4.12103005322789
M3,638,component_condition,0.7665467698634836
M4,638,bearing_degradation,2.667364819979678
M4,638,vibration,1.6058551678167672
M4,638,temperature,46.90058961051745
M4,638,motor_current,5.8443033650671765
M5,638,machine_health,0.7487598784066622
M5,638,defect_pressure,0.36026647272349976
M1,639,tool_wear,4.158736098271416
M2,639,calibration_offset,4.194473161511463
M3,639,component_condition,0.7955375186057566
M4,639,bearing_degradation,2.737819904052263
M4,639,vibration,1.553709038791849
M4,639,temperature,47.31359253467579
M4,639,motor_current,5.8659739580697305
M5,639,machine_health,0.766132291456628
M5,639,defect_pressure,0.36205048436008974
M1,640,tool_wear,4.271405927916602
M2,640,calibration_offset,4.3454953316524945
M3,640,component_condition,0.8164127677241297
M4,640,bearing_degradation,2.799037434723836
M4,640,vibration,1.5776928952769689
M4,640,temperature,47.35431921583056
M4,640,motor_current,5.999703611571858
M5,640,machine_health,0.7772419702979861
M5,640,defect_pressure,0.3637274552984843
M1,641,tool_wear,4.338596359817824
M2,641,calibration_offset,4.414684940860205
M3,641,component_condition,0.838656948989274
M4,641,bearing_degradation,2.849153109005245
M4,641,vibration,1.6024466253929677
M4,641,temperature,47.36107676555685
M4,641,motor_current,6.000080237454039
M5,641,machine_health,0.8003667681629533
M5,641,defect_pressure,0.3653038079805752
M1,642,tool_wear,4.441239118964237
M2,642,calibration_offset,4.558901543866344
M3,642,component_condition,0.8616833469337988
M4,642,bearing_degradation,2.944286352084711
M4,642,vibration,1.6353872780267051
M4,642,temperature,47.27208803787503
M4,642,motor_current,6.0295345416789825
M5,642,machine_health,0.8247027224969407
M5,642,defect_pressure,0.3667855795017407
M1,643,tool_wear,4.503522552888046
M2,643,calibration_offset,4.640376910448852
M3,643,component_condition,0.883224895786434
M4,643,bearing_degradation,3.0052927223517614
M4,643,vibration,1.6730059782121889
M4,643,temperature,47.61155469743021
M4,643,motor_current,6.038468493543542
M5,643,machine_health,0.8386648063817624
M5,643,defect_pressure,0.3681784447316362
M1,644,tool_wear,4.61953093496893
M2,644,calibration_offset,4.73148108095455
M3,644,component_condition,0.9068280667216116
M4,644,bearing_degradation,3.0558691954441826
M4,644,vibration,1.7723149987018825
M4,644,temperature,47.57007360259276
M4,644,motor_current,6.123863509867939
M5,644,machine_health,0.8661634728687754
M5,644,defect_pressure,0.369487738047738
M1,645,tool_wear,4.742746587797568
M2,645,calibration_offset,4.876776692321926
M3,645,component_condition,0.9265355141457027
M4,645,bearing_degradation,3.10248065017056
M4,645,vibration,1.7059431240202938
M4,645,temperature,47.789956158578306
M4,645,motor_current,6.117367073556684
M5,645,machine_health,0.8950947497283502
M5,645,defect_pressure,0.37071847376487366
M1,646,tool_wear,4.869360033230351
M2,646,calibration_offset,5.030529290997884
M3,646,component_condition,0.9479222181812246
M4,646,bearing_degradation,3.198989481038385
M4,646,vibration,1.7652846586433943
M4,646,temperature,47.85058883106547
M4,646,motor_current,6.062414096262487
M5,646,machine_health,0.9224958535905359
M5,646,defect_pressure,0.3718753653389812
M1,647,tool_wear,4.984677886934491
M2,647,calibration_offset,5.138555983564447
M3,647,component_condition,0.9764563682680064
M4,647,bearing_degradation,3.273475425556589
M4,647,vibration,1.8126932263714612
M4,647,temperature,47.8303118686641
M4,647,motor_current,6.163964980094929
M5,647,machine_health,0.9514689767446671
M5,647,defect_pressure,0.3729628434186423
M1,648,tool_wear,5.1055229273856835
M2,648,calibration_offset,5.249824790797328
M3,648,component_condition,0.9915297574504404
M4,648,bearing_degradation,3.355404511582716
M4,648,vibration,1.8852884673732202
M4,648,temperature,47.99262918775892
M4,648,motor_current,6.264994814262039
M5,648,machine_health,0.9796064333810481
M5,648,defect_pressure,0.3739850728135237
M1,649,tool_wear,5.216504921923851
M2,649,calibration_offset,5.356741395654068
M3,649,component_condition,1.006988100656928
M4,649,bearing_degradation,3.441386597317277
M4,649,vibration,1.9064318218383738
M4,649,temperature,48.49289610485442
M4,649,motor_current,6.226186231655205
M5,649,machine_health,1.0051127484586557
M5,649,defect_pressure,0.37494596844471223
M1,650,tool_wear,5.359693393874519
M2,650,calibration_offset,5.453578846412541
M3,650,component_condition,1.0247164118935395
M4,650,bearing_degradation,3.4780025809559008
M4,650,vibration,1.8545391560461348
M4,650,temperature,48.77978016613398
M4,650,motor_current,6.277758666607303
M5,650,machine_health,1.0271003329038777
M5,650,defect_pressure,0.3758492103380294
M1,651,tool_wear,5.484281496645366
M2,651,calibration_offset,5.522476399999475
M3,651,component_condition,1.0353844720250882
M4,651,bearing_degradation,3.536434628181856
M4,651,vibration,1.9155027503407351
M4,651,temperature,48.98214117474792
M4,651,motor_current,6.1912854718175385
M5,651,machine_health,1.0380113360231848
M5,651,defect_pressure,0.3766982577177476
M1,652,tool_wear,5.581021460678307
M2,652,calibration_offset,5.595608724975906
M3,652,component_condition,1.051975314695566
M4,652,bearing_degradation,3.621725531413344
M4,652,vibration,1.9378931660456968
M4,652,temperature,49.41340242688622
M4,652,motor_current,6.279604733840454
M5,652,machine_health,1.0670674129881683
M5,652,defect_pressure,0.3774963622546827
M1,653,tool_wear,5.670929352644904
M2,653,calibration_offset,5.6870604821968165
M3,653,component_condition,1.0766022165992715
M4,653,bearing_degradation,3.7179747960650538
M4,653,vibration,2.0138521849434703
M4,653,temperature,49.504761877552006
M4,653,motor_current,6.348116087354163
M5,653,machine_health,1.0877140250399104
M5,653,defect_pressure,0.3782465805194017
M1,654,tool_wear,5.7886751525292
M2,654,calibration_offset,5.750100223677969
M3,654,component_condition,1.1041343221666835
M4,654,bearing_degradation,3.805741039928852
M4,654,vibration,2.0162267432043404
M4,654,temperature,49.8436572957192
M4,654,motor_current,6.272969668962932
M5,654,machine_health,1.098077184352052
M5,654,defect_pressure,0.37895178568823756
M1,655,tool_wear,5.884597902027656
M2,655,calibration_offset,5.895228444899622
M3,655,component_condition,1.1206138442979143
M4,655,bearing_degradation,3.852097109905607
M4,655,vibration,2.02183183488516
M4,655,temperature,50.25491066524615
M4,655,motor_current,6.385868875811415
M5,655,machine_health,1.1269166729949238
M5,655,defect_pressure,0.37961467854694325
M1,656,tool_wear,5.946417478840958
M2,656,calibration_offset,6.002156672711647
M3,656,component_condition,1.147699198151065
M4,656,bearing_degradation,3.912845365608074
M4,656,vibration,2.0567042463932745
M4,656,temperature,50.602497651935224
M4,656,motor_current,6.331463832268361
M5,656,machine_health,1.1501711214622874
M5,656,defect_pressure,0.3802377978341266
M1,657,tool_wear,6.035645033648007
M2,657,calibration_offset,6.138337198207142
M3,657,component_condition,1.1589328040761269
M4,657,bearing_degradation,3.9538635270776186
M4,657,vibration,2.1158786463202413
M4,657,temperature,50.85921067092958
M4,657,motor_current,6.472578968606865
M5,657,machine_health,1.1712613725761067
M5,657,defect_pressure,0.380823529964079
M1,658,tool_wear,6.15343665686579
M2,658,calibration_offset,6.270717475870194
M3,658,component_condition,1.1806094695286353
M4,658,bearing_degradation,3.9952098732732724
M4,658,vibration,2.1148084321726333
M4,658,temperature,50.84189118256096
M4,658,motor_current,6.426341534962879
M5,658,machine_health,1.1853963054909116
M5,658,defect_pressure,0.3813741181662342
M1,659,tool_wear,6.237302935627519
M2,659,calibration_offset,6.363426626470358
M3,659,component_condition,1.1951524513053742
M4,659,bearing_degradation,4.0830835983385505
M4,659,vibration,2.173398778006691
M4,659,temperature,51.23191093635054
M4,659,motor_current,6.484407274293018
M5,659,machine_health,1.203071784098024
M5,659,defect_pressure,0.3818916710762601
M1,660,tool_wear,6.356804688441834
M2,660,calibration_offset,6.507086004383453
M3,660,component_condition,1.218511126014489
M4,660,bearing_degradation,4.122677558012052
M4,660,vibration,2.1392153781308214
M4,660,temperature,51.50443184605109
M4,660,motor_current,6.525972412741537
M5,660,machine_health,1.227124326224497
M5,660,defect_pressure,0.38237817081168446
M1,661,tool_wear,6.456417667030248
M2,661,calibration_offset,6.628055361320857
M3,661,component_condition,1.2322460517064355
M4,661,bearing_degradation,4.219011793367801
M4,661,vibration,2.1838541447483646
M4,661,temperature,51.48735765279786
M4,661,motor_current,6.422847397321936
M5,661,machine_health,1.24564169744216
M5,661,defect_pressure,0.38283548056298333
M1,662,tool_wear,6.559111204627964
M2,662,calibration_offset,6.724165325383503
M3,662,component_condition,1.2566034087290607
M4,662,bearing_degradation,4.277007427171451
M4,662,vibration,2.256048097183219
M4,662,temperature,51.33664964487827
M4,662,motor_current,6.472319711713241
M5,662,machine_health,1.2611033264485865
M5,662,defect_pressure,0.3832653517292043
M1,663,tool_wear,6.658561154433256
M2,663,calibration_offset,6.87365638963997
M3,663,component_condition,1.2852570467762707
M4,663,bearing_degradation,4.318305136691719
M4,663,vibration,2.2336604287433044
M4,663,temperature,51.26673369888635
M4,663,motor_current,6.439161974664628
M5,663,machine_health,1.2831881166552292
M5,663,defect_pressure,0.383669430625452
M1,664,tool_wear,6.742184755357739
M2,664,calibration_offset,7.030235542650666
M3,664,component_condition,1.2992516171587187
M4,664,bearing_degradation,4.384129760864247
M4,664,vibration,2.274363965740137
M4,664,temperature,51.50790068814094
M4,664,motor_current,6.498033282243851
M5,664,machine_health,1.294034815573279
M5,664,defect_pressure,0.38404926478792484
M1,665,tool_wear,6.814050050960056
M2,665,calibration_offset,7.11164078827341
M3,665,component_condition,1.3202212888737013
M4,665,bearing_degradation,4.422708975531716
M4,665,vibration,2.3145094343642176
M4,665,temperature,51.469295043152925
M4,665,motor_current,6.589643792063467
M5,665,machine_health,1.3142123406014656
M5,665,defect_pressure,0.3844063089006493
M1,666,tool_wear,6.9590852417319224
M2,666,calibration_offset,7.2318509712861445
M3,666,component_condition,1.3491630398132124
M4,666,bearing_degradation,4.47394205405554
M4,666,vibration,2.244246603410727
M4,666,temperature,51.931661302910015
M4,666,motor_current,6.528626770688369
M5,666,machine_health,1.3409508271996515
M5,666,defect_pressure,0.3847419303666103
M1,667,tool_wear,7.031710892882839
M2,667,calibration_offset,7.36482823501976
M3,667,component_condition,1.3654161661003168
M4,667,bearing_degradation,4.537188647711046
M4,667,vibration,2.3047298305209565
M4,667,temperature,51.9015837718163
M4,667,motor_current,6.564629161916022
M5,667,machine_health,1.3699828984496474
M5,667,defect_pressure,0.3850574145446136
M1,668,tool_wear,7.107668905699877
M2,668,calibration_offset,7.464104326912232
M3,668,component_condition,1.387368745964228
M4,668,bearing_degradation,4.579926543220218
M4,668,vibration,2.3741798826453206
M4,668,temperature,52.23609237829428
M4,668,motor_current,6.620930210282691
M5,668,machine_health,1.39515201339583
M5,668,defect_pressure,0.38535396967193675
M1,669,tool_wear,7.233280113616244
M2,669,calibration_offset,7.622242037344852
M3,669,component_condition,1.4160279969355698
M4,669,bearing_degradation,4.645241758580338
M4,669,vibration,2.39984917615517
M4,669,temperature,52.376130231620095
M4,669,motor_current,6.674695358970591
M5,669,machine_health,1.4091390159747237
M5,669,defect_pressure,0.3856327314916205
M1,670,tool_wear,7.347736547282513
M2,670,calibration_offset,7.710474672418046
M3,670,component_condition,1.4423786452547323
M4,670,bearing_degradation,4.681009214299546
M4,670,vibration,2.339382949674913
M4,670,temperature,52.6343360993982
M4,670,motor_current,6.660769088645613
M5,670,machine_health,1.4344116542856664
M5,670,defect_pressure,0.3858947676021232
M1,671,tool_wear,7.456830480607639
M2,671,calibration_offset,7.815731122761605
M3,671,component_condition,1.4691699793842408
M4,671,bearing_degradation,4.7566866514283985
M4,671,vibration,2.403272993487066
M4,671,temperature,52.73709328600473
M4,671,motor_current,6.588766415903153
M5,671,machine_health,1.4463870353136414
M5,671,defect_pressure,0.3861410815459958
M1,672,tool_wear,7.600129469935239
M2,672,calibration_offset,7.951516934968815
M3,672,component_condition,1.4843722990445487
M4,672,bearing_degradation,4.849879336418366
M4,672,vibration,2.4264563039149576
M4,672,temperature,52.678474567760084
M4,672,motor_current,6.7322000972905975
M5,672,machine_health,1.4602430733669707
M5,672,defect_pressure,0.386372616653236
M1,673,tool_wear,7.701925731504097
M2,673,calibration_offset,8.062295353663927
M3,673,component_condition,1.5121716164194823
M4,673,bearing_degradation,4.9230299255190415
M4,673,vibration,2.4416016935381855
M4,673,temperature,52.853886107467716
M4,673,motor_current,6.7199030870836225
M5,673,machine_health,1.4785354746149002
M5,673,defect_pressure,0.3865902596540418
M1,674,tool_wear,7.77761081256922
M2,674,calibration_offset,8.12479244370734
M3,674,component_condition,1.5241854884415584
M4,674,bearing_degradation,5.02138609415622
M4,674,vibration,2.5454884484532236
M4,674,temperature,52.91753258115155
M4,674,motor_current,6.673722690364763
M5,674,machine_health,1.5019771624270215
M5,674,defect_pressure,0.38679484407479925
M1,675,tool_wear,7.899384313518758
M2,675,calibration_offset,8.27055121128358
M3,675,component_condition,1.5541566934112598
M4,675,bearing_degradation,5.069172507576211
M4,675,vibration,2.5386558765290386
M4,675,temperature,53.282194716330906
M4,675,motor_current,6.737105704824976
M5,675,machine_health,1.5197596226193222
M5,675,defect_pressure,0.38698715343031126
M1,676,tool_wear,7.974282489861206
M2,676,calibration_offset,8.364894270085529
M3,676,component_condition,1.5738074615605933
M4,676,bearing_degradation,5.133271758056156
M4,676,vibration,2.5820043842703666
M4,676,temperature,53.52157152810712
M4,676,motor_current,6.806050744604543
M5,676,machine_health,1.535174297267757
M5,676,defect_pressure,0.38716792422449253
M1,677,tool_wear,8.113887177992654
M2,677,calibration_offset,8.458985911004739
M3,677,component_condition,1.6014748275212114
M4,677,bearing_degradation,5.191737380671106
M4,677,vibration,2.530899431876037
M4,677,temperature,53.785878245408874
M4,677,motor_current,6.888072093833324
M5,677,machine_health,1.5577283055397717
M5,677,defect_pressure,0.38733784877102295
M1,678,tool_wear,8.237726324742491
M2,678,calibration_offset,8.587571360244887
M3,678,component_condition,1.6128644272188821
M4,678,bearing_degradation,5.234477923765912
M4,678,vibration,2.6276249515657035
M4,678,temperature,54.01093918503505
M4,678,motor_current,6.870061075746414
M5,678,machine_health,1.5857527859993275
M5,678,defect_pressure,0.3874975778447615
M1,679,tool_wear,8.374355807412291
M2,679,calibration_offset,8.698208527599402
M3,679,component_condition,1.6395196005879364
M4,679,bearing_degradation,5.303167254301725
M4,679,vibration,2.616329244231507
M4,679,temperature,54.15513529402026
M4,679,motor_current,6.857950856054812
M5,679,machine_health,1.6148163367645902
M5,679,defect_pressure,0.3876477231740758
M1,680,tool_wear,8.50745736588708
M2,680,calibration_offset,8.818900755622055
M3,680,component_condition,1.6659525325312265
M4,680,bearing_degradation,5.3671520576625555
M4,680,vibration,2.622230506064603
M4,680,temperature,54.57162852272536
M4,680,motor_current,6.8649081801086425
M5,680,machine_health,1.6248949231930345
M5,680,defect_pressure,0.3877888597836312
M1,681,tool_wear,8.63535120188432
M2,681,calibration_offset,8.923265320282402
M3,681,component_condition,1.691582337396398
M4,681,bearing_degradation,5.466371867358871
M4,681,vibration,2.7045324229193204
M4,681,temperature,54.94099024423583
M4,681,motor_current,6.835024479436387
M5,681,machine_health,1.6491970354653962
M5,681,defect_pressure,0.3879215281966133
M1,682,tool_wear,8.732629251771739
M2,682,calibration_offset,9.061709474489476
M3,682,component_condition,1.7195775297037632
M4,682,bearing_degradation,5.562467610114432
M4,682,vibration,2.7546858095216713
M4,682,temperature,55.12461938923558
M4,682,motor_current,6.873010611431621
M5,682,machine_health,1.6668978602222044
M5,682,defect_pressure,0.38804623650481646
M1,683,tool_wear,8.865136575046481
M2,683,calibration_offset,9.200578117412618
M3,683,component_condition,1.7302453938010804
M4,683,bearing_degradation,5.6141966712573295
M4,683,vibration,2.71632998499591
M4,683,temperature,55.57830892283385
M4,683,motor_current,6.869969657510183
M5,683,machine_health,1.6776476193595977
M5,683,defect_pressure,0.3881634623145274
M1,684,tool_wear,8.974796710581794
M2,684,calibration_offset,9.267097397631087
M3,684,component_condition,1.741672734078868
M4,684,bearing_degradation,5.673199117651758
M4,684,vibration,2.761116538073904
M4,684,temperature,55.979805807189564
M4,684,motor_current,7.067770053725745
M5,684,machine_health,1.6940405799113503
M5,684,defect_pressure,0.3882736545756557
M1,685,tool_wear,9.090923045838547
M2,685,calibration_offset,9.367163182474883
M3,685,component_condition,1.760372338036629
M4,685,bearing_degradation,5.715210970488371
M4,685,vibration,2.7713274907506227
M4,685,temperature,56.03817219769116
M4,685,motor_current,6.903631264583064
M5,685,machine_health,1.7156489432269533
M5,685,defect_pressure,0.38837723530111634
M1,686,tool_wear,9.230995481118027
M2,686,calibration_offset,9.522191587491932
M3,686,component_condition,1.7763483993182945
M4,686,bearing_degradation,5.794285856884644
M4,686,vibration,2.84722841500501
M4,686,temperature,56.341688250276604
M4,686,motor_current,6.9990679915535345
M5,686,machine_health,1.7394112207521744
M5,686,defect_pressure,0.38847460118304933
M1,687,tool_wear,9.303998293811542
M2,687,calibration_offset,9.672740535241065
M3,687,component_condition,1.792539786363059
M4,687,bearing_degradation,5.844564720684381
M4,687,vibration,2.8042499949960678
M4,687,temperature,56.30296766221193
M4,687,motor_current,7.0461035775798635
M5,687,machine_health,1.7586885251807514
M5,687,defect_pressure,0.38856612511206634
M1,688,tool_wear,9.393594369750351
M2,688,calibration_offset,9.760699972293388
M3,688,component_condition,1.82109996119855
M4,688,bearing_degradation,5.912063370104397
M4,688,vibration,2.9075428318153578
M4,688,temperature,56.68712202110845
M4,688,motor_current,6.987197835556666
M5,688,machine_health,1.7708209106368598
M5,688,defect_pressure,0.38865215760534233
M1,689,tool_wear,9.510838001712221
M2,689,calibration_offset,9.920373349322826
M3,689,component_condition,1.8482253142690317
M4,689,bearing_degradation,5.975682426425151
M4,689,vibration,2.860887586598077
M4,689,temperature,56.75276671817362
M4,689,motor_current,7.006680906641786
M5,689,machine_health,1.7870490235377574
M5,689,defect_pressure,0.3887330281490217
M1,690,tool_wear,9.615247986847667
M2,690,calibration_offset,10.037316617632312
M3,690,component_condition,1.8731279692389997
M4,690,bearing_degradation,6.060392579056907
M4,690,vibration,2.8950407336679613
M4,690,temperature,56.77967147088503
M4,690,motor_current,7.116182896070265
M5,690,machine_health,1.8095176594066247
M5,690,defect_pressure,0.38880904646008035
M1,691,tool_wear,9.701583132315779
M2,691,calibration_offset,10.141116392421868
M3,691,component_condition,1.8994090077674284
M4,691,bearing_degradation,6.098387407834215
M4,691,vibration,2.9137613082379787
M4,691,temperature,56.699795317648906
M4,691,motor_current,7.141103215720489
M5,691,machine_health,1.8238298406682685
M5,691,defect_pressure,0.3888805036724755
M1,692,tool_wear,9.83450165877108
M2,692,calibration_offset,10.292088223612645
M3,692,component_condition,1.9116450151921072
M4,692,bearing_degradation,6.163607589786078
M4,692,vibration,2.978848086745103
M4,692,temperature,56.7330896255321
M4,692,motor_current,7.0676996679844795
M5,692,machine_health,1.8339968354185439
M5,692,defect_pressure,0.38894767345212694
M1,693,tool_wear,9.914411595047486
M2,693,calibration_offset,10.382688834133539
M3,693,component_condition,1.9388041643000573
M4,693,bearing_degradation,6.23792072097148
M4,693,vibration,3.016653885808633
M4,693,temperature,57.06801957469098
M4,693,motor_current,7.216579943399555
M5,693,machine_health,1.855575566606684
M5,693,defect_pressure,0.3890108130449993
M1,694,tool_wear,10.048050675170828
M2,694,calibration_offset,10.541888535035024
M3,694,component_condition,1.9662447589969148
M4,694,bearing_degradation,6.282201473584163
M4,694,vibration,3.0023882219724847
M4,694,temperature,57.05215933217293
M4,694,motor_current,7.171496065508688
M5,694,machine_health,1.8854718271927595
M5,694,defect_pressure,0.3890701642622993
M1,695,tool_wear,10.112707768341046
M2,695,calibration_offset,10.612421924459522
M3,695,component_condition,1.9801233154025284
M4,695,bearing_degradation,6.353289763169423
M4,695,vibration,3.04828636847131
M4,695,temperature,57.08588638617013
M4,695,motor_current,7.274975974727288
M5,695,machine_health,1.908606281321894
M5,695,defect_pressure,0.3891259544065613
M1,696,tool_wear,10.246320084685246
M2,696,calibration_offset,10.70639337884313
M3,696,component_condition,1.9909663237417872
M4,696,bearing_degradation,6.442306530611175
M4,696,vibration,3.118875675135753
M4,696,temperature,57.3299101053579
M4,696,motor_current,7.174820220027217
M5,696,machine_health,1.9204728437272907
M5,696,defect_pressure,0.38917839714216756
M1,697,tool_wear,10.35974881683546
M2,697,calibration_offset,10.83345971044334
M3,697,component_condition,2.019026345444817
M4,697,bearing_degradation,6.545453389239783
M4,697,vibration,3.096975130513055
M4,697,temperature,57.794137945890974
M4,697,motor_current,7.3670584016487615
M5,697,machine_health,1.9328728987196284
M5,697,defect_pressure,0.3892276933136375
M1,698,tool_wear,10.49104834981944
M2,698,calibration_offset,10.9845209611806
M3,698,component_condition,2.0477955865073105
M4,698,bearing_degradation,6.586142926578645
M4,698,vibration,3.086541694612228
M4,698,temperature,58.06781416477231
M4,698,motor_current,7.331084554674503
M5,698,machine_health,1.9495110244175784
M5,698,defect_pressure,0.3892740317148192
M1,699,tool_wear,10.63535800527651
M2,699,calibration_offset,11.08718835924218
M3,699,component_condition,2.0676077802735455
M4,699,bearing_degradation,6.621153968699109
M4,699,vibration,3.1702853869777723
M4,699,temperature,58.014037264212405
M4,699,motor_current,7.266171708983876
M5,699,machine_health,1.9674701699634938
M5,699,defect_pressure,0.38931758981193004
M1,700,tool_wear,0.0
M2,700,calibration_offset,0.0
M3,700,component_condition,0.0
M4,700,bearing_degradation,6.6607071857407085
M4,700,vibration,3.2117701276394075
M4,700,temperature,58.31954922377708
M4,700,motor_current,7.314738729227996
M5,700,machine_health,0.0
M5,700,defect_pressure,0.3893585344232142
M1,701,tool_wear,0.06099252758420104
M2,701,calibration_offset,0.12033078783889431
M3,701,component_condition,0.028298638035405922
M4,701,bearing_degradation,6.765552092888113
M4,701,vibration,3.1806894559675722
M4,701,temperature,58.72260968038535
M4,701,motor_current,7.432548894269992
M5,701,machine_health,0.02958841027355199
M5,701,defect_pressure,0.37112519105287417
M1,702,tool_wear,0.12136397150491539
M2,702,calibration_offset,0.22691791870853115
M3,702,component_condition,0.04960992454676501
M4,702,bearing_degradation,6.827715541792202
M4,702,vibration,3.1996466231124243
M4,702,temperature,59.073996783230825
M4,702,motor_current,7.372914486737927
M5,702,machine_health,0.041405173894780274
M5,702,defect_pressure,0.35398584828475455
M1,703,tool_wear,0.2587214649771895
M2,703,calibration_offset,0.36954369164173806
M3,703,component_condition,0.07059303836256979
M4,703,bearing_degradation,6.871925491623727
M4,703,vibration,3.203699396551871
M4,703,temperature,59.34478828579203
M4,703,motor_current,7.471619078769085
M5,703,machine_health,0.07048548997716401
M5,703,defect_pressure,0.3378748660827221
M1,704,tool_wear,0.4058245573064266
M2,704,calibration_offset,0.4605195479676001
M3,704,component_condition,0.08965333337017356
M4,704,bearing_degradation,6.924967295915533
M4,704,vibration,3.295166812818084
M4,704,temperature,59.24479163297387
M4,704,motor_current,7.387891436374776
M5,704,machine_health,0.08364814289155131
M5,704,defect_pressure,0.3227305428128116
M1,705,tool_wear,0.5483565113756766
M2,705,calibration_offset,0.5480235738616734
M3,705,component_condition,0.11029648306987028
M4,705,bearing_degradation,7.001216319202129
M4,705,vibration,3.278055117371122
M4,705,temperature,59.225811940856794
M4,705,motor_current,7.5053700362426135
M5,705,machine_health,0.09675994937925148
M5,705,defect_pressure,0.3084948789390957
M1,706,tool_wear,0.6963434216652191
M2,706,calibration_offset,0.6953904394268066
M3,706,component_condition,0.126635388842582
M4,706,bearing_degradation,7.053179406003891
M4,706,vibration,3.3486396970494816
M4,706,temperature,59.43639608077957
M4,706,motor_current,7.554206604458771
M5,706,machine_health,0.11573905812881623
M5,706,defect_pressure,0.29511335489780277
M1,707,tool_wear,0.7859657251652663
M2,707,calibration_offset,0.8401515768483715
M3,707,component_condition,0.1380890351543783
M4,707,bearing_degradation,7.093136435100894
M4,707,vibration,3.327276483594239
M4,707,temperature,59.666850686391676
M4,707,motor_current,7.553581143997268
M5,707,machine_health,0.12694799658852163
M5,707,defect_pressure,0.2825347222989874
M1,708,tool_wear,0.8862759462012679
M2,708,calibration_offset,0.950391429632725
M3,708,component_condition,0.1589669090842311
M4,708,bearing_degradation,7.14481480403469
M4,708,vibration,3.393035109837091
M4,708,temperature,59.87794148592094
M4,708,motor_current,7.442053389040853
M5,708,machine_health,0.15383610883436294
M5,708,defect_pressure,0.270710807656101
M1,709,tool_wear,0.9548742048885293
M2,709,calibration_offset,1.108715573279965
M3,709,component_condition,0.1745221900737762
M4,709,bearing_degradation,7.232804437198966
M4,709,vibration,3.4180744357603774
M4,709,temperature,60.065913102272376
M4,709,motor_current,7.593645660587269
M5,709,machine_health,0.1751249456674392
M5,709,defect_pressure,0.25959632789178777
M1,710,tool_wear,1.066957263180831
M2,710,calibration_offset,1.2617717759835223
M3,710,component_condition,0.20406702137378518
M4,710,bearing_degradation,7.30026907901423
M4,710,vibration,3.411615444506472
M4,710,temperature,60.03885992295227
M4,710,motor_current,7.6466580424176325
M5,710,machine_health,0.1889120702210525
M5,710,defect_pressure,0.24914871691333332
M1,711,tool_wear,1.195737106726639
M2,711,calibration_offset,1.3843307343304976
M3,711,component_condition,0.2155536388208568
M4,711,bearing_degradation,7.374902097916446
M4,711,vibration,3.461175821327918
M4,711,temperature,60.27699532285872
M4,711,motor_current,7.535821493405928
M5,711,machine_health,0.21589348771912234
M5,711,defect_pressure,0.23932796259358613
M1,712,tool_wear,1.2716859509105505
M2,712,calibration_offset,1.5186038207068295
M3,712,component_condition,0.23079315010642715
M4,712,bearing_degradation,7.4310266435359855
M4,712,vibration,3.507167137042244
M4,712,temperature,60.633962952802456
M4,712,motor_current,7.560275435213194
M5,712,machine_health,0.22811453660668451
M5,712,defect_pressure,0.2300964535330238
M1,713,tool_wear,1.4054912938277133
M2,713,calibration_offset,1.5862658020997944
M3,713,component_condition,0.2565721680372518
M4,713,bearing_degradation,7.497796371433939
M4,713,vibration,3.508615384307723
M4,713,temperature,61.104269919096346
M4,713,motor_current,7.589738184189577
M5,713,machine_health,0.2578960259161586
M5,713,defect_pressure,0.2214188350160952
M1,714,tool_wear,1.5206964323534378
M2,714,calibration_offset,1.673683187850941
M3,714,component_condition,0.27352560286663
M4,714,bearing_degradation,7.53997729065711
M4,714,vibration,3.5512145687604355
M4,714,temperature,61.31665669057789
M4,714,motor_current,7.731163167086944
M5,714,machine_health,0.2773716931623151
M5,714,defect_pressure,0.2132618736101823
M1,715,tool_wear,1.5820383561273705
M2,715,calibration_offset,1.7588496313554882
M3,715,component_condition,0.28628615504538796
M4,715,bearing_degradation,7.5955897775759915
M4,715,vibration,3.489601899373926
M4,715,temperature,61.21025670400487
M4,715,motor_current,7.6367953772537644
M5,715,machine_health,0.2999353452525222
M5,715,defect_pressure,0.2055943298886242
M1,716,tool_wear,1.6729823803406583
M2,716,calibration_offset,1.904935134159833
M3,716,component_condition,0.30353201501171767
M4,716,bearing_degradation,7.633336827898829
M4,716,vibration,3.602132995601558
M4,716,temperature,61.477857328484966
M4,716,motor_current,7.707895429579068
M5,716,machine_health,0.3196309064543311
M5,716,defect_pressure,0.19838683879035957
M1,717,tool_wear,1.813110681399887
M2,717,calibration_offset,2.006276791677224
M3,717,component_condition,0.3275890314796383
M4,717,bearing_degradation,7.698701736053345
M4,717,vibration,3.5888078037201376
M4,717,temperature,61.47971938748952
M4,717,motor_current,7.7827974204542
M5,717,machine_health,0.33862450347203427
M5,717,defect_pressure,0.19161179715799082
M1,718,tool_wear,1.8994658874213104
M2,718,calibration_offset,2.0978257123254465
M3,718,component_condition,0.35284275488873046
M4,718,bearing_degradation,7.796577382371597
M4,718,vibration,3.6267648746418684
M4,718,temperature,61.58181680170413
M4,718,motor_current,7.675321011222829
M5,718,machine_health,0.36845645898263396
M5,718,defect_pressure,0.1852432580235642
M1,719,tool_wear,1.9993242329708405
M2,719,calibration_offset,2.226073618949133
M3,719,component_condition,0.36434819970880256
M4,719,bearing_degradation,7.865545110193122
M4,719,vibration,3.674695476193528
M4,719,temperature,61.77459618929118
M4,719,motor_current,7.720036110679766
M5,719,machine_health,0.3838818307122975
M5,719,defect_pressure,0.17925683123720318
M1,720,tool_wear,2.06934252190382
M2,720,calibration_offset,2.3333830727590703
M3,720,component_condition,0.3923127835720592
M4,720,bearing_degradation,7.907743407317613
M4,720,vibration,3.6183946535316553
M4,720,temperature,62.182821168789765
M4,720,motor_current,7.853163166602561
M5,720,machine_health,0.39454531386741293
M5,720,defect_pressure,0.1736295900580238
M1,721,tool_wear,2.21664941760572
M2,721,calibration_offset,2.4712383753109246
M3,721,component_condition,0.4182625631263195
M4,721,bearing_degradation,7.982021114931402
M4,721,vibration,3.696159304586012
M4,721,temperature,62.553217218645806
M4,721,motor_current,7.890052833702322
M5,721,machine_health,0.4065405739481756
M5,721,defect_pressure,0.1683399833495952
M1,722,tool_wear,2.2801945322657917
M2,722,calibration_offset,2.5923026504030893
M3,722,component_condition,0.4298160113917763
M4,722,bearing_degradation,8.040100967210396
M4,722,vibration,3.705115421655068
M4,722,temperature,62.85441140578399
M4,722,motor_current,7.83432955869988
M5,722,machine_health,0.42629684358432757
M5,722,defect_pressure,0.16336775304367232
M1,723,tool_wear,2.3778015890527837
M2,723,calibration_offset,2.728813801447074
M3,723,component_condition,0.4414438177244359
M4,723,bearing_degradation,8.1038245988139
M4,723,vibration,3.790368827389546
M4,723,temperature,62.98199889026837
M4,723,motor_current,7.787622283499948
M5,723,machine_health,0.44828035628853913
M5,723,defect_pressure,0.15869385655610482
M1,724,tool_wear,2.5227817197554243
M2,724,calibration_offset,2.8232639869613205
M3,724,component_condition,0.4569236297338877
M4,724,bearing_degradation,8.15089232884479
M4,724,vibration,3.7823233240975878
M4,724,temperature,63.19775530481676
M4,724,motor_current,7.8887473413238025
M5,724,machine_health,0.47196454970030655
M5,724,defect_pressure,0.15430039385779137
M1,725,tool_wear,2.599717437900187
M2,725,calibration_offset,2.9802697229651276
M3,725,component_condition,0.46973010012924427
M4,725,bearing_degradation,8.24119751773222
M4,725,vibration,3.824849305968985
M4,725,temperature,63.11790331907834
M4,725,motor_current,7.966832021781555
M5,725,machine_health,0.5016772221020607
M5,725,defect_pressure,0.15017053892137672
M1,726,tool_wear,2.6905513273098176
M2,726,calibration_offset,3.0591044102940725
M3,726,component_condition,0.4827331730129218
M4,726,bearing_degradation,8.30008166279967
M4,726,vibration,3.8362244381356607
M4,726,temperature,63.27633713773034
M4,726,motor_current,7.9674352405850835
M5,726,machine_health,0.5129619270632091
M5,726,defect_pressure,0.14628847528114694
M1,727,tool_wear,2.827494636395814
M2,727,calibration_offset,3.1518235708769637
M3,727,component_condition,0.5089562982446719
M4,727,bearing_degradation,8.367549744026833
M4,727,vibration,3.874502674276196
M4,727,temperature,63.361366065827404
M4,727,motor_current,7.955263774952938
M5,727,machine_health,0.5260149866632212
M5,727,defect_pressure,0.14263933545933094
M1,728,tool_wear,2.9128344840413516
M2,728,calibration_offset,3.2168379731841448
M3,728,component_condition,0.5246523057296629
M4,728,bearing_degradation,8.40702436552027
M4,728,vibration,3.8842784911516035
M4,728,temperature,63.56371624877803
M4,728,motor_current,8.022632106812411
M5,728,machine_health,0.546030092158041
M5,728,defect_pressure,0.1392091440268239
M1,729,tool_wear,2.991341136839257
M2,729,calibration_offset,3.3219715764580737
M3,729,component_condition,0.5483071825222038
M4,729,bearing_degradation,8.503013469053487
M4,729,vibration,3.9339534835970955
M4,729,temperature,63.674319293909676
M4,729,motor_current,7.996079502156619
M5,729,machine_health,0.5606385315943277
M5,729,defect_pressure,0.1359847640802673
M1,730,tool_wear,3.0883515994761064
M2,730,calibration_offset,3.4818414246422025
M3,730,component_condition,0.5626523305320811
M4,730,bearing_degradation,8.583858410487537
M4,730,vibration,3.971554030915655
M4,730,temperature,63.710421926169445
M4,730,motor_current,8.098758862505964
M5,730,machine_health,0.5728827623792732
M5,730,defect_pressure,0.1329538469305041
M1,731,tool_wear,3.181351645484823
M2,731,calibration_offset,3.5852834384540353
M3,731,component_condition,0.5862330738405299
M4,731,bearing_degradation,8.66041088831098
M4,731,vibration,3.9408988265402773
M4,731,temperature,64.0250529158891
M4,731,motor_current,8.128338199698911
M5,731,machine_health,0.5941284124346237
M5,731,defect_pressure,0.13010478480972668
M1,732,tool_wear,3.284853532760124
M2,732,calibration_offset,3.6634332012811193
M3,732,component_condition,0.6085212740268733
M4,732,bearing_degradation,8.703890588480402
M4,732,vibration,3.9321649884897196
M4,732,temperature,64.2384320234139
M4,732,motor_current,8.146023092044537
M5,732,machine_health,0.621665584095147
M5,732,defect_pressure,0.1274266664161959
M1,733,tool_wear,3.418370976008816
M2,733,calibration_offset,3.7384005477394795
M3,733,component_condition,0.6270186325682335
M4,733,bearing_degradation,8.792246743755353
M4,733,vibration,4.065909675875632
M4,733,temperature,64.61893779245094
M4,733,motor_current,8.03647375384868
M5,733,machine_health,0.6343994855849278
M5,733,defect_pressure,0.12490923512627697
M1,734,tool_wear,3.5418662154684983
M2,734,calibration_offset,3.8276338788678177
M3,734,component_condition,0.6440075853839061
M4,734,bearing_degradation,8.846292634785812
M4,734,vibration,3.997348326036182
M4,734,temperature,65.00901514500757
M4,734,motor_current,8.166824700006442
M5,734,machine_health,0.6591760343319514
M5,734,defect_pressure,0.12254284971375316
M1,735,tool_wear,3.607638388169863
M2,735,calibration_offset,3.966924106700781
M3,735,component_condition,0.6607258622860399
M4,735,bearing_degradation,8.9507446547972
M4,735,vibration,4.095857257043364
M4,735,temperature,65.21859493246497
M4,735,motor_current,8.185860329260079
M5,735,machine_health,0.6695068233177489
M5,735,defect_pressure,0.12031844742598079
M1,736,tool_wear,3.70145672947222
M2,736,calibration_offset,4.093464585964607
M3,736,component_condition,0.6880050028483403
M4,736,bearing_degradation,8.99678286184232
M4,736,vibration,4.100347126620761
M4,736,temperature,65.57147701807344
M4,736,motor_current,8.135402497765618
M5,736,machine_health,0.688012986323772
M5,736,defect_pressure,0.11822750927547476
M1,737,tool_wear,3.8372556366911432
M2,737,calibration_offset,4.193866596250888
M3,737,component_condition,0.6982581594180236
M4,737,bearing_degradation,9.045014056555738
M4,737,vibration,4.087194377594105
M4,737,temperature,65.81979647273246
M4,737,motor_current,8.076494357382384
M5,737,machine_health,0.7096165137197026
M5,737,defect_pressure,0.11626202741399909
M1,738,tool_wear,3.920226446213814
M2,738,calibration_offset,4.261734961945077
M3,738,component_condition,0.712612740102964
M4,738,bearing_degradation,9.122403975728313
M4,738,vibration,4.166948877686043
M4,738,temperature,66.06029674307416
M4,738,motor_current,8.265067440113866
M5,738,machine_health,0.7254046163337908
M5,738,defect_pressure,0.11441447446421196
M1,739,tool_wear,4.02801672789068
M2,739,calibration_offset,4.385474046982407
M3,739,component_condition,0.7381847672769751
M4,739,bearing_degradation,9.2205575640151
M4,739,vibration,4.176796258396024
M4,739,temperature,66.38789685037446
M4,739,motor_current,8.272153007644372
M5,739,machine_health,0.7380084033178069
M5,739,defect_pressure,0.11267777469141206
M1,740,tool_wear,4.097891870002921
M2,740,calibration_offset,4.504921432473669
M3,740,component_condition,0.7590175974336362
M4,740,bearing_degradation,9.311691991473019
M4,740,vibration,4.266184473117089
M4,740,temperature,66.6965711231874
M4,740,motor_current,8.323576659018812
M5,740,machine_health,0.7521789541237907
M5,740,defect_pressure,0.11104527690498016
M1,741,tool_wear,4.222407218608972
M2,741,calibration_offset,4.628791341961986
M3,741,component_condition,0.7705240260769842
M4,741,bearing_degradation,9.377382013913802
M4,741,vibration,4.256174312370985
M4,741,temperature,66.87472536361625
M4,741,motor_current,8.23755886753649
M5,741,machine_health,0.7699474985483478
M5,741,defect_pressure,0.10951072898573416
M1,742,tool_wear,4.336735225814511
M2,742,calibration_offset,4.775414704247878
M3,742,component_condition,0.7812236758431454
M4,742,bearing_degradation,9.476037236784551
M4,742,vibration,4.305339167997618
M4,742,temperature,66.77908637405133
M4,742,motor_current,8.243688752076812
M5,742,machine_health,0.7946557790584878
M5,742,defect_pressure,0.10806825394164293
M1,743,tool_wear,4.414888635979291
M2,743,calibration_offset,4.859446992322361
M3,743,component_condition,0.8027259271819327
M4,743,bearing_degradation,9.513057290718079
M4,743,vibration,4.261642464887013
M4,743,temperature,66.97784874262236
M4,743,motor_current,8.373327858715331
M5,743,machine_health,0.820869094528158
M5,743,defect_pressure,0.10671232740019718
M1,744,tool_wear,4.511251331508852
M2,744,calibration_offset,4.995846697254316
M3,744,component_condition,0.8209467427934249
M4,744,bearing_degradation,9.596594940899966
M4,744,vibration,4.380342535375434
M4,744,temperature,67.09580532162686
M4,744,motor_current,8.294777118682097
M5,744,machine_health,0.8366821011154654
M5,744,defect_pressure,0.10543775645123817
M1,745,tool_wear,4.571957374420508
M2,745,calibration_offset,5.135223377957291
M3,745,component_condition,0.8443247449057973
M4,745,bearing_degradation,9.65585540005127
M4,745,vibration,4.395934567323289
M4,745,temperature,67.43804898367947
M4,745,motor_current,8.343800424700726
M5,745,machine_health,0.848567620673444
M5,745,defect_pressure,0.10423965975921669
M1,746,tool_wear,4.662280793167271
M2,746,calibration_offset,5.224658194608829
M3,746,component_condition,0.8592412875584616
M4,746,bearing_degradation,9.718677174847961
M4,746,vibration,4.358512918313336
M4,746,temperature,67.62260972190103
M4,746,motor_current,8.485816528796827
M5,746,machine_health,0.8722227591681144
M5,746,defect_pressure,0.1031134488687165
M1,747,tool_wear,4.788346556319351
M2,747,calibration_offset,5.36605659206616
M3,747,component_condition,0.8722571438751087
M4,747,bearing_degradation,9.763264733514612
M4,747,vibration,4.404130006349188
M4,747,temperature,67.64466141494762
M4,747,motor_current,8.468047318215227
M5,747,machine_health,0.8997633045933472
M5,747,defect_pressure,0.10205481063164633
M1,748,tool_wear,4.889474788685872
M2,748,calibration_offset,5.441880518333582
M3,748,component_condition,0.8932657516340511
M4,748,bearing_degradation,9.803326473748708
M4,748,vibration,4.445707324236838
M4,748,temperature,67.94832246671504
M4,748,motor_current,8.342850463982963
M5,748,machine_health,0.9278382200055261
M5,748,defect_pressure,0.10105969068880037
M1,749,tool_wear,5.032831791615423
M2,749,calibration_offset,5.584734375926287
M3,749,component_condition,0.9076217339363796
M4,749,bearing_degradation,9.850412431256975
M4,749,vibration,4.4160289961665224
M4,749,temperature,68.0894504670979
M4,749,motor_current,8.394254370644864
M5,749,machine_health,0.9528000073195886
M5,749,defect_pressure,0.10012427794252517
M1,750,tool_wear,5.136747103448559
M2,750,calibration_offset,5.734205421468973
M3,750,component_condition,0.9326220375209535
M4,750,bearing_degradation,0.0
M4,750,vibration,0.4637067942540448
M4,750,temperature,65.08442759884406
M4,750,motor_current,4.910882025550036
M5,750,machine_health,0.9702663154469074
M5,750,defect_pressure,0.09924498996102647
M1,751,tool_wear,5.2260322415690705
M2,751,calibration_offset,5.856261341010873
M3,751,component_condition,0.9578555356288372
M4,751,bearing_degradation,0.1004675220076033
M4,751,vibration,0.5200934397639256
M4,751,temperature,62.521623458742305
M4,751,motor_current,5.078704305044528
M5,751,machine_health,0.9877892616471172
M5,751,defect_pressure,0.0984184592584177
M1,752,tool_wear,5.302076974318054
M2,752,calibration_offset,5.992493217180271
M3,752,component_condition,0.9858011890715476
M4,752,bearing_degradation,0.17345660931556844
M4,752,vibration,0.5992836808614632
M4,752,temperature,60.043251032927664
M4,752,motor_current,5.157513443299721
M5,752,machine_health,1.0036437504039126
M5,752,defect_pressure,0.09764152039796546
M1,753,tool_wear,5.448064249145203
M2,753,calibration_offset,6.1477352866556165
M3,753,component_condition,1.0092817126540703
M4,753,bearing_degradation,0.2125198529068637
M4,753,vibration,0.6046342886927988
M4,753,temperature,57.834376672197436
M4,753,motor_current,5.137798937901332
M5,753,machine_health,1.0201170060246287
M5,753,defect_pressure,0.09691119786914035
M1,754,tool_wear,5.533926078701983
M2,754,calibration_offset,6.2375139939785464
M3,754,component_condition,1.0213047338124388
M4,754,bearing_degradation,0.27740748685654903
M4,754,vibration,0.6122313900876138
M4,754,temperature,55.92227015247871
M4,754,motor_current,5.107298890935823
M5,754,machine_health,1.0487821793762457
M5,754,defect_pressure,0.09622469469204474
M1,755,tool_wear,5.596041296755632
M2,755,calibration_offset,6.308588844761597
M3,755,component_condition,1.0387708336148966
M4,755,bearing_degradation,0.3583710233196681
M4,755,vibration,0.6852336144537582
M4,755,temperature,54.377911668689904
M4,755,motor_current,5.063898489456888
M5,755,machine_health,1.0702149738416487
M5,755,defect_pressure,0.09557938170557487
M1,756,tool_wear,5.696516754504772
M2,756,calibration_offset,6.462905157546932
M3,756,component_condition,1.0591039034001215
M4,756,bearing_degradation,0.45475038319727
M4,756,vibration,0.6846516052677625
M4,756,temperature,52.977074792802554
M4,756,motor_current,5.100740304940044
M5,756,machine_health,1.0895762830501732
M5,756,defect_pressure,0.09497278749829319
M1,757,tool_wear,5.842902662911239
M2,757,calibration_offset,6.562975085671257
M3,757,component_condition,1.075906082130179
M4,757,bearing_degradation,0.5363146704409447
M4,757,vibration,0.7357976684722328
M4,757,temperature,52.06945426911426
M4,757,motor_current,5.161944958792153
M5,757,machine_health,1.1082765215989228
M5,757,defect_pressure,0.09440258894344841
M1,758,tool_wear,5.952088896694348
M2,758,calibration_offset,6.698489390682871
M3,758,component_condition,1.0956773053418758
M4,758,bearing_degradation,0.5950842096303918
M4,758,vibration,0.719118299403896
M4,758,temperature,51.31322797566992
M4,758,motor_current,5.265004021859323
M5,758,machine_health,1.1216238722134557
M5,758,defect_pressure,0.09386660230189432
M1,759,tool_wear,6.0217122009146
M2,759,calibration_offset,6.845889191844179
M3,759,component_condition,1.1234032202369038
M4,759,bearing_degradation,0.689429528555793
M4,759,vibration,0.812158487021138
M4,759,temperature,50.44647268457507
M4,759,motor_current,5.2561870864537985
M5,759,machine_health,1.1494259816823098
M5,759,defect_pressure,0.09336277485883349
M1,760,tool_wear,6.1713654156986
M2,760,calibration_offset,6.990843567799591
M3,760,component_condition,1.145664666434558
M4,760,bearing_degradation,0.7853918684576596
M4,760,vibration,0.7855028989969608
M4,760,temperature,49.59327691351652
M4,760,motor_current,5.362783331503156
M5,760,machine_health,1.1682367146447774
M5,760,defect_pressure,0.09288917706235629
M1,761,tool_wear,6.3034277677811055
M2,761,calibration_offset,7.132591661308605
M3,761,component_condition,1.1688236829969463
M4,761,bearing_degradation,0.8243549165770903
M4,761,vibration,0.7967302541469186
M4,761,temperature,48.752434329672134
M4,761,motor_current,5.245049341992281
M5,761,machine_health,1.1933503501857678
M5,761,defect_pressure,0.09244399513366773
M1,762,tool_wear,6.410939652296059
M2,762,calibration_offset,7.281038792666157
M3,762,component_condition,1.1958121283860441
M4,762,bearing_degradation,0.8888081311214425
M4,762,vibration,0.8761926904828284
M4,762,temperature,48.42778978205969
M4,762,motor_current,5.389710589568392
M5,762,machine_health,1.203420443456389
M5,762,defect_pressure,0.09202552412070049
M1,763,tool_wear,6.488891294111034
M2,763,calibration_offset,7.3647535999898075
M3,763,component_condition,1.2182988389170681
M4,763,bearing_degradation,0.9886431184993423
M4,763,vibration,0.9269580250981126
M4,763,temperature,47.7755176103026
M4,763,motor_current,5.442478003745909
M5,763,machine_health,1.214123657722162
M5,763,defect_pressure,0.09163216136851128
M1,764,tool_wear,6.565427797436852
M2,764,calibration_offset,7.43407961200789
M3,764,component_condition,1.2464614800482807
M4,764,bearing_degradation,1.0561325816032534
M4,764,vibration,0.8749186382119907
M4,764,temperature,47.56002128353506
M4,764,motor_current,5.373327912508054
M5,764,machine_health,1.2317938382120166
M5,764,defect_pressure,0.09126240038145342
M1,765,tool_wear,6.703513495393874
M2,765,calibration_offset,7.49840098196289
M3,765,component_condition,1.2754145131099026
M4,765,bearing_degradation,1.139373587823969
M4,765,vibration,1.003803465532723
M4,765,temperature,47.4252066652313
M4,765,motor_current,5.330968157978873
M5,765,machine_health,1.254539934740583
M5,765,defect_pressure,0.09091482505361903
M1,766,tool_wear,6.849824133202674
M2,766,calibration_offset,7.643105673849945
M3,766,component_condition,1.3049581712418026
M4,766,bearing_degradation,1.2411040555696093
M4,766,vibration,1.0139770849287097
M4,766,temperature,47.084380422490256
M4,766,motor_current,5.335088589631494
M5,766,machine_health,1.268260103377703
M5,766,defect_pressure,0.0905881042454547
M1,767,tool_wear,6.942230027622239
M2,767,calibration_offset,7.712992307695546
M3,767,component_condition,1.325704867738664
M4,767,bearing_degradation,1.3340416140738571
M4,767,vibration,1.0263859365411634
M4,767,temperature,46.860826543494575
M4,767,motor_current,5.5576290096928815
M5,767,machine_health,1.2911544401339978
M5,767,defect_pressure,0.09028098668578023
M1,768,tool_wear,7.090549573824699
M2,768,calibration_offset,7.865756137614561
M3,768,component_condition,1.3472892684432152
M4,768,bearing_degradation,1.3882617027714288
M4,768,vibration,1.008552813312161
M4,768,temperature,46.78373438279334
M4,768,motor_current,5.441037523366151
M5,768,machine_health,1.3050409672114733
M5,768,defect_pressure,0.08999229617968624
M1,769,tool_wear,7.204673432854584
M2,769,calibration_offset,7.981803485831911
M3,769,component_condition,1.3653639285253139
M4,769,bearing_degradation,1.4613582758041581
M4,769,vibration,1.129598347516039
M4,769,temperature,46.6190070051835
M4,769,motor_current,5.574869086626431
M5,769,machine_health,1.3339307248083783
M5,769,defect_pressure,0.08972092710395788
M1,770,tool_wear,7.308232600384512
M2,770,calibration_offset,8.064522611150133
M3,770,component_condition,1.3947411152346696
M4,770,bearing_degradation,1.509838602618437
M4,770,vibration,1.0895444084228496
M4,770,temperature,46.21196154543143
M4,770,motor_current,5.449704675179044
M5,770,machine_health,1.347213013600294
M5,770,defect_pressure,0.08946584017277322
M1,771,tool_wear,7.409781926653039
M2,771,calibration_offset,8.15466510232999
M3,771,component_condition,1.4189926740996148
M4,771,bearing_degradation,1.6084714685104335
M4,771,vibration,1.1903418415576756
M4,771,temperature,45.87749041901666
M4,771,motor_current,5.507567542261027
M5,771,machine_health,1.3659419815767562
M5,771,defect_pressure,0.08922605845745964
M1,772,tool_wear,7.499563699130062
M2,772,calibration_offset,8.310545197755875
M3,772,component_condition,1.4298606079827358
M4,772,bearing_degradation,1.65081721113339
M4,772,vibration,1.1125615632960417
M4,772,temperature,45.58789433904382
M4,772,motor_current,5.5907558580966015
M5,772,machine_health,1.3893071703209197
M5,772,defect_pressure,0.08900066364506487
M1,773,tool_wear,7.596640070320683
M2,773,calibration_offset,8.4700504730038
M3,773,component_condition,1.4575693832699819
M4,773,bearing_degradation,1.705545008670368
M4,773,vibration,1.1704214865092744
M4,773,temperature,45.29575133084599
M4,773,motor_current,5.51939530470041
M5,773,machine_health,1.4115221402200058
M5,773,defect_pressure,0.08878879252141379
M1,774,tool_wear,7.680293355030448
M2,774,calibration_offset,8.530237747395716
M3,774,component_condition,1.4688157377709656
M4,774,bearing_degradation,1.804586495313584
M4,774,vibration,1.1858613194713503
M4,774,temperature,45.33014122474807
M4,774,motor_current,5.650226464382188
M5,774,machine_health,1.4278981074550168
M5,774,defect_pressure,0.08858963366518179
M1,775,tool_wear,7.757267258844892
M2,775,calibration_offset,8.659518586780626
M3,775,component_condition,1.4865624061880995
M4,775,bearing_degradation,1.8909817790806047
M4,775,vibration,1.282140944106254
M4,775,temperature,45.31594164035989
M4,775,motor_current,5.621303742523339
M5,775,machine_health,1.4388167080995986
M5,775,defect_pressure,0.0884024243403237
M1,776,tool_wear,7.862643172675316
M2,776,calibration_offset,8.743082819980595
M3,776,component_condition,1.5157404982850036
M4,776,bearing_degradation,1.9310696528507882
M4,776,vibration,1.279309734316965
M4,776,temperature,45.39887723854147
M4,776,motor_current,5.745869531919695
M5,776,machine_health,1.4557207887203942
M5,776,defect_pressure,0.0882264475749571
M1,777,tool_wear,7.968463404999315
M2,777,calibration_offset,8.885576667962335
M3,777,component_condition,1.5383021678164324
M4,777,bearing_degradation,2.0259431819719502
M4,777,vibration,1.327891658233165
M4,777,temperature,45.26891228874191
M4,777,motor_current,5.647032825319385
M5,777,machine_health,1.4749714875863082
M5,777,defect_pressure,0.08806102941551248
M1,778,tool_wear,8.104030049880524
M2,778,calibration_offset,8.988266876694619
M3,778,component_condition,1.5662462504350683
M4,778,bearing_degradation,2.089773624549002
M4,778,vibration,1.357518641602752
M4,778,temperature,45.134611390134005
M4,778,motor_current,5.685514589715453
M5,778,machine_health,1.5015204023059006
M5,778,defect_pressure,0.08790553634563456
M1,779,tool_wear,8.247954678586762
M2,779,calibration_offset,9.117630360767384
M3,779,component_condition,1.5809448342956511
M4,779,bearing_degradation,2.173916121342752
M4,779,vibration,1.3921423360824283
M4,779,temperature,45.377867024500354
M4,779,motor_current,5.728086320018411
M5,779,machine_health,1.5211940112210578
M5,779,defect_pressure,0.0877593728599493
M1,780,tool_wear,8.338432251108545
M2,780,calibration_offset,9.198777392772358
M3,780,component_condition,1.597881974514229
M4,780,bearing_degradation,2.261190052466112
M4,780,vibration,1.387022919854107
M4,780,temperature,45.61937954797656
M4,780,motor_current,5.834793353482595
M5,780,machine_health,1.53162280855352
M5,780,defect_pressure,0.08762197918340515
M1,781,tool_wear,8.476036706750309
M2,781,calibration_offset,9.291459423397532
M3,781,component_condition,1.6221257341538189
M4,781,bearing_degradation,2.3445544923710955
M4,781,vibration,1.4299557786095431
M4,781,temperature,45.973217259163505
M4,781,motor_current,5.874904059387447
M5,781,machine_health,1.546329319572715
M5,781,defect_pressure,0.08749282912745367
M1,782,tool_wear,8.615152287160011
M2,782,calibration_offset,9.380610809231968
M3,782,component_condition,1.63441070321898
M4,782,bearing_degradation,2.4022239665233047
M4,782,vibration,1.43288301799238
M4,782,temperature,46.37929399718061
M4,782,motor_current,5.886226852197153
M5,782,machine_health,1.5666653314665275
M5,782,defect_pressure,0.08737142807485926
M1,783,tool_wear,8.750334899036112
M2,783,calibration_offset,9.503989651186467
M3,783,component_condition,1.6630487569073922
M4,783,bearing_degradation,2.4693950569348657
M4,783,vibration,1.4564138139935077
M4,783,temperature,46.56398970373387
M4,783,motor_current,5.864306737083649
M5,783,machine_health,1.586257970590518
M5,783,defect_pressure,0.08725731108542052
M1,784,tool_wear,8.871673049054873
M2,784,calibration_offset,9.621130790490891
M3,784,component_condition,1.6740602682289725
M4,784,bearing_degradation,2.5272280112243193
M4,784,vibration,1.556982947645534
M4,784,temperature,46.47537602435461
M4,784,motor_current,5.846778854444231
M5,784,machine_health,1.6045913722546454
M5,784,defect_pressure,0.0871500411153481
M1,785,tool_wear,8.95957452107884
M2,785,calibration_offset,9.716786412859728
M3,785,component_condition,1.690228690005546
M4,785,bearing_degradation,2.5927682663748777
M4,785,vibration,1.5411021292720897
M4,785,temperature,46.424219653328606
M4,785,motor_current,5.893612217552809
M5,785,machine_health,1.619808075510725
M5,785,defect_pressure,0.08704920734348004
M1,786,tool_wear,9.021405195874925
M2,786,calibration_offset,9.780341600614634
M3,786,component_condition,1.706175564956347
M4,786,bearing_degradation,2.6526999539468887
M4,786,vibration,1.5483137634172937
M4,786,temperature,46.468573601851496
M4,786,motor_current,5.952671665251077
M5,786,machine_health,1.6460561251913512
M5,786,defect_pressure,0.08695442359792406
M1,787,tool_wear,9.103648252177651
M2,787,calibration_offset,9.902262393117615
M3,787,component_condition,1.7341623531367152
M4,787,bearing_degradation,2.7411838452365593
M4,787,vibration,1.5548543814433402
M4,787,temperature,46.44050074617221
M4,787,motor_current,6.0060553068233915
M5,787,machine_health,1.6622282788240599
M5,787,defect_pressure,0.08686532687710144
M1,788,tool_wear,9.220070717315902
M2,788,calibration_offset,9.968644996588587
M3,788,component_condition,1.761942185907842
M4,788,bearing_degradation,2.8145942176273726
M4,788,vibration,1.6239444061356965
M4,788,temperature,46.368340147868025
M4,788,motor_current,5.8865584617726086
M5,788,machine_health,1.679536401442091
M5,788,defect_pressure,0.08678157595952818
M1,789,tool_wear,9.311109357848292
M2,789,calibration_offset,10.116926176475324
M3,789,component_condition,1.7743733184982073
M4,789,bearing_degradation,2.8594510479738826
M4,789,vibration,1.685510733735958
M4,789,temperature,46.565004695444415
M4,789,motor_current,5.91634103914653
M5,789,machine_health,1.704630051859454
M5,789,defect_pressure,0.0867028500970093
M1,790,tool_wear,9.4463825942192
M2,790,calibration_offset,10.263902101432093
M3,790,component_condition,1.7998612892385524
M4,790,bearing_degradation,2.902004448179491
M4,790,vibration,1.7043094408698434
M4,790,temperature,46.65370757839399
M4,790,motor_current,6.019826049897112
M5,790,machine_health,1.7213310352782236
M5,790,defect_pressure,0.08662884778624157
M1,791,tool_wear,9.545587178992486
M2,791,calibration_offset,10.398676683525355
M3,791,component_condition,1.8144038165503897
M4,791,bearing_degradation,2.9773405070039467
M4,791,vibration,1.7240797647308497
M4,791,temperature,46.69457583309607
M4,791,motor_current,6.098971204586892
M5,791,machine_health,1.7347704433150946
M5,791,defect_pressure,0.0865592856141199
M1,792,tool_wear,9.607318032303594
M2,792,calibration_offset,10.557733204801028
M3,792,component_condition,1.8280544475705631
M4,792,bearing_degradation,3.058384995510619
M4,792,vibration,1.7314662381971533
M4,792,temperature,46.960573253922654
M4,792,motor_current,6.139122837161665
M5,792,machine_health,1.7478794891582237
M5,792,defect_pressure,0.08649389717232552
M1,793,tool_wear,9.697363818094498
M2,793,calibration_offset,10.62041026337134
M3,793,component_condition,1.8466338471849133
M4,793,bearing_degradation,3.0939520614259317
M4,793,vibration,1.7492520576470862
M4,793,temperature,46.948936466594
M4,793,motor_current,6.139069857457175
M5,793,machine_health,1.7715350791621063
M5,793,defect_pressure,0.0864324320370388
M1,794,tool_wear,9.834412397995772
M2,794,calibration_offset,10.706963823932716
M3,794,component_condition,1.8641515262808268
M4,794,bearing_degradation,3.154908355254071
M4,794,vibration,1.7828587544444707
M4,794,temperature,47.03610738590771
M4,794,motor_current,6.135500551184859
M5,794,machine_health,1.7839553934970793
M5,794,defect_pressure,0.08637465480986929
M1,795,tool_wear,9.96608351778894
M2,795,calibration_offset,10.826229688721261
M3,795,component_condition,1.889103019001909
M4,795,bearing_degradation,3.2283852320843294
M4,795,vibration,1.7880532382239134
M4,795,temperature,47.55771757690596
M4,795,motor_current,6.081403228867422
M5,795,machine_health,1.7988227877652068
M5,795,defect_pressure,0.08632034421632995
M1,796,tool_wear,10.076328404985292
M2,796,calibration_offset,10.96934316526163
M3,796,component_condition,1.9007673730567103
M4,796,bearing_degradation,3.290942564956561
M4,796,vibration,1.7966525630444197
M4,796,temperature,47.76562683552875
M4,796,motor_current,6.102181775043886
M5,796,machine_health,1.8255078978369101
M5,796,defect_pressure,0.08626929225840296
M1,797,tool_wear,10.214972184850497
M2,797,calibration_offset,11.11825766146121
M3,797,component_condition,1.9224184069844024
M4,797,bearing_degradation,3.3330526150116873
M4,797,vibration,1.8179238485372387
M4,797,temperature,48.01193158428624
M4,797,motor_current,6.228826186043299
M5,797,machine_health,1.8435006674867889
M5,797,defect_pressure,0.0862213034179516
M1,798,tool_wear,10.283153085983207
M2,798,calibration_offset,11.184645239847399
M3,798,component_condition,1.9435407178141466
M4,798,bearing_degradation,3.383926483746241
M4,798,vibration,1.8491588523409068
M4,798,temperature,48.49786928441399
M4,798,motor_current,6.254464852867942
M5,798,machine_health,1.8721711537411214
M5,798,defect_pressure,0.08617619390792733
M1,799,tool_wear,10.413417705596794
M2,799,calibration_offset,11.292835996730998
M3,799,component_condition,1.9566156184540624
M4,799,bearing_degradation,3.4725963009556913
M4,799,vibration,1.8685762207663381
M4,799,temperature,48.40269455426434
M4,799,motor_current,6.304243578035624
M5,799,machine_health,1.8869137857887879
M5,799,defect_pressure,0.08613379096850451
M1,800,tool_wear,0.0
M2,800,calibration_offset,0.0
M3,800,component_condition,0.0
M4,800,bearing_degradation,3.5206652298970935
M4,800,vibration,1.878106164883409
M4,800,temperature,48.60210086511941
M4,800,motor_current,6.2305554994320484
M5,800,machine_health,0.0
M5,800,defect_pressure,0.08609393220544706
M1,801,tool_wear,0.09807130016175863
M2,801,calibration_offset,0.1488592494623292
M3,801,component_condition,0.019785444517952163
M4,801,bearing_degradation,3.585393074315881
M4,801,vibration,1.8859357438526008
M4,801,temperature,48.53764420989059
M4,801,motor_current,6.251478248653892
M5,801,machine_health,0.022043086122529084
M5,801,defect_pressure,0.08227459191089354
M1,802,tool_wear,0.20282339337881933
M2,802,calibration_offset,0.29813858510439517
M3,802,component_condition,0.032193103813444555
M4,802,bearing_degradation,3.666693933007435
M4,802,vibration,2.001469989430815
M4,802,temperature,48.93498380185951
M4,802,motor_current,6.273280811226471
M5,802,machine_health,0.042297815528233584
M5,802,defect_pressure,0.07868441203401322
M1,803,tool_wear,0.31299610278662815
M2,803,calibration_offset,0.41942406250073155
M3,803,component_condition,0.0525879535421899
M4,803,bearing_degradation,3.718610918825517
M4,803,vibration,1.9375861895435984
M4,803,temperature,49.19304718560872
M4,803,motor_current,6.319644866910659
M5,803,machine_health,0.06018048038479982
M5,803,defect_pressure,0.07530964294974572
M1,804,tool_wear,0.4425485071441848
M2,804,calibration_offset,0.5403145486037353
M3,804,component_condition,0.08011499580273373
M4,804,bearing_degradation,3.8163320054328307
M4,804,vibration,2.062689230598128
M4,804,temperature,49.21706603692355
M4,804,motor_current,6.2409084055722746
M5,804,machine_health,0.08962567641963404
M5,804,defect_pressure,0.07213736001053428
M1,805,tool_wear,0.5825329556593319
M2,805,calibration_offset,0.6318384114438373
M3,805,component_condition,0.10698836331112255
M4,805,bearing_degradation,3.8638867405813495
M4,805,vibration,2.0528769919881644
M4,805,temperature,49.74483300911413
M4,805,motor_current,6.310552045307064
M5,805,machine_health,0.10042179008407578
M5,805,defect_pressure,0.06915541404767553
M1,806,tool_wear,0.6993655767012794
M2,806,calibration_offset,0.7865251511934338
M3,806,component_condition,0.11957109139244923
M4,806,bearing_degradation,3.950803002791616
M4,806,vibration,2.080261657254671
M4,806,temperature,49.94042728020249
M4,806,motor_current,6.304785299575361
M5,806,machine_health,0.1299646967400839
M5,806,defect_pressure,0.06635238484258829
M1,807,tool_wear,0.7729862899835174
M2,807,calibration_offset,0.8587305279015653
M3,807,component_condition,0.14070890415791112
M4,807,bearing_degradation,3.991729889790886
M4,807,vibration,2.0931458022687965
M4,807,temperature,50.29276966381547
M4,807,motor_current,6.341438230044288
M5,807,machine_health,0.15904777128246744
M5,807,defect_pressure,0.06371753738980629
M1,808,tool_wear,0.8499228652086325
M2,808,calibration_offset,0.9527530520538046
M3,808,component_condition,0.16649038381554498
M4,808,bearing_degradation,4.09039667894625
M4,808,vibration,2.168945709529117
M4,808,temperature,50.28879680591455
M4,808,motor_current,6.505872904023382
M5,808,machine_health,0.18218421741275165
M5,808,defect_pressure,0.061240780784191214
M1,809,tool_wear,0.9386195280129249
M2,809,calibration_offset,1.0805957187546782
M3,809,component_condition,0.17806602523562326
M4,809,bearing_degradation,4.141814765998613
M4,809,vibration,2.126001338588149
M4,809,temperature,50.547314969515924
M4,809,motor_current,6.415255863267879
M5,809,machine_health,0.20147675883012253
M5,809,defect_pressure,0.05891262957491304
M1,810,tool_wear,1.0036449678918076
M2,810,calibration_offset,1.2196549316197194
M3,810,component_condition,0.19991493405143154
M4,810,bearing_degradation,4.216589349853737
M4,810,vibration,2.2180568297797816
M4,810,temperature,50.91850894410825
M4,810,motor_current,6.536404676022238
M5,810,machine_health,0.21958718193419324
M5,810,defect_pressure,0.05672416743819156
M1,811,tool_wear,1.1263875511469281
M2,811,calibration_offset,1.2810226967301839
M3,811,component_condition,0.21516125105474224
M4,811,bearing_degradation,4.25752251298301
M4,811,vibration,2.2271698885875377
M4,811,temperature,51.21997030880209
M4,811,motor_current,6.4402937060442325
M5,811,machine_health,0.2448306040438668
M5,811,defect_pressure,0.05466701302967337
M1,812,tool_wear,1.273227020621675
M2,812,calibration_offset,1.4318882528642198
M3,812,component_condition,0.22539378308044958
M4,812,bearing_degradation,4.348395322253249
M4,812,vibration,2.202078540835078
M4,812,temperature,51.340056532086244
M4,812,motor_current,6.476230495392835
M5,812,machine_health,0.2709458806947269
M5,812,defect_pressure,0.052733287885666266
M1,813,tool_wear,1.3489239695111523
M2,813,calibration_offset,1.5173134931256742
M3,813,component_condition,0.2484475638672681
M4,813,bearing_degradation,4.400697554374865
M4,813,vibration,2.3076538431617424
M4,813,temperature,51.46455164515583
M4,813,motor_current,6.560042162157408
M5,813,machine_health,0.2824282641824461
M5,813,defect_pressure,0.05091558625029959
M1,814,tool_wear,1.4448033053878095
M2,814,calibration_offset,1.6460736360177477
M3,814,component_condition,0.270938736585616
M4,814,bearing_degradation,4.468146210006053
M4,814,vibration,2.3110074324484136
M4,814,temperature,51.43542136779237
M4,814,motor_current,6.566271944594879
M5,814,machine_health,0.3009538823075368
M5,814,defect_pressure,0.049206946713054915
M1,815,tool_wear,1.5458649093526098
M2,815,calibration_offset,1.7207112298845635
M3,815,component_condition,0.30063893154220495
M4,815,bearing_degradation,4.564008348163705
M4,815,vibration,2.2828305404910063
M4,815,temperature,51.886613168282416
M4,815,motor_current,6.602260118532247
M5,815,machine_health,0.3168962254700936
M5,815,defect_pressure,0.04760082554804492
M1,816,tool_wear,1.6710064800683404
M2,816,calibration_offset,1.8605861447797636
M3,816,component_condition,0.319840256321364
M4,816,bearing_degradation,4.644030851344598
M4,816,vibration,2.395833581719571
M4,816,temperature,52.032451392574515
M4,816,motor_current,6.538735215444102
M5,816,machine_health,0.34034073308103713
M5,816,defect_pressure,0.04609107165293553
M1,817,tool_wear,1.7729636007823384
M2,817,calibration_offset,1.9309358951391205
M3,817,component_condition,0.3432391085886393
M4,817,bearing_degradation,4.726829459966622
M4,817,vibration,2.417171704242906
M4,817,temperature,52.45117083491148
M4,817,motor_current,6.6128256716647265
M5,817,machine_health,0.364271513528795
M5,817,defect_pressure,0.044671902991532696
M1,818,tool_wear,1.9196439201269775
M2,818,calibration_offset,2.0164240907802387
M3,818,component_condition,0.37000209189616645
M4,818,bearing_degradation,4.826358644934967
M4,818,vibration,2.3841686897254664
M4,818,temperature,52.86763947711265
M4,818,motor_current,6.635389082764794
M5,818,machine_health,0.3858758928026058
M5,818,defect_pressure,0.04333788444981403
M1,819,tool_wear,2.0468349207692826
M2,819,calibration_offset,2.1500735116519167
M3,819,component_condition,0.3834646006794696
M4,819,bearing_degradation,4.8713824702065835
M4,819,vibration,2.454347862226082
M4,819,temperature,52.853257472790396
M4,819,motor_current,6.612770606030178
M5,819,machine_health,0.4077048914314663
M5,819,defect_pressure,0.04208390702059849
M1,820,tool_wear,2.113152615795977
M2,820,calibration_offset,2.2717026906773627
M3,820,component_condition,0.40873222587514085
M4,820,bearing_degradation,4.916933738717336
M4,820,vibration,2.444657253844696
M4,820,temperature,52.79910726407695
M4,820,motor_current,6.663102376672538
M5,820,machine_health,0.4192670852064894
M5,820,defect_pressure,0.040905168237135886
M1,821,tool_wear,2.2540349906381714
M2,821,calibration_offset,2.4070415021693465
M3,821,component_condition,0.4379962786945692
M4,821,bearing_degradation,4.980068151806824
M4,821,vibration,2.506686989102977
M4,821,temperature,52.92364808888385
M4,821,motor_current,6.697700636755145
M5,821,machine_health,0.4299667226768125
M5,821,defect_pressure,0.039797153780681035
M1,822,tool_wear,2.400790798923117
M2,822,calibration_offset,2.5432647583737658
M3,822,component_condition,0.4589009930610807
M4,822,bearing_degradation,5.070347992451563
M4,822,vibration,2.4976658904997304
M4,822,temperature,53.21219946626777
M4,822,motor_current,6.741056489264318
M5,822,machine_health,0.4422311356754815
M5,822,defect_pressure,0.03875562019161347
M1,823,tool_wear,2.4864136161229973
M2,823,calibration_offset,2.641173430678651
M3,823,component_condition,0.4712869846731169
M4,823,bearing_degradation,5.146876155363839
M4,823,vibration,2.5276852345085215
M4,823,temperature,53.35178804267475
M4,823,motor_current,6.873810197603347
M5,823,machine_health,0.4621898967433936
M5,823,defect_pressure,0.037776578617889967
M1,824,tool_wear,2.5529993750121176
M2,824,calibration_offset,2.766370802070947
M3,824,component_condition,0.49961240141998753
M4,824,bearing_degradation,5.216924919309511
M4,824,vibration,2.634931033288048
M4,824,temperature,53.780337358614084
M4,824,motor_current,6.9082712634138
M5,824,machine_health,0.4774993612433466
M5,824,defect_pressure,0.03685627953858987
M1,825,tool_wear,2.6147367725167254
M2,825,calibration_offset,2.841296991769828
M3,825,component_condition,0.516626447968602
M4,825,bearing_degradation,5.276291607635062
M4,825,vibration,2.626255947003491
M4,825,temperature,53.69457949580843
M4,825,motor_current,6.759577039375279
M5,825,machine_health,0.5037952846965461
M5,825,defect_pressure,0.03599119840404778
M1,826,tool_wear,2.7264300476982366
M2,826,calibration_offset,2.9301799347617887
M3,826,component_condition,0.5293239448967629
M4,826,bearing_degradation,5.355171361122809
M4,826,vibration,2.5994303706024917
M4,826,temperature,53.74549077347451
M4,826,motor_current,6.841880753532044
M5,826,machine_health,0.5320206804762163
M5,826,defect_pressure,0.035178022137578216
M1,827,tool_wear,2.821026851480603
M2,827,calibration_offset,3.049049106798129
M3,827,component_condition,0.5491627525489501
M4,827,bearing_degradation,5.459099349896876
M4,827,vibration,2.71068867580888
M4,827,temperature,54.28824162416366
M4,827,motor_current,6.913550068245878
M5,827,machine_health,0.5596265057364849
M5,827,defect_pressure,0.03441363644709682
M1,828,tool_wear,2.952910263126441
M2,828,calibration_offset,3.1636065414726735
M3,828,component_condition,0.5777899198930793
M4,828,bearing_degradation,5.5356061490017945
M4,828,vibration,2.676316294871617
M4,828,temperature,54.41568673270912
M4,828,motor_current,6.950058453053681
M5,828,machine_health,0.5890696359271799
M5,828,defect_pressure,0.03369511389804432
M1,829,tool_wear,3.0538544195882107
M2,829,calibration_offset,3.2517666024961986
M3,829,component_condition,0.6069219312484254
M4,829,bearing_degradation,5.6384292691997775
M4,829,vibration,2.774832468842584
M4,829,temperature,54.79714999390342
M4,829,motor_current,6.985990645294136
M5,829,machine_health,0.6169702909592832
M5,829,defect_pressure,0.03301970270193496
M1,830,tool_wear,3.1399914025810127
M2,830,calibration_offset,3.3900650674538015
M3,830,component_condition,0.6219089774665595
M4,830,bearing_degradation,5.731490533983094
M4,830,vibration,2.802869193643998
M4,830,temperature,54.84902787560425
M4,830,motor_current,7.014428763995307
M5,830,machine_health,0.6340008517912209
M5,830,defect_pressure,0.03238481617759216
M1,831,tool_wear,3.202829519112823
M2,831,calibration_offset,3.4871878322295444
M3,831,component_condition,0.6453839903917367
M4,831,bearing_degradation,5.774467872678165
M4,831,vibration,2.8254764725367343
M4,831,temperature,54.96445797951973
M4,831,motor_current,6.926824029551224
M5,831,machine_health,0.6533443344582698
M5,831,defect_pressure,0.03178802284470993
M1,832,tool_wear,3.291204765292176
M2,832,calibration_offset,3.615869953828774
M3,832,component_condition,0.6694877699700837
M4,832,bearing_degradation,5.845260590734444
M4,832,vibration,2.8517390488204835
M4,832,temperature,55.31759192153285
M4,832,motor_current,7.003632770585199
M5,832,machine_health,0.6761321521763298
M5,832,defect_pressure,0.03122703711180064
M1,833,tool_wear,3.3664615797218276
M2,833,calibration_offset,3.759118901270719
M3,833,component_condition,0.6967023411578455
M4,833,bearing_degradation,5.886740915428091
M4,833,vibration,2.87595683459671
M4,833,temperature,55.293604074134144
M4,833,motor_current,7.0596321948930925
M5,833,machine_health,0.7035402555751719
M5,833,defect_pressure,0.030699710522865905
M1,834,tool_wear,3.496137014723891
M2,834,calibration_offset,3.8864139412953556
M3,834,component_condition,0.7242282739676752
M4,834,bearing_degradation,5.9271514599486235
M4,834,vibration,2.8466475843342507
M4,834,temperature,55.29892253195382
M4,834,motor_current,7.037540469012811
M5,834,machine_health,0.7247782176352003
M5,834,defect_pressure,0.03020402352926725
M1,835,tool_wear,3.6433984993891815
M2,835,calibration_offset,4.0091463882476726
M3,835,component_condition,0.7440148906001599
M4,835,bearing_degradation,5.9670228892663655
M4,835,vibration,2.852172307745873
M4,835,temperature,55.717777212371935
M4,835,motor_current,7.133257088072176
M5,835,machine_health,0.7525447339292528
M5,835,defect_pressure,0.029738077755284517
M1,836,tool_wear,3.77659210651074
M2,836,calibration_offset,4.114947850679267
M3,836,component_condition,0.7544910114653267
M4,836,bearing_degradation,6.021424132235459
M4,836,vibration,2.9459065968591256
M4,836,temperature,55.88570380218222
M4,836,motor_current,7.031318457804281
M5,836,machine_health,0.7675425978266001
M5,836,defect_pressure,0.029300088727740748
M1,837,tool_wear,3.925367978394417
M2,837,calibration_offset,4.226766344913578
M3,837,component_condition,0.7748458246074159
M4,837,bearing_degradation,6.063260774504287
M4,837,vibration,2.885459970144633
M4,837,temperature,56.23904979968816
M4,837,motor_current,7.0631244775797
M5,837,machine_health,0.7970604645845181
M5,837,defect_pressure,0.028888379041849606
M1,838,tool_wear,4.031247894417733
M2,838,calibration_offset,4.367387310430821
M3,838,component_condition,0.7935131635813526
M4,838,bearing_degradation,6.1010779084476345
M4,838,vibration,2.9657548048099303
M4,838,temperature,56.400681356850846
M4,838,motor_current,7.234487120904586
M5,838,machine_health,0.816660125895098
M5,838,defect_pressure,0.02850137193711193
M1,839,tool_wear,4.17368717454032
M2,839,calibration_offset,4.522367245777022
M3,839,component_condition,0.8121454739287995
M4,839,bearing_degradation,6.19412797587477
M4,839,vibration,3.000619870929339
M4,839,temperature,56.444508645611556
M4,839,motor_current,7.257721116536062
M5,839,machine_health,0.8327489948749054
M5,839,defect_pressure,0.028137585258658518
M1,840,tool_wear,4.249152284662842
M2,840,calibration_offset,4.601660689406302
M3,840,component_condition,0.8319258215357315
M4,840,bearing_degradation,6.2916524370733296
M4,840,vibration,3.0303154236870045
M4,840,temperature,56.80115758155196
M4,840,motor_current,7.235599798921066
M5,840,machine_health,0.8441431498042846
M5,840,defect_pressure,0.027795625780912308
M1,841,tool_wear,4.331222980903694
M2,841,calibration_offset,4.662924949546303
M3,841,component_condition,0.8575303598680893
M4,841,bearing_degradation,6.326966155606117
M4,841,vibration,3.0309097349102876
M4,841,temperature,57.142033388589
M4,841,motor_current,7.145518380209944
M5,841,machine_health,0.8577696669263709
M5,841,defect_pressure,0.02747418387183087
M1,842,tool_wear,4.404351202329544
M2,842,calibration_offset,4.74336958625287
M3,842,component_condition,0.8754333420380421
M4,842,bearing_degradation,6.416284329218609
M4,842,vibration,3.088440582282305
M4,842,temperature,57.128631496925124
M4,842,motor_current,7.155467839890662
M5,842,machine_health,0.8707364505407652
M5,842,defect_pressure,0.02717202847729432
M1,843,tool_wear,4.516764553013796
M2,843,calibration_offset,4.892062825884587
M3,843,component_condition,0.8913703827236419
M4,843,bearing_degradation,6.460544188779282
M4,843,vibration,3.045629151230391
M4,843,temperature,57.198238829309716
M4,843,motor_current,7.222524192135372
M5,843,machine_health,0.9004883660310308
M5,843,defect_pressure,0.026888002406429964
M1,844,tool_wear,4.605976632338671
M2,844,calibration_offset,4.966379296662344
M3,844,component_condition,0.9022685726538165
M4,844,bearing_degradation,6.50858753212339
M4,844,vibration,3.089823052212045
M4,844,temperature,57.20844901593154
M4,844,motor_current,7.269307987587545
M5,844,machine_health,0.9123746190602857
M5,844,defect_pressure,0.026621017899817467
M1,845,tool_wear,4.695571606557978
M2,845,calibration_offset,5.110699210824713
M3,845,component_condition,0.9254605091949929
M4,845,bearing_degradation,6.5759856781273065
M4,845,vibration,3.1793198951124286
M4,845,temperature,57.622159908553414
M4,845,motor_current,7.394010062952002
M5,845,machine_health,0.9365052117063495
M5,845,defect_pressure,0.02637005246360172
M1,846,tool_wear,4.83875299963125
M2,846,calibration_offset,5.255087707391276
M3,846,component_condition,0.9361731051027957
M4,846,bearing_degradation,6.631855686107676
M4,846,vibration,3.1176557852278246
M4,846,temperature,58.04721452283083
M4,846,motor_current,7.388453529027203
M5,846,machine_health,0.953825519458187
M5,846,defect_pressure,0.02613414495355892
M1,847,tool_wear,4.973777679913192
M2,847,calibration_offset,5.378163207195352
M3,847,component_condition,0.9647073620089512
M4,847,bearing_degradation,6.670499353993388
M4,847,vibration,3.1220151021908933
M4,847,temperature,58.20153349563059
M4,847,motor_current,7.247289808766278
M5,847,machine_health,0.9644062951113825
M5,847,defect_pressure,0.02591239189411869
M1,848,tool_wear,5.106327743502448
M2,848,calibration_offset,5.493621274348914
M3,848,component_condition,0.9792025667621276
M4,848,bearing_degradation,6.756886842655066
M4,848,vibration,3.2148421558177067
M4,848,temperature,58.689991477138875
M4,848,motor_current,7.304368056672687
M5,848,machine_health,0.9878454179212808
M5,848,defect_pressure,0.02570394401824487
M1,849,tool_wear,5.2355718666841335
M2,849,calibration_offset,5.557635213165455
M3,849,component_condition,1.009119695345691
M4,849,bearing_degradation,6.8519923131782505
M4,849,vibration,3.2827398853271412
M4,849,temperature,58.78871895691653
M4,849,motor_current,7.44209764062194
M5,849,machine_health,1.0046517660072447
M5,849,defect_pressure,0.02550800301492348
M1,850,tool_wear,5.308672964962859
M2,850,calibration_offset,5.652505002701619
M3,850,component_condition,1.0290521716269543
M4,850,bearing_degradation,6.9490631599984
M4,850,vibration,3.2465719348882045
M4,850,temperature,58.97849502717526
M4,850,motor_current,7.526431351485149
M5,850,machine_health,1.0185523706430277
M5,850,defect_pressure,0.025323818471801374
M1,851,tool_wear,5.437975707145995
M2,851,calibration_offset,5.789846823792155
M3,851,component_condition,1.0587609193143475
M4,851,bearing_degradation,7.047480024680857
M4,851,vibration,3.327501999726841
M4,851,temperature,59.02381223617148
M4,851,motor_current,7.5444372571815475
M5,851,machine_health,1.0457974032090775
M5,851,defect_pressure,0.025150685001266593
M1,852,tool_wear,5.580309144964843
M2,852,calibration_offset,5.876063214833035
M3,852,component_condition,1.0799968763675902
M4,852,bearing_degradation,7.087616905846497
M4,852,vibration,3.3255693406315325
M4,852,temperature,58.97167539786764
M4,852,motor_current,7.547709369168027
M5,852,machine_health,1.0731983631412054
M5,852,defect_pressure,0.024987939538963902
M1,853,tool_wear,5.646780092644018
M2,853,calibration_offset,5.975133469901846
M3,853,component_condition,1.0969169246270358
M4,853,bearing_degradation,7.185772325904323
M4,853,vibration,3.329285650020587
M4,853,temperature,59.24470648058835
M4,853,motor_current,7.421587399883289
M5,853,machine_health,1.0904301684696116
M5,853,defect_pressure,0.02483495880439937
M1,854,tool_wear,5.790854073585389
M2,854,calibration_offset,6.045476986566722
M3,854,component_condition,1.1103190622672774
M4,854,bearing_degradation,7.28771046976624
M4,854,vibration,3.408456976196094
M4,854,temperature,59.67792505603219
M4,854,motor_current,7.639080773388479
M5,854,machine_health,1.1103507663546826
M5,854,defect_pressure,0.02469115691390871
M1,855,tool_wear,5.883326687947506
M2,855,calibration_offset,6.150690892078967
M3,855,component_condition,1.1215186477111077
M4,855,bearing_degradation,7.333291806839416
M4,855,vibration,3.444469882197244
M4,855,temperature,59.75379896020148
M4,855,motor_current,7.640132955038709
M5,855,machine_health,1.1323146439250404
M5,855,defect_pressure,0.02455598313684749
M1,856,tool_wear,5.9808235544582535
M2,856,calibration_offset,6.263178613879526
M3,856,component_condition,1.1446020139509463
M4,856,bearing_degradation,7.421548334739591
M4,856,vibration,3.503697372158905
M4,856,temperature,59.85908730393667
M4,856,motor_current,7.578960308390461
M5,856,machine_health,1.1555044473467935
M5,856,defect_pressure,0.024428919786409944
M1,857,tool_wear,6.0464009450864005
M2,857,calibration_offset,6.405945727436445
M3,857,component_condition,1.1743026908510654
M4,857,bearing_degradation,7.4853541469425355
M4,857,vibration,3.462526231465944
M4,857,temperature,60.38363152647687
M4,857,motor_current,7.6263441767333155
M5,857,machine_health,1.172210213688383
M5,857,defect_pressure,0.02430948023699865
M1,858,tool_wear,6.119063533233867
M2,858,calibration_offset,6.514140155375717
M3,858,component_condition,1.192681507692668
M4,858,bearing_degradation,7.589132560250308
M4,858,vibration,3.5037300160302136
M4,858,temperature,60.67660015288516
M4,858,motor_current,7.574136255489258
M5,858,machine_health,1.1985929864434155
M5,858,defect_pressure,0.024197207060552034
M1,859,tool_wear,6.254216229747883
M2,859,calibration_offset,6.673060807955526
M3,859,component_condition,1.2058000327361447
M4,859,bearing_degradation,7.643154256404221
M4,859,vibration,3.58405545772349
M4,859,temperature,61.11364102942498
M4,859,motor_current,7.730882518761992
M5,859,machine_health,1.2227670722276884
M5,859,defect_pressure,0.024091670274692216
M1,860,tool_wear,6.375163338205794
M2,860,calibration_offset,6.786654407268433
M3,860,component_condition,1.2234229858033656
M4,860,bearing_degradation,7.740399237343914
M4,860,vibration,3.580799626913851
M4,860,temperature,61.24599479897744
M4,860,motor_current,7.786886890947694
M5,860,machine_health,1.239422346534402
M5,860,defect_pressure,0.023992465695983987
M1,861,tool_wear,6.445948997744502
M2,861,calibration_offset,6.9245747209449435
M3,861,component_condition,1.2454756442290784
M4,861,bearing_degradation,7.804028292605283
M4,861,vibration,3.6415355905666607
M4,861,temperature,61.545837852151486
M4,861,motor_current,7.737856871947189
M5,861,machine_health,1.261779529615647
M5,861,defect_pressure,0.02389921339199825
M1,862,tool_wear,6.585261455293536
M2,862,calibration_offset,7.066811072326186
M3,862,component_condition,1.2663238468026445
M4,862,bearing_degradation,7.872333858026714
M4,862,vibration,3.6825448237034544
M4,862,temperature,61.8597977317375
M4,862,motor_current,7.792225736915615
M5,862,machine_health,1.2886130338010768
M5,862,defect_pressure,0.023811556226251657
M1,863,tool_wear,6.693468304049787
M2,863,calibration_offset,7.180658669992457
M3,863,component_condition,1.2892982844057426
M4,863,bearing_degradation,7.968629595163935
M4,863,vibration,3.648308152535855
M4,863,temperature,62.239446572912726
M4,863,motor_current,7.723171268506617
M5,863,machine_health,1.3139138976004867
M5,863,defect_pressure,0.02372915849044986
M1,864,tool_wear,6.800691982756192
M2,864,calibration_offset,7.3123300309526496
M3,864,component_condition,1.3026603354018462
M4,864,bearing_degradation,8.070425790187285
M4,864,vibration,3.7153137111395873
M4,864,temperature,62.634269784797
M4,864,motor_current,7.762807479660717
M5,864,machine_health,1.327768767744734
M5,864,defect_pressure,0.023651704618796173
M1,865,tool_wear,6.89515901375198
M2,865,calibration_offset,7.4367298263156965
M3,865,component_condition,1.3234787316675922
M4,865,bearing_degradation,8.14084616362097
M4,865,vibration,3.7607086074128806
M4,865,temperature,62.796088336200626
M4,865,motor_current,7.803077018179636
M5,865,machine_health,1.3388205971695477
M5,865,defect_pressure,0.023578897979441706
M1,866,tool_wear,7.0031832298892684
M2,866,calibration_offset,7.5899928228896325
M3,866,component_condition,1.3403476173334725
M4,866,bearing_degradation,8.200665911099101
M4,866,vibration,3.755377593121541
M4,866,temperature,63.22598931314031
M4,866,motor_current,7.940735196142526
M5,866,machine_health,1.3674351130604556
M5,866,defect_pressure,0.023510459738448505
M1,867,tool_wear,7.074467329459005
M2,867,calibration_offset,7.717666492757621
M3,867,component_condition,1.3515871180532628
M4,867,bearing_degradation,8.260674875638824
M4,867,vibration,3.843375011948583
M4,867,temperature,63.43779788915667
M4,867,motor_current,7.952417335877368
M5,867,machine_health,1.386109654313376
M5,867,defect_pressure,0.023446127791914895
M1,868,tool_wear,7.1439697736204035
M2,868,calibration_offset,7.802080174838311
M3,868,component_condition,1.3723312816411606
M4,868,bearing_degradation,8.331840683689826
M4,868,vibration,3.8437058189904287
M4,868,temperature,63.727818136592624
M4,868,motor_current,7.821149259604213
M5,868,machine_health,1.3964574291718845
M5,868,defect_pressure,0.023385655762173305
M1,869,tool_wear,7.235753669825832
M2,869,calibration_offset,7.960234314142743
M3,869,component_condition,1.3995197334583866
M4,869,bearing_degradation,8.402835185903236
M4,869,vibration,3.894714711323078
M4,869,temperature,64.0190225775738
M4,869,motor_current,7.894022115509535
M5,869,machine_health,1.4236356756937973
M5,869,defect_pressure,0.02332881205421621
M1,870,tool_wear,7.374914361210982
M2,870,calibration_offset,8.064694874066353
M3,870,component_condition,1.4202826020600157
M4,870,bearing_degradation,8.469727363528351
M4,870,vibration,3.8742243236029674
M4,870,temperature,64.2357789659762
M4,870,motor_current,7.999172169468318
M5,870,machine_health,1.4394344175670448
M5,870,defect_pressure,0.023275378968736538
M1,871,tool_wear,7.500664768491754
M2,871,calibration_offset,8.205623000503497
M3,871,component_condition,1.4317061380372893
M4,871,bearing_degradation,8.562691211636201
M4,871,vibration,3.9422752717947134
M4,871,temperature,64.66344533126092
M4,871,motor_current,7.947900395218931
M5,871,machine_health,1.4542179534641924
M5,871,defect_pressure,0.023225151868385648
M1,872,tool_wear,7.600869708530843
M2,872,calibration_offset,8.267315935746051
M3,872,component_condition,1.4417325354169759
M4,872,bearing_degradation,8.625232582361855
M4,872,vibration,3.913278231909082
M4,872,temperature,64.78928086762443
M4,872,motor_current,8.057319474330274
M5,872,machine_health,1.473258119223934
M5,872,defect_pressure,0.02317793839405581
M1,873,tool_wear,7.699362813904575
M2,873,calibration_offset,8.37077617261785
M3,873,component_condition,1.4552292737263002
M4,873,bearing_degradation,8.685370278369588
M4,873,vibration,3.9471855935844378
M4,873,temperature,64.96360724302485
M4,873,motor_current,8.099513757952923
M5,873,machine_health,1.5030333273418193
M5,873,defect_pressure,0.023133557728185764
M1,874,tool_wear,7.834561349036303
M2,874,calibration_offset,8.50570370630026
M3,874,component_condition,1.4824658363427923
M4,874,bearing_degradation,8.761525639681986
M4,874,vibration,4.038845934644633
M4,874,temperature,64.96644071448392
M4,874,motor_current,8.081629029465969
M5,874,machine_health,1.5276726841088735
M5,874,defect_pressure,0.02309183990226792
M1,875,tool_wear,7.931883462911224
M2,875,calibration_offset,8.607694461070107
M3,875,component_condition,1.5001526169019628
M4,875,bearing_degradation,8.839017645488905
M4,875,vibration,3.9878757424138076
M4,875,temperature,65.3801153041248
M4,875,motor_current,8.130902831940407
M5,875,machine_health,1.5416780072032334
M5,875,defect_pressure,0.023052625145905146
M1,876,tool_wear,8.029668953323181
M2,876,calibration_offset,8.71143059022637
M3,876,component_condition,1.5285633215267553
M4,876,bearing_degradation,8.880517808594952
M4,876,vibration,4.081281935295729
M4,876,temperature,65.25154586494523
M4,876,motor_current,8.021901429987262
M5,876,machine_health,1.5518326125500403
M5,876,defect_pressure,0.02301576327492414
M1,877,tool_wear,8.104115340698444
M2,877,calibration_offset,8.791939965598731
M3,877,component_condition,1.5476139944073413
M4,877,bearing_degradation,8.920369946890943
M4,877,vibration,4.043904751321329
M4,877,temperature,65.42884131494587
M4,877,motor_current,8.170039711158829
M5,877,machine_health,1.5641990940101032
M5,877,defect_pressure,0.022981113116201993
M1,878,tool_wear,8.230360202001895
M2,878,calibration_offset,8.925806170954914
M3,878,component_condition,1.5683161300073534
M4,878,bearing_degradation,9.020875935097994
M4,878,vibration,4.104142290759159
M4,878,temperature,65.36877470755311
M4,878,motor_current,8.14384756020961
M5,878,machine_health,1.5854246043072273
M5,878,defect_pressure,0.022948541967003175
M1,879,tool_wear,8.375275520208886
M2,879,calibration_offset,9.069694279005425
M3,879,component_condition,1.5880235879107372
M4,879,bearing_degradation,9.080029495950537
M4,879,vibration,4.095767009527729
M4,879,temperature,65.8548674713054
M4,879,motor_current,8.087848121629092
M5,879,machine_health,1.6014372428788608
M5,879,defect_pressure,0.02291792508675629
M1,880,tool_wear,8.505827634461737
M2,880,calibration_offset,9.18882853798529
M3,880,component_condition,1.614739336639781
M4,880,bearing_degradation,9.150253822855785
M4,880,vibration,4.186975008480195
M4,880,temperature,66.24098419656728
M4,880,motor_current,8.123345223634859
M5,880,machine_health,1.6200702781307401
M5,880,defect_pressure,0.022889145219324215
M1,881,tool_wear,8.620083661672508
M2,881,calibration_offset,9.298127780895742
M3,881,component_condition,1.6255863315893093
M4,881,bearing_degradation,9.199620197730406
M4,881,vibration,4.199381019737419
M4,881,temperature,66.52143606120748
M4,881,motor_current,8.171686710282064
M5,881,machine_health,1.6375555674877549
M5,881,defect_pressure,0.022862092143938063
M1,882,tool_wear,8.751484696179995
M2,882,calibration_offset,9.424903383415595
M3,882,component_condition,1.647185997998351
M4,882,bearing_degradation,9.287701597676337
M4,882,vibration,4.230168987582923
M4,882,temperature,66.46228193752879
M4,882,motor_current,8.160943467416002
M5,882,machine_health,1.657548972362336
M5,882,defect_pressure,0.022836662253075082
M1,883,tool_wear,8.818981928660056
M2,883,calibration_offset,9.506836201818686
M3,883,component_condition,1.6672653135948587
M4,883,bearing_degradation,9.334701851989568
M4,883,vibration,4.2823188720576875
M4,883,temperature,66.59759246924766
M4,883,motor_current,8.34061474913677
M5,883,machine_health,1.6816827265315468
M5,883,defect_pressure,0.02281275815566388
M1,884,tool_wear,8.903496540793752
M2,884,calibration_offset,9.575208615129577
M3,884,component_condition,1.694889098332745
M4,884,bearing_degradation,9.403827011492988
M4,884,vibration,4.248161119123429
M4,884,temperature,66.84624642568089
M4,884,motor_current,8.380844050132792
M5,884,machine_health,1.7038643596319671
M5,884,defect_pressure,0.02279028830409735
M1,885,tool_wear,9.005962408529136
M2,885,calibration_offset,9.67669341211056
M3,885,component_condition,1.7080610584495057
M4,885,bearing_degradation,9.479609077067902
M4,885,vibration,4.256174634454722
M4,885,temperature,66.97274776337987
M4,885,motor_current,8.288882130246405
M5,885,machine_health,1.7293815884051402
M5,885,defect_pressure,0.02276916664362481
M1,886,tool_wear,9.108421452132621
M2,886,calibration_offset,9.750697335236994
M3,886,component_condition,1.7268286763923244
M4,886,bearing_degradation,9.521054711586556
M4,886,vibration,4.282396301928449
M4,886,temperature,66.89180025453244
M4,886,motor_current,8.370751154379207
M5,886,machine_health,1.7421957450216516
M5,886,defect_pressure,0.022749312282780623
M1,887,tool_wear,9.188716731359508
M2,887,calibration_offset,9.81349786718424
M3,887,component_condition,1.73769313942068
M4,887,bearing_degradation,9.583560822342692
M4,887,vibration,4.35041696315321
M4,887,temperature,67.05962242060686
M4,887,motor_current,8.330990722763833
M5,887,machine_health,1.7541986107764187
M5,887,defect_pressure,0.02273064918358709
M1,888,tool_wear,9.302300334348908
M2,888,calibration_offset,9.89609570564976
M3,888,component_condition,1.7556960487663713
M4,888,bearing_degradation,9.6398047169413
M4,888,vibration,4.361828015553046
M4,888,temperature,67.34730073955897
M4,888,motor_current,8.279270282646825
M5,888,machine_health,1.767926719057781
M5,888,defect_pressure,0.022713105870345165
M1,889,tool_wear,9.441752845475872
M2,889,calibration_offset,9.99800621427843
M3,889,component_condition,1.7810046931012666
M4,889,bearing_degradation,9.675398737787141
M4,889,vibration,4.341827919513757
M4,889,temperature,67.71150231548641
M4,889,motor_current,8.420505568390887
M5,889,machine_health,1.78986599837211
M5,889,defect_pressure,0.022696615155897756
M1,890,tool_wear,9.547969832397996
M2,890,calibration_offset,10.07713553169864
M3,890,component_condition,1.8003707120532657
M4,890,bearing_degradation,9.729064913874316
M4,890,vibration,4.440112559584211
M4,890,temperature,68.10575302017811
M4,890,motor_current,8.310971268855806
M5,890,machine_health,1.8004157022686973
M5,890,defect_pressure,0.022681113884317195
M1,891,tool_wear,9.681708521009224
M2,891,calibration_offset,10.235296474431843
M3,891,component_condition,1.82434926527217
M4,891,bearing_degradation,9.817382608792938
M4,891,vibration,4.470789545036201
M4,891,temperature,68.00858325758519
M4,891,motor_current,8.477040771767074
M5,891,machine_health,1.8146350880629314
M5,891,defect_pressure,0.022666542689031465
M1,892,tool_wear,9.763980616664345
M2,892,calibration_offset,10.321054352681642
M3,892,component_condition,1.8449330672471014
M4,892,bearing_degradation,9.873283821733118
M4,892,vibration,4.415210038095511
M4,892,temperature,67.89812006474271
M4,892,motor_current,8.394845082104924
M5,892,machine_health,1.8280200400117892
M5,892,defect_pressure,0.02265284576546288
M1,893,tool_wear,9.8514448664127
M2,893,calibration_offset,10.452486149742679
M3,893,component_condition,1.8654070349725276
M4,893,bearing_degradation,9.92059387342525
M4,893,vibration,4.495709908700556
M4,893,temperature,68.09280063585749
M4,893,motor_current,8.374321280253726
M5,893,machine_health,1.8482370873110652
M5,893,defect_pressure,0.022639970657308408
M1,894,tool_wear,9.999568657990334
M2,894,calibration_offset,10.540877889709122
M3,894,component_condition,1.882981162123835
M4,894,bearing_degradation,9.969748929547379
M4,894,vibration,4.492194565613763
M4,894,temperature,68.35658463443524
M4,894,motor_current,8.49377762021435
M5,894,machine_health,1.86800147449505
M5,894,defect_pressure,0.022627868055643208
M1,895,tool_wear,10.128293050315003
M2,895,calibration_offset,10.609729794965428
M3,895,component_condition,1.910137180869487
M4,895,bearing_degradation,10.042508785567716
M4,895,vibration,4.553073717481301
M4,895,temperature,68.29224480559985
M4,895,motor_current,8.462967187683883
M5,895,machine_health,1.8967791407964614
M5,895,defect_pressure,0.022616491610077918
M1,896,tool_wear,10.188827808340996
M2,896,calibration_offset,10.684490476881187
M3,896,component_condition,1.9379903047761966
M4,896,bearing_degradation,10.141724124522284
M4,896,vibration,4.553062823402046
M4,896,temperature,68.26766370556822
M4,896,motor_current,8.541166173599725
M5,896,machine_health,1.9155523144846034
M5,896,defect_pressure,0.022605797751246545
M1,897,tool_wear,10.297746429736748
M2,897,calibration_offset,10.839952214031593
M3,897,component_condition,1.9641505997574522
M4,897,bearing_degradation,10.19573146832588
M4,897,vibration,4.5316113503528515
M4,897,temperature,68.5098256098412
M4,897,motor_current,8.50784330073943
M5,897,machine_health,1.9440243678441618
M5,897,defect_pressure,0.022595745523945054
M1,898,tool_wear,10.429760671036579
M2,898,calibration_offset,10.966847378207655
M3,898,component_condition,1.9834706700445124
M4,898,bearing_degradation,10.243513267501976
M4,898,vibration,4.609064090807915
M4,898,temperature,68.57220605055896
M4,898,motor_current,8.501212665495013
M5,898,machine_health,1.9612673435137664
M5,898,defect_pressure,0.022586296430281653
M1,899,tool_wear,10.533500981378019
M2,899,calibration_offset,11.091904857318589
M3,899,component_condition,2.012193609776483
M4,899,bearing_degradation,10.309953045694133
M4,899,vibration,4.627624257956603
M4,899,temperature,68.95322691474625
M4,899,motor_current,8.647712750980654
M5,899,machine_health,1.9912250376783356
M5,899,defect_pressure,0.022577414282238056
M1,900,tool_wear,0.0
M2,900,calibration_offset,0.0
M3,900,component_condition,0.0
M4,900,bearing_degradation,0.0
M4,900,vibration,0.49788328158316814
M4,900,temperature,65.8948963275498
M4,900,motor_current,4.9763715250443665
M5,900,machine_health,0.0
M5,900,defect_pressure,0.022569065063077074
M1,901,tool_wear,0.0660906182992185
M2,901,calibration_offset,0.1298726923703879
M3,901,component_condition,0.013425652725843026
M4,901,bearing_degradation,0.051320311253266054
M4,901,vibration,0.546258684034794
M4,901,temperature,63.372469109709684
M4,901,motor_current,5.0745092510106815
M5,901,machine_health,0.02785022838188303
M5,901,defect_pressure,0.02380170290433423
M1,902,tool_wear,0.1840765523867186
M2,902,calibration_offset,0.28749581804048535
M3,902,component_condition,0.042170893621399835
M4,902,bearing_degradation,0.12308261654866173
M4,902,vibration,0.5827068420971615
M4,902,temperature,60.79202706101924
M4,902,motor_current,4.996754588847462
M5,902,machine_health,0.051968361768416196
M5,902,defect_pressure,0.024960382475115957
M1,903,tool_wear,0.24438064859947572
M2,903,calibration_offset,0.4308767489277715
M3,903,component_condition,0.0567246261399918
M4,903,bearing_degradation,0.19228768934557483
M4,903,vibration,0.5913356239222992
M4,903,temperature,59.02142572565883
M4,903,motor_current,5.043567854695408
M5,903,machine_health,0.08050860402691781
M5,903,defect_pressure,0.02604954127165078
M1,904,tool_wear,0.3842234284819487
M2,904,calibration_offset,0.5045152882211392
M3,904,component_condition,0.06693677460739819
M4,904,bearing_degradation,0.2275694588653528
M4,904,vibration,0.5811923012673453
M4,904,temperature,56.999634495379574
M4,904,motor_current,5.104529408097306
M5,904,machine_health,0.09131899453571121
M5,904,defect_pressure,0.027073350540393514
M1,905,tool_wear,0.5090526134413248
M2,905,calibration_offset,0.584566240576228
M3,905,component_condition,0.07720487089243801
M4,905,bearing_degradation,0.3084585326845672
M4,905,vibration,0.5965270761201694
M4,905,temperature,55.2432552842165
M4,905,motor_current,5.101279061126722
M5,905,machine_health,0.11783846792738095
M5,905,defect_pressure,0.028035731253011682
M1,906,tool_wear,0.6518770212254633
M2,906,calibration_offset,0.681071305986781
M3,906,component_condition,0.10089385186170194
M4,906,bearing_degradation,0.4025938579048365
M4,906,vibration,0.6306150543032483
M4,906,temperature,54.09907719960877
M4,906,motor_current,5.0910221085511225
M5,906,machine_health,0.13419417609911824
M5,906,defect_pressure,0.02894036912287276
M1,907,tool_wear,0.7619903818427087
M2,907,calibration_offset,0.7718085779071855
M3,907,component_condition,0.1139234941223011
M4,907,bearing_degradation,0.4624919751974427
M4,907,vibration,0.6672080496758909
M4,907,temperature,52.939769008605715
M4,907,motor_current,5.105045470851003
M5,907,machine_health,0.15549812652267325
M5,907,defect_pressure,0.029790728720542177
M1,908,tool_wear,0.8997933031683133
M2,908,calibration_offset,0.8933136944600419
M3,908,component_condition,0.13841768387158865
M4,908,bearing_degradation,0.5533239296617278
M4,908,vibration,0.6748294559910897
M4,908,temperature,51.93218398397637
M4,908,motor_current,5.098247690011532
M5,908,machine_health,0.17578355643152427
M5,908,defect_pressure,0.030590066742351426
M1,909,tool_wear,0.9904620172097132
M2,909,calibration_offset,0.9844552698481578
M3,909,component_condition,0.15974178034173156
M4,909,bearing_degradation,0.6233848263984794
M4,909,vibration,0.7187701383008427
M4,909,temperature,50.91222108323865
M4,909,motor_current,5.291467715144433
M5,909,machine_health,0.19674291236740282
M5,909,defect_pressure,0.03134144448285212
M1,910,tool_wear,1.0836616332233737
M2,910,calibration_offset,1.1272677890338478
M3,910,component_condition,0.18233945441515553
M4,910,bearing_degradation,0.6622166009121749
M4,910,vibration,0.792491536251808
M4,910,temperature,50.08788784429818
M4,910,motor_current,5.1456773696223
M5,910,machine_health,0.22146185640186727
M5,910,defect_pressure,0.032047739558922775
M1,911,tool_wear,1.160143816664833
M2,911,calibration_offset,1.208426002490897
M3,911,component_condition,0.2067855410017463
M4,911,bearing_degradation,0.7026256217508773
M4,911,vibration,0.7653769644075914
M4,911,temperature,49.40216025860951
M4,911,motor_current,5.24563622509105
M5,911,machine_health,0.23961056945719014
M5,911,defect_pressure,0.03271165693042919
M1,912,tool_wear,1.2568276667097293
M2,912,calibration_offset,1.274232336380006
M3,912,component_condition,0.23055372773086044
M4,912,bearing_degradation,0.7840218377971788
M4,912,vibration,0.8480420900388053
M4,912,temperature,48.85666216650992
M4,912,motor_current,5.250235506383531
M5,912,machine_health,0.2554508514660048
M5,912,defect_pressure,0.03333573925964522
M1,913,tool_wear,1.3820291048023563
M2,913,calibration_offset,1.3428832632739809
M3,913,component_condition,0.2498301621062137
M4,913,bearing_degradation,0.8883024401298203
M4,913,vibration,0.8417148643923325
M4,913,temperature,48.44634348017855
M4,913,motor_current,5.3178991951785175
M5,913,machine_health,0.27964739296440233
M5,913,defect_pressure,0.033922376649108285
M1,914,tool_wear,1.44990226931994
M2,914,calibration_offset,1.4940077788494108
M3,914,component_condition,0.27787632157505565
M4,914,bearing_degradation,0.9607397116758404
M4,914,vibration,0.8939286451707223
M4,914,temperature,47.8394043866098
M4,914,motor_current,5.296257193197286
M5,914,machine_health,0.30456926220828684
M5,914,defect_pressure,0.03447381579520357
M1,915,tool_wear,1.5318368112150174
M2,915,calibration_offset,1.6348793185379549
M3,915,component_condition,0.28991495971066705
M4,915,bearing_degradation,1.0520713062095262
M4,915,vibration,0.9627008974171934
M4,915,temperature,47.60913615857952
M4,915,motor_current,5.452225124123265
M5,915,machine_health,0.3189575749794249
M5,915,defect_pressure,0.03499216859253313
M1,916,tool_wear,1.6158854661231086
M2,916,calibration_offset,1.7463775589075354
M3,916,component_condition,0.3089784279485447
M4,916,bearing_degradation,1.1485547986216573
M4,916,vibration,0.9290091379565767
M4,916,temperature,46.992973306511594
M4,916,motor_current,5.417109604657264
M5,916,machine_health,0.34485011079996053
M5,916,defect_pressure,0.035479420222022925
M1,917,tool_wear,1.7117285429472395
M2,917,calibration_offset,1.861468822902324
M3,917,component_condition,0.3231361890538076
M4,917,bearing_degradation,1.1857837207400241
M4,917,vibration,0.9899928887590128
M4,917,temperature,46.71556047905633
M4,917,motor_current,5.456696089466741
M5,917,machine_health,0.36067168842747344
M5,917,defect_pressure,0.03593743675374333
M1,918,tool_wear,1.8389498719292368
M2,918,calibration_offset,1.9555997469513133
M3,918,component_condition,0.3491593009998307
M4,918,bearing_degradation,1.2756579057592825
M4,918,vibration,1.028850407826857
M4,918,temperature,46.53528856040554
M4,918,motor_current,5.457007183381588
M5,918,machine_health,0.37607173804989735
M5,918,defect_pressure,0.03636797229356051
M1,919,tool_wear,1.926747740020331
M2,919,calibration_offset,2.085863693351982
M3,919,component_condition,0.3677211585323296
M4,919,bearing_degradation,1.3618332174807009
M4,919,vibration,1.0410562507331833
M4,919,temperature,46.18467314170562
M4,919,motor_current,5.498387722635215
M5,919,machine_health,0.3882417049513061
M5,919,defect_pressure,0.036772675700988654
M1,920,tool_wear,2.074733123097469
M2,920,calibration_offset,2.1865883350781887
M3,920,component_condition,0.3796426780450967
M4,920,bearing_degradation,1.4290688586742735
M4,920,vibration,1.0645486214238795
M4,920,temperature,46.233329864478605
M4,920,motor_current,5.457865770619621
M5,920,machine_health,0.4144266216863758
M5,920,defect_pressure,0.03715309690397112
M1,921,tool_wear,2.147629762326253
M2,921,calibration_offset,2.2702924859700566
M3,921,component_condition,0.40422474371699424
M4,921,bearing_degradation,1.532890218968072
M4,921,vibration,1.0876372607156424
M4,921,temperature,45.99568632010013
M4,921,motor_current,5.496729012731868
M5,921,machine_health,0.4320004349530358
M5,921,defect_pressure,0.03751069283477463
M1,922,tool_wear,2.2566122366308603
M2,922,calibration_offset,2.392184721593529
M3,922,component_condition,0.42792534270237803
M4,922,bearing_degradation,1.6316661781782553
M4,922,vibration,1.1839751676826842
M4,922,temperature,45.768683055670834
M4,922,motor_current,5.588411764851516
M5,922,machine_health,0.4584009913983443
M5,922,defect_pressure,0.03784683300972993
M1,923,tool_wear,2.3849862860613675
M2,923,calibration_offset,2.531082440378758
M3,923,component_condition,0.4425650424020518
M4,923,bearing_degradation,1.7144222269086162
M4,923,vibration,1.188815190767528
M4,923,temperature,45.45605762428724
M4,923,motor_current,5.557100511806322
M5,923,machine_health,0.48255176119063775
M5,923,defect_pressure,0.03816280477418791
M1,924,tool_wear,2.4718678446046396
M2,924,calibration_offset,2.6319900438353674
M3,924,component_condition,0.461214709919505
M4,924,bearing_degradation,1.7906564376553866
M4,924,vibration,1.2212310006474785
M4,924,temperature,45.19451137556768
M4,924,motor_current,5.715362363671473
M5,924,machine_health,0.49255795582893785
M5,924,defect_pressure,0.038459818232778414
M1,925,tool_wear,2.6000709274749303
M2,925,calibration_offset,2.765811723848999
M3,925,component_condition,0.4865648438274123
M4,925,bearing_degradation,1.829224620160803
M4,925,vibration,1.2296223758414728
M4,925,temperature,45.357648282569635
M4,925,motor_current,5.618877910014689
M5,925,machine_health,0.5182438499247124
M5,925,defect_pressure,0.03873901088385349
M1,926,tool_wear,2.7056335835796896
M2,926,calibration_offset,2.851519906034136
M3,926,component_condition,0.5051278326672594
M4,926,bearing_degradation,1.9284703139885504
M4,926,vibration,1.288063731726158
M4,926,temperature,45.383374106165775
M4,926,motor_current,5.7308056328437695
M5,926,machine_health,0.5301571216530893
M5,926,defect_pressure,0.039001451975864056
M1,927,tool_wear,2.8399603926701964
M2,927,calibration_offset,2.949935924343384
M3,927,component_condition,0.5284287949149106
M4,927,bearing_degradation,1.9645944315761583
M4,927,vibration,1.2465388398909056
M4,927,temperature,45.309972891196416
M4,927,motor_current,5.697966063767555
M5,927,machine_health,0.5437787356992481
M5,927,defect_pressure,0.03924814660235399
M1,928,tool_wear,2.94952930804369
M2,928,calibration_offset,3.0470478934652574
M3,928,component_condition,0.5563828994443621
M4,928,bearing_degradation,2.0637720620177977
M4,928,vibration,1.3397830148472616
M4,928,temperature,45.11802511234539
M4,928,motor_current,5.821672738703511
M5,928,machine_health,0.5588354597607439
M5,928,defect_pressure,0.03948003955125453
M1,929,tool_wear,3.048813169481384
M2,929,calibration_offset,3.1404925121530898
M3,929,component_condition,0.5823551597628311
M4,929,bearing_degradation,2.155543189736184
M4,929,vibration,1.3279355230553112
M4,929,temperature,45.07916288831691
M4,929,motor_current,5.7276427947756945
M5,929,machine_health,0.5712801436178344
M5,929,defect_pressure,0.039698018923221036
M1,930,tool_wear,3.1599986842297185
M2,930,calibration_offset,3.2439884227882114
M3,930,component_condition,0.6087767313117681
M4,930,bearing_degradation,2.1984854248429175
M4,930,vibration,1.3347358371306182
M4,930,temperature,45.29577079518323
M4,930,motor_current,5.812540541195062
M5,930,machine_health,0.595539319929025
M5,930,defect_pressure,0.039902919532869556
M1,931,tool_wear,3.2373049393205156
M2,931,calibration_offset,3.3907878161218226
M3,931,component_condition,0.6204499995127918
M4,931,bearing_degradation,2.272737448563997
M4,931,vibration,1.3848993688292706
M4,931,temperature,45.191790868581876
M4,931,motor_current,5.8416105673680585
M5,931,machine_health,0.6080926526286711
M5,931,defect_pressure,0.04009552610593916
M1,932,tool_wear,3.3784476456794033
M2,932,calibration_offset,3.5449303833036105
M3,932,component_condition,0.649127868275789
M4,932,bearing_degradation,2.3109209051554194
M4,932,vibration,1.433288452738553
M4,932,temperature,45.49904243522767
M4,932,motor_current,5.863526154852818
M5,932,machine_health,0.6216299168705494
M5,932,defect_pressure,0.04027657628462459
M1,933,tool_wear,3.51982237723545
M2,933,calibration_offset,3.634070609932435
M3,933,component_condition,0.6596077871917905
M4,933,bearing_degradation,2.4148950354635312
M4,933,vibration,1.4747691712309727
M4,933,temperature,45.52752627291055
M4,933,motor_current,5.8579567983217595
M5,933,machine_health,0.6501364779478326
M5,933,defect_pressure,0.040446763452588894
M1,934,tool_wear,3.6091415080033533
M2,934,calibration_offset,3.759210645802527
M3,934,component_condition,0.6877604062584846
M4,934,bearing_degradation,2.455027187111985
M4,934,vibration,1.4543480186275308
M4,934,temperature,45.43125313131116
M4,934,motor_current,5.859828257617822
M5,934,machine_health,0.6751381594468058
M5,934,defect_pressure,0.04060673939047534
M1,935,tool_wear,3.700575349529641
M2,935,calibration_offset,3.912597349787659
M3,935,component_condition,0.7148488654650369
M4,935,bearing_degradation,2.517864866572137
M4,935,vibration,1.5251725095017123
M4,935,temperature,45.87797441473997
M4,935,motor_current,5.78946597804957
M5,935,machine_health,0.6897937531355554
M5,935,defect_pressure,0.040757116772088604
M1,936,tool_wear,3.778199603926605
M2,936,calibration_offset,4.065992762967183
M3,936,component_condition,0.7297741799446527
M4,936,bearing_degradation,2.608143826694223
M4,936,vibration,1.503733356631539
M4,936,temperature,46.27440604628364
M4,936,motor_current,5.894488955706462
M5,936,machine_health,0.71623741125189
M5,936,defect_pressure,0.04089847151080507
M1,937,tool_wear,3.921731500667995
M2,937,calibration_offset,4.168378552384111
M3,937,component_condition,0.742865622974148
M4,937,bearing_degradation,2.6689131779929025
M4,937,vibration,1.521478496645547
M4,937,temperature,46.34376666891234
M4,937,motor_current,6.011792348857768
M5,937,machine_health,0.7268654038481448
M5,937,defect_pressure,0.04103134496519854
M1,938,tool_wear,4.004431156062148
M2,938,calibration_offset,4.2719834744463
M3,938,component_condition,0.7557077621707997
M4,938,bearing_degradation,2.7205397909222673
M4,938,vibration,1.6061286901089942
M4,938,temperature,46.520446720653496
M4,938,motor_current,6.006586740873732
M5,938,machine_health,0.7435587040478358
M5,938,defect_pressure,0.04115624601232841
M1,939,tool_wear,4.137358438422161
M2,939,calibration_offset,4.38042602152974
M3,939,component_condition,0.7768179092173406
M4,939,bearing_degradation,2.7741112368306964
M4,939,vibration,1.6263993219657122
M4,939,temperature,46.61752847761651
M4,939,motor_current,5.97991358974789
M5,939,machine_health,0.7679362636557184
M5,939,defect_pressure,0.04127365299663049
M1,940,tool_wear,4.281383925152894
M2,940,calibration_offset,4.510499209566066
M3,940,component_condition,0.8035173906846385
M4,940,bearing_degradation,2.8551342326506273
M4,940,vibration,1.6790679936154247
M4,940,temperature,47.04777160617167
M4,940,motor_current,6.028045073103169
M5,940,machine_health,0.797536271967705
M5,940,defect_pressure,0.04138401556187444
M1,941,tool_wear,4.389262287144344
M2,941,calibration_offset,4.609847264624928
M3,941,component_condition,0.8322731432938143
M4,941,bearing_degradation,2.940337314931396
M4,941,vibration,1.7006429430887802
M4,941,temperature,47.46808176910293
M4,941,motor_current,5.929998382026746
M5,941,machine_health,0.8081221460678124
M5,941,defect_pressure,0.04148775637320375
M1,942,tool_wear,4.49180211278718
M2,942,calibration_offset,4.722052106242054
M3,942,component_condition,0.8489756286277388
M4,942,bearing_degradation,2.9898893259657524
M4,942,vibration,1.700433691923311
M4,942,temperature,47.910629719501536
M4,942,motor_current,6.104865105676041
M5,942,machine_health,0.8279129369096955
M5,942,defect_pressure,0.04158527273585331
M1,943,tool_wear,4.591505507041393
M2,943,calibration_offset,4.8325856383397685
M3,943,component_condition,0.8640450114525967
M4,943,bearing_degradation,3.0396022832192604
M4,943,vibration,1.7523825014665486
M4,943,temperature,47.98213871618091
M4,943,motor_current,6.1139232868026845
M5,943,machine_health,0.8541104652104669
M5,943,defect_pressure,0.04167693811674389
M1,944,tool_wear,4.661369315371554
M2,944,calibration_offset,4.896132596873935
M3,944,component_condition,0.8868317867226249
M4,944,bearing_degradation,3.114288816513977
M4,944,vibration,1.77215881284261
M4,944,temperature,48.27276178914845
M4,944,motor_current,6.0951274686997925
M5,944,machine_health,0.8809310179656151
M5,944,defect_pressure,0.04176310357478104
M1,945,tool_wear,4.81107469146675
M2,945,calibration_offset,4.958579067149828
M3,945,component_condition,0.8992606390371923
M4,945,bearing_degradation,3.1974846697026464
M4,945,vibration,1.7363927563012491
M4,945,temperature,48.22670474440597
M4,945,motor_current,6.037699577294751
M5,945,machine_health,0.9023689973188225
M5,945,defect_pressure,0.04184409910533596
M1,946,tool_wear,4.949908744756829
M2,946,calibration_offset,5.04506978649961
M3,946,component_condition,0.9106569650669035
M4,946,bearing_degradation,3.2495258640846587
M4,946,vibration,1.8488828511586242
M4,946,temperature,48.532959913377894
M4,946,motor_current,6.20472192408784
M5,946,machine_health,0.9252788081021496
M5,946,defect_pressure,0.04192023490405758
M1,947,tool_wear,5.0634875038772895
M2,947,calibration_offset,5.1443635170023905
M3,947,component_condition,0.9305323548943567
M4,947,bearing_degradation,3.344217436285894
M4,947,vibration,1.8522338170661745
M4,947,temperature,48.40979257643673
M4,947,motor_current,6.178910084789205
M5,947,machine_health,0.9418450535729989
M5,947,defect_pressure,0.041991802554855906
M1,948,tool_wear,5.127667897433008
M2,948,calibration_offset,5.2441595546469015
M3,948,component_condition,0.960495849652206
M4,948,bearing_degradation,3.444811260635498
M4,948,vibration,1.862018092285619
M4,948,temperature,48.48050287166159
M4,948,motor_current,6.152496439736839
M5,948,machine_health,0.9565684932226564
M5,948,defect_pressure,0.04205907614660633
M1,949,tool_wear,5.235200502587645
M2,949,calibration_offset,5.342216167941623
M3,949,component_condition,0.985423303148053
M4,949,bearing_degradation,3.483797961346196
M4,949,vibration,1.8640896140361354
M4,949,temperature,48.663735228218655
M4,949,motor_current,6.20564014446179
M5,949,machine_health,0.9688165874482153
M5,949,defect_pressure,0.04212231332285173
M1,950,tool_wear,5.37567018644346
M2,950,calibration_offset,5.450086336130658
M3,950,component_condition,1.009366130157901
M4,950,bearing_degradation,3.5871061936309854
M4,950,vibration,1.9406278623654138
M4,950,temperature,48.91293031029266
M4,950,motor_current,6.214989868793601
M5,950,machine_health,0.9848604079867763
M5,950,defect_pressure,0.042181756268522407
M1,951,tool_wear,5.45347710491445
M2,951,calibration_offset,5.570253338307017
M3,951,component_condition,1.027790724831611
M4,951,bearing_degradation,3.691250326880584
M4,951,vibration,1.9704618537531202
M4,951,temperature,49.21876094409827
M4,951,motor_current,6.202010214206883
M5,951,machine_health,1.0137095647574423
M5,951,defect_pressure,0.042237632637452845
M1,952,tool_wear,5.565260410748764
M2,952,calibration_offset,5.686635086364534
M3,952,component_condition,1.0559821036985026
M4,952,bearing_degradation,3.736108666816295
M4,952,vibration,2.0128199492042986
M4,952,temperature,49.30505655350577
M4,952,motor_current,6.3895457473683805
M5,952,machine_health,1.0348976070754072
M5,952,defect_pressure,0.04229015642424745
M1,953,tool_wear,5.681774785145715
M2,953,calibration_offset,5.800370726841823
M3,953,component_condition,1.0786168272349708
M4,953,bearing_degradation,3.8250164824724147
M4,953,vibration,2.0026348557183327
M4,953,temperature,49.807294929460056
M4,953,motor_current,6.437792192990333
M5,953,machine_health,1.0506865909614946
M5,953,defect_pressure,0.04233952878383439
M1,954,tool_wear,5.828872674249296
M2,954,calibration_offset,5.910145408537461
M3,954,component_condition,1.1015275070525736
M4,954,bearing_degradation,3.92865793113875
M4,954,vibration,2.101919043902363
M4,954,temperature,50.2211728676014
M4,954,motor_current,6.346957624534363
M5,954,machine_health,1.0616011232567402
M5,954,defect_pressure,0.0423859388018461
M1,955,tool_wear,5.970143847774424
M2,955,calibration_offset,6.052407901305317
M3,955,component_condition,1.1259172960577617
M4,955,bearing_degradation,4.002513898671848
M4,955,vibration,2.061886298491746
M4,955,temperature,50.65908779442352
M4,955,motor_current,6.391342699487842
M5,955,machine_health,1.0836883527559642
M5,955,defect_pressure,0.04242956421877712
M1,956,tool_wear,6.07897516608115
M2,956,calibration_offset,6.151419222648711
M3,956,component_condition,1.136835697179587
M4,956,bearing_degradation,4.044296349953339
M4,956,vibration,2.091308626651165
M4,956,temperature,50.53745299830082
M4,956,motor_current,6.514752142207072
M5,956,machine_health,1.094093340351766
M5,956,defect_pressure,0.04247057211069227
M1,957,tool_wear,6.209786869896962
M2,957,calibration_offset,6.271349261550348
M3,957,component_condition,1.1659519320430745
M4,957,bearing_degradation,4.102919578605906
M4,957,vibration,2.1293206009083936
M4,957,temperature,50.85537627076435
M4,957,motor_current,6.521576072193431
M5,957,machine_health,1.1075260407000735
M5,957,defect_pressure,0.04250911952909252
M1,958,tool_wear,6.285676747198817
M2,958,calibration_offset,6.360514580089818
M3,958,component_condition,1.1852276811581814
M4,958,bearing_degradation,4.207414669884358
M4,958,vibration,2.195224957747995
M4,958,temperature,50.75352785908163
M4,958,motor_current,6.376053929612942
M5,958,machine_health,1.1337870648429398
M5,958,defect_pressure,0.042545354102388744
M1,959,tool_wear,6.3749847771243076
M2,959,calibration_offset,6.511352834826945
M3,959,component_condition,1.2035373228921735
M4,959,bearing_degradation,4.266192160525404
M4,959,vibration,2.2199248715275095
M4,959,temperature,51.01266996816048
M4,959,motor_current,6.451872847017482
M5,959,machine_health,1.152091017625778
M5,959,defect_pressure,0.0425794146012872
M1,960,tool_wear,6.438241408902271
M2,960,calibration_offset,6.590724429054901
M3,960,component_condition,1.2281180753685772
M4,960,bearing_degradation,4.363062168977401
M4,960,vibration,2.286292641582791
M4,960,temperature,51.49559238487267
M4,960,motor_current,6.581723989558088
M5,960,machine_health,1.1660426365127874
M5,960,defect_pressure,0.042611431470251745
M1,961,tool_wear,6.582613455805507
M2,961,calibration_offset,6.714418786597589
M3,961,component_condition,1.2510552798489216
M4,961,bearing_degradation,4.4225571663414
M4,961,vibration,2.2733241175379946
M4,961,temperature,51.602901424957366
M4,961,motor_current,6.448180153876996
M5,961,machine_health,1.1909821286065227
M5,961,defect_pressure,0.04264152732707842
M1,962,tool_wear,6.675011072441408
M2,962,calibration_offset,6.830663680724731
M3,962,component_condition,1.2761652612228573
M4,962,bearing_degradation,4.49362504182928
M4,962,vibration,2.3457516598023274
M4,962,temperature,51.52549733849404
M4,962,motor_current,6.589474674413431
M5,962,machine_health,1.2082065833112086
M5,962,defect_pressure,0.04266981743249549
M1,963,tool_wear,6.768729850690201
M2,963,calibration_offset,6.929692590808664
M3,963,component_condition,1.2948050130713604
M4,963,bearing_degradation,4.581565686499507
M4,963,vibration,2.323957530739914
M4,963,temperature,51.69955689027536
M4,963,motor_current,6.521204489991811
M5,963,machine_health,1.2278403386844394
M5,963,defect_pressure,0.04269641013158754
M1,964,tool_wear,6.8353206860751525
M2,964,calibration_offset,7.0423424435414885
M3,964,component_condition,1.3089157824852702
M4,964,bearing_degradation,4.640726708989026
M4,964,vibration,2.308049675216863
M4,964,temperature,51.77264361831878
M4,964,motor_current,6.586119702989521
M5,964,machine_health,1.2461014256435075
M5,964,defect_pressure,0.042721407268734066
M1,965,tool_wear,6.982975355075163
M2,965,calibration_offset,7.1974392621867285
M3,965,component_condition,1.3275236348455917
M4,965,bearing_degradation,4.738442123729459
M4,965,vibration,2.369245737634913
M4,965,temperature,51.836457020756505
M4,965,motor_current,6.657701778079301
M5,965,machine_health,1.2691417179502902
M5,965,defect_pressure,0.0427449045776518
M1,966,tool_wear,7.09372855628805
M2,966,calibration_offset,7.354140861066626
M3,966,component_condition,1.3444232917595091
M4,966,bearing_degradation,4.790598907956463
M4,966,vibration,2.4377117833635276
M4,966,temperature,52.102827832825554
M4,966,motor_current,6.71336493986924
M5,966,machine_health,1.2880203909443524
M5,966,defect_pressure,0.042766992048034476
M1,967,tool_wear,7.218119143016471
M2,967,calibration_offset,7.440132508452399
M3,967,component_condition,1.36833499524558
M4,967,bearing_degradation,4.853095448143141
M4,967,vibration,2.430723546697624
M4,967,temperature,52.201364258172575
M4,967,motor_current,6.629950146829372
M5,967,machine_health,1.316776236680088
M5,967,defect_pressure,0.042787754270194184
M1,968,tool_wear,7.359719336331838
M2,968,calibration_offset,7.584802580787438
M3,968,component_condition,1.394032823138857
M4,968,bearing_degradation,4.93533119821525
M4,968,vibration,2.4994774503103105
M4,968,temperature,52.30930950558661
M4,968,motor_current,6.762138998159275
M5,968,machine_health,1.3301687185407194
M5,968,defect_pressure,0.04280727075902431
M1,969,tool_wear,7.425880121580182
M2,969,calibration_offset,7.6617312018147175
M3,969,component_condition,1.4108822742635736
M4,969,bearing_degradation,4.9967903663499476
M4,969,vibration,2.530278323644018
M4,969,temperature,52.384941574669554
M4,969,motor_current,6.665316946118868
M5,969,machine_health,1.3510219041834508
M5,969,defect_pressure,0.04282561625852463
M1,970,tool_wear,7.489418875470344
M2,970,calibration_offset,7.759956793280358
M3,970,component_condition,1.4310897823961508
M4,970,bearing_degradation,5.03395113562792
M4,970,vibration,2.480146770998809
M4,970,temperature,52.593707688755714
M4,970,motor_current,6.725149679307481
M5,970,machine_health,1.367784219616642
M5,970,defect_pressure,0.04284286102805493
M1,971,tool_wear,7.629198120452329
M2,971,calibration_offset,7.891352335604563
M3,971,component_condition,1.4458702951322242
M4,971,bearing_degradation,5.093503860660374
M4,971,vibration,2.508891187621573
M4,971,temperature,52.632265727413234
M4,971,motor_current,6.858679738813044
M5,971,machine_health,1.3875924268393782
M5,971,defect_pressure,0.04285907111141341
M1,972,tool_wear,7.732468448067749
M2,972,calibration_offset,8.023321295209099
M3,972,component_condition,1.471612752391013
M4,972,bearing_degradation,5.167315726611039
M4,972,vibration,2.5801195869295603
M4,972,temperature,52.882703337224804
M4,972,motor_current,6.844600329010644
M5,972,machine_health,1.4125955233152767
M5,972,defect_pressure,0.042874308589770385
M1,973,tool_wear,7.806954441938855
M2,973,calibration_offset,8.149478969266506
M3,973,component_condition,1.4938784802676757
M4,973,bearing_degradation,5.233859199966158
M4,973,vibration,2.6193992028331428
M4,973,temperature,53.192277445770195
M4,973,motor_current,6.8621459375739695
M5,973,machine_health,1.4236879540450575
M5,973,defect_pressure,0.04288863181942594
M1,974,tool_wear,7.881335142529076
M2,974,calibration_offset,8.225032978416554
M3,974,component_condition,1.5106006731920878
M4,974,bearing_degradation,5.325950288602262
M4,974,vibration,2.643124676422599
M4,974,temperature,53.17098626046819
M4,974,motor_current,6.916717478132739
M5,974,machine_health,1.4517463335097187
M5,974,defect_pressure,0.04290209565530216
M1,975,tool_wear,7.996054083336764
M2,975,calibration_offset,8.314915001897695
M3,975,component_condition,1.538518011975245
M4,975,bearing_degradation,5.429674003186119
M4,975,vibration,2.6949657720905593
M4,975,temperature,53.69310310114019
M4,975,motor_current,6.810016058949782
M5,975,machine_health,1.4726052652011556
M5,975,defect_pressure,0.04291475166102581
M1,976,tool_wear,8.089744419003182
M2,976,calibration_offset,8.391206612374225
M3,976,component_condition,1.55580654820195
M4,976,bearing_degradation,5.510393150106395
M4,976,vibration,2.6978295158581247
M4,976,temperature,54.06817912323233
M4,976,motor_current,6.839194272640376
M5,976,machine_health,1.4954326015856616
M5,976,defect_pressure,0.042926648306406044
M1,977,tool_wear,8.214774287698637
M2,977,calibration_offset,8.547545950211209
M3,977,component_condition,1.5778418370441594
M4,977,bearing_degradation,5.582018411504106
M4,977,vibration,2.7174258953730064
M4,977,temperature,54.35150251550773
M4,977,motor_current,6.900132164447059
M5,977,machine_health,1.5121496879028782
M5,977,defect_pressure,0.04293783115306346
M1,978,tool_wear,8.279209505828934
M2,978,calibration_offset,8.665660741708535
M3,978,component_condition,1.6059081303954832
M4,978,bearing_degradation,5.651443990108492
M4,978,vibration,2.783905425630162
M4,978,temperature,54.651779107550745
M4,978,motor_current,6.932325181254051
M5,978,machine_health,1.531933287133819
M5,978,defect_pressure,0.042948343028921435
M1,979,tool_wear,8.385539383808975
M2,979,calibration_offset,8.733270847291871
M3,979,component_condition,1.6288766090309148
M4,979,bearing_degradation,5.72097454074788
M4,979,vibration,2.7882250054301982
M4,979,temperature,55.18884596254027
M4,979,motor_current,7.091764389909034
M5,979,machine_health,1.5484466217793809
M5,979,defect_pressure,0.04295822419222793
M1,980,tool_wear,8.481136376071603
M2,980,calibration_offset,8.880406581415093
M3,980,component_condition,1.638995278965836
M4,980,bearing_degradation,5.8087923080365576
M4,980,vibration,2.7880815028172727
M4,980,temperature,55.6340273201833
M4,980,motor_current,7.061742170547952
M5,980,machine_health,1.570999115797842
M5,980,defect_pressure,0.042967512485736034
M1,981,tool_wear,8.572505574715908
M2,981,calibration_offset,8.971482750952335
M3,981,component_condition,1.661282911760971
M4,981,bearing_degradation,5.867705432409271
M4,981,vibration,2.7999686569095115
M4,981,temperature,55.767989331301735
M4,981,motor_current,7.1397930652592185
M5,981,machine_health,1.5986989880657425
M5,981,defect_pressure,0.042976243481633654
M1,982,tool_wear,8.659243761906136
M2,982,calibration_offset,9.085951560295733
M3,982,component_condition,1.6776136663876702
M4,982,bearing_degradation,5.9574888876446614
M4,982,vibration,2.899376565582893
M4,982,temperature,56.08836205019352
M4,982,motor_current,7.0814317901010835
M5,982,machine_health,1.6257300104067298
M5,982,defect_pressure,0.04298445061777741
M1,983,tool_wear,8.771154835670888
M2,983,calibration_offset,9.153576716730358
M3,983,component_condition,1.6997326698478243
M4,983,bearing_degradation,6.015473902307566
M4,983,vibration,2.905516004333537
M4,983,temperature,56.53385863195508
M4,983,motor_current,7.1965469508559545
M5,983,machine_health,1.6403793912110651
M5,983,defect_pressure,0.04299216532575255
M1,984,tool_wear,8.859429902822164
M2,984,calibration_offset,9.275640411942433
M3,984,component_condition,1.7260211411894073
M4,984,bearing_degradation,6.10573070955577
M4,984,vibration,2.945600166054771
M4,984,temperature,56.75907638588357
M4,984,motor_current,7.047523120387394
M5,984,machine_health,1.6675630290132786
M5,984,defect_pressure,0.04299941715124918
M1,985,tool_wear,8.968522583768602
M2,985,calibration_offset,9.389402872017168
M3,985,component_condition,1.7518197956105248
M4,985,bearing_degradation,6.177436993621645
M4,985,vibration,3.005222010307994
M4,985,temperature,56.703088541861966
M4,985,motor_current,7.221035378626368
M5,985,machine_health,1.689803047764416
M5,985,defect_pressure,0.043006233867216005
M1,986,tool_wear,9.089894048750072
M2,986,calibration_offset,9.492127591640338
M3,986,component_condition,1.7719371415810985
M4,986,bearing_degradation,6.22483515342913
M4,986,vibration,2.992768530715308
M4,986,temperature,57.082370794544694
M4,986,motor_current,7.121782959091324
M5,986,machine_health,1.7149969477204141
M5,986,defect_pressure,0.043012641580224824
M1,987,tool_wear,9.230404269009036
M2,987,calibration_offset,9.624666716256232
M3,987,component_condition,1.794899500041515
M4,987,bearing_degradation,6.281843855275296
M4,987,vibration,3.001581235965376
M4,987,temperature,57.219925449799774
M4,987,motor_current,7.113357555141897
M5,987,machine_health,1.7367658242732247
M5,987,defect_pressure,0.043018664830453114
M1,988,tool_wear,9.369443736933714
M2,988,calibration_offset,9.743027937870337
M3,988,component_condition,1.8190167412594402
M4,988,bearing_degradation,6.326883158131835
M4,988,vibration,2.9975277038666945
M4,988,temperature,57.12334136522764
M4,988,motor_current,7.294839943076725
M5,988,machine_health,1.763327994458591
M5,988,defect_pressure,0.043024326685667705
M1,989,tool_wear,9.51649665296096
M2,989,calibration_offset,9.898061484537177
M3,989,component_condition,1.842652403683687
M4,989,bearing_degradation,6.387988407404742
M4,989,vibration,3.0636865129890785
M4,989,temperature,57.03471628153334
M4,989,motor_current,7.202210991027926
M5,989,machine_health,1.78967694746873
M5,989,defect_pressure,0.043029648829569424
M1,990,tool_wear,9.594857430246929
M2,990,calibration_offset,10.009161163730612
M3,990,component_condition,1.8532791528972217
M4,990,bearing_degradation,6.464386926307666
M4,990,vibration,3.0386534635324427
M4,990,temperature,57.31458680407324
M4,990,motor_current,7.33023592927241
M5,990,machine_health,1.8115264404200022
M5,990,defect_pressure,0.04303465164483704
M1,991,tool_wear,9.731838720428454
M2,991,calibration_offset,10.154206391066838
M3,991,component_condition,1.8759477935228608
M4,991,bearing_degradation,6.545761818392958
M4,991,vibration,3.1010774230253904
M4,991,temperature,57.472433330480605
M4,991,motor_current,7.370428130111993
M5,991,machine_health,1.8406219914685065
M5,991,defect_pressure,0.043039354291188596
M1,992,tool_wear,9.853717761926005
M2,992,calibration_offset,10.29690737923153
M3,992,component_condition,1.8921896318410025
M4,992,bearing_degradation,6.6072744197838045
M4,992,vibration,3.156243626097781
M4,992,temperature,57.89526304396019
M4,992,motor_current,7.27196377756178
M5,992,machine_health,1.864028392785122
M5,992,defect_pressure,0.04304377477875906
M1,993,tool_wear,9.99049142151649
M2,993,calibration_offset,10.41903758814874
M3,993,component_condition,1.906735679985773
M4,993,bearing_degradation,6.6991463363120225
M4,993,vibration,3.2040366275392946
M4,993,temperature,58.17008061590935
M4,993,motor_current,7.352584856259901
M5,993,machine_health,1.8852322438698066
M5,993,defect_pressure,0.04304793003707529
M1,994,tool_wear,10.105513194286253
M2,994,calibration_offset,10.479807368444211
M3,994,component_condition,1.9299722657793352
M4,994,bearing_degradation,6.799623094563318
M4,994,vibration,3.256108161959464
M4,994,temperature,58.26428524540913
M4,994,motor_current,7.311279859916989
M5,994,machine_health,1.9088767714039263
M5,994,defect_pressure,0.04305183597989255
M1,995,tool_wear,10.171113369824955
M2,995,calibration_offset,10.543602341468198
M3,995,component_condition,1.9588060499481743
M4,995,bearing_degradation,6.868797793042672
M4,995,vibration,3.2425814586740813
M4,995,temperature,58.397391422733946
M4,995,motor_current,7.495610522442675
M5,995,machine_health,1.9221339372366828
M5,995,defect_pressure,0.04305550756614078
M1,996,tool_wear,10.269369505450396
M2,996,calibration_offset,10.620300129691099
M3,996,component_condition,1.9847150691117261
M4,996,bearing_degradation,6.915264749494274
M4,996,vibration,3.2201206768005837
M4,996,temperature,58.432279046484396
M4,996,motor_current,7.410999591590528
M5,996,machine_health,1.9496454645700372
M5,996,defect_pressure,0.043058958857214114
M1,997,tool_wear,10.332583490862929
M2,997,calibration_offset,10.728217064430643
M3,997,component_condition,2.012121144681723
M4,997,bearing_degradation,6.974696059372246
M4,997,vibration,3.3357069865633457
M4,997,temperature,58.43135699952711
M4,997,motor_current,7.4698718953560315
M5,997,machine_health,1.9690699311881121
M5,997,defect_pressure,0.04306220307082305
M1,998,tool_wear,10.472647616424124
M2,998,calibration_offset,10.849005028817999
M3,998,component_condition,2.035357576641505
M4,998,bearing_degradation,7.047076220774571
M4,998,vibration,3.292526124568644
M4,998,temperature,58.84867705227794
M4,998,motor_current,7.461164250838754
M5,998,machine_health,1.9930042031951727
M5,998,defect_pressure,0.043065252631615446
M1,999,tool_wear,10.591074652041408
M2,999,calibration_offset,10.999363327348163
M3,999,component_condition,2.0611792910720657
M4,999,bearing_degradation,7.141627368695593
M4,999,vibration,3.336112777446728
M4,999,temperature,58.810822213288425
M4,999,motor_current,7.45890101426707
M5,999,machine_health,2.0223466267602674
M5,999,defect_pressure,0.043068119218760297
M1,1000,tool_wear,0.0
M2,1000,calibration_offset,0.0
M3,1000,component_condition,0.0
M4,1000,bearing_degradation,7.233533707831716
M4,1000,vibration,3.4112676861117626
M4,1000,temperature,59.33324505435713
M4,1000,motor_current,7.521604009628187
M5,1000,machine_health,0.0
M5,1000,defect_pressure,0.043070813810676456
